[20:55:54] [main/INFO] [GradleStart]: userProperties: {}
[20:55:54] [main/INFO] [GradleStart]: assetsDir: /home/ikuku/.gradle/caches/retro_futura_gradle/assets
[20:55:54] [main/INFO] [GradleStart]: assetIndex: 1.12.2
[20:55:54] [main/INFO] [GradleStart]: version: FML_DEV
[20:55:54] [main/INFO] [GradleStart]: username: Developer
[20:55:54] [main/INFO] [GradleStart]: Extra: [--gameDir, /home/ikuku/desktop/PeerCraft/peercraft-forge-1122/run, --uuid, 31c4910d-9b69-4725-8969-9ed53ac8a7dc]
[20:55:54] [main/INFO] [GradleStart]: Found and added coremod: net.peercraft.forge1122.PeerCraftCoreMod
[20:55:54] [main/INFO] [GradleStart]: Found and added coremod: zone.rong.mixinbooter.MixinBooterPlugin
[20:55:54] [main/INFO] [GradleStart]: Found and added cascading tweaker: org.spongepowered.asm.launch.MixinTweaker
[20:55:54] [main/INFO] [GradleStart]: Running with arguments: [--userProperties, {}, --assetsDir, /home/ikuku/.gradle/caches/retro_futura_gradle/assets, --assetIndex, 1.12.2, --accessToken{REDACTED}, --version, FML_DEV, --username, Developer, --tweakClass, net.minecraftforge.fml.common.launcher.FMLTweaker, --gameDir, /home/ikuku/desktop/PeerCraft/peercraft-forge-1122/run, --uuid, 31c4910d-9b69-4725-8969-9ed53ac8a7dc, --tweakClass, org.spongepowered.asm.launch.MixinTweaker, --tweakClass, net.minecraftforge.gradle.tweakers.CoremodTweaker]
[20:55:54] [main/INFO] [LaunchWrapper]: Loading tweak class name net.minecraftforge.fml.common.launcher.FMLTweaker
[20:55:54] [main/INFO] [LaunchWrapper]: Using primary tweak class name net.minecraftforge.fml.common.launcher.FMLTweaker
[20:55:54] [main/INFO] [LaunchWrapper]: Loading tweak class name org.spongepowered.asm.launch.MixinTweaker
[20:55:54] [main/DEBUG] [mixin]: Catching java.util.ServiceConfigurationError:org.spongepowered.asm.service.IMixinServiceBootstrap: Provider org.spongepowered.asm.service.modlauncher.MixinServiceModLauncherBootstrap not found initialising service
java.util.ServiceConfigurationError: org.spongepowered.asm.service.IMixinServiceBootstrap: Provider org.spongepowered.asm.service.modlauncher.MixinServiceModLauncherBootstrap not found
	at java.util.ServiceLoader.fail(ServiceLoader.java:239) ~[?:1.8.0_504]
	at java.util.ServiceLoader.access$300(ServiceLoader.java:185) ~[?:1.8.0_504]
	at java.util.ServiceLoader$LazyIterator.nextService(ServiceLoader.java:372) ~[?:1.8.0_504]
	at java.util.ServiceLoader$LazyIterator.access$700(ServiceLoader.java:323) ~[?:1.8.0_504]
	at java.util.ServiceLoader$LazyIterator$2.run(ServiceLoader.java:407) ~[?:1.8.0_504]
	at java.security.AccessController.doPrivileged(Native Method) ~[?:1.8.0_504]
	at java.util.ServiceLoader$LazyIterator.next(ServiceLoader.java:409) ~[?:1.8.0_504]
	at java.util.ServiceLoader$1.next(ServiceLoader.java:480) ~[?:1.8.0_504]
	at org.spongepowered.asm.service.MixinService.runBootServices(MixinService.java:166) ~[mixinbooter-8.9.jar:?]
	at org.spongepowered.asm.service.MixinService.<init>(MixinService.java:143) ~[mixinbooter-8.9.jar:?]
	at org.spongepowered.asm.service.MixinService.getInstance(MixinService.java:184) [mixinbooter-8.9.jar:?]
	at org.spongepowered.asm.service.MixinService.boot(MixinService.java:194) [mixinbooter-8.9.jar:?]
	at org.spongepowered.asm.launch.MixinBootstrap.<clinit>(MixinBootstrap.java:87) [mixinbooter-8.9.jar:?]
	at org.spongepowered.asm.launch.MixinTweaker.<init>(MixinTweaker.java:46) [mixinbooter-8.9.jar:?]
	at sun.reflect.NativeConstructorAccessorImpl.newInstance0(Native Method) ~[?:1.8.0_504]
	at sun.reflect.NativeConstructorAccessorImpl.newInstance(NativeConstructorAccessorImpl.java:62) [?:1.8.0_504]
	at sun.reflect.DelegatingConstructorAccessorImpl.newInstance(DelegatingConstructorAccessorImpl.java:45) [?:1.8.0_504]
	at java.lang.reflect.Constructor.newInstance(Constructor.java:423) [?:1.8.0_504]
	at java.lang.Class.newInstance(Class.java:442) [?:1.8.0_504]
	at net.minecraft.launchwrapper.Launch.launch(Launch.java:98) [launchwrapper-1.12.jar:?]
	at net.minecraft.launchwrapper.Launch.main(Launch.java:28) [launchwrapper-1.12.jar:?]
	at sun.reflect.NativeMethodAccessorImpl.invoke0(Native Method) ~[?:1.8.0_504]
	at sun.reflect.NativeMethodAccessorImpl.invoke(NativeMethodAccessorImpl.java:62) ~[?:1.8.0_504]
	at sun.reflect.DelegatingMethodAccessorImpl.invoke(DelegatingMethodAccessorImpl.java:43) ~[?:1.8.0_504]
	at java.lang.reflect.Method.invoke(Method.java:498) ~[?:1.8.0_504]
	at net.minecraftforge.gradle.GradleStartCommon.launch(GradleStartCommon.java:87) [mclauncher-1.12.2.jar:?]
	at GradleStart.main(GradleStart.java:19) [mclauncher-1.12.2.jar:?]
[20:55:54] [main/DEBUG] [mixin]: MixinService [LaunchWrapper] was successfully booted in sun.misc.Launcher$AppClassLoader@33909752
[20:55:54] [main/DEBUG] [mixin]: FML platform agent will ignore coremod net.peercraft.forge1122.PeerCraftCoreMod specified on the command line
[20:55:54] [main/DEBUG] [mixin]: FML platform agent will ignore coremod zone.rong.mixinbooter.MixinBooterPlugin specified on the command line
[20:55:54] [main/INFO] [mixin]: SpongePowered MIXIN Subsystem Version=0.8.5 Source=file:/home/ikuku/.gradle/caches/modules-2/files-2.1/zone.rong/mixinbooter/8.9/dfa664921d299a4e06a3cd65222a30fce2675e49/mixinbooter-8.9.jar Service=LaunchWrapper Env=CLIENT
[20:55:54] [main/INFO] [mixin]: Attempting to load Hot-Swap agent
[20:55:54] [main/INFO] [mixin]: Attempting to load Fernflower decompiler (Threaded mode)
[20:55:54] [main/INFO] [mixin]: Fernflower could not be loaded, exported classes will not be decompiled. NoClassDefFoundError: org/jetbrains/java/decompiler/main/extern/IResultSaver
[20:55:54] [main/DEBUG] [mixin]: Adding new mixin transformer proxy #1
[20:55:54] [main/DEBUG] [mixin]: Initialising Mixin Platform Manager
[20:55:54] [main/DEBUG] [mixin]: Adding mixin platform agents for container ContainerHandleURI(file:/home/ikuku/.gradle/caches/modules-2/files-2.1/zone.rong/mixinbooter/8.9/dfa664921d299a4e06a3cd65222a30fce2675e49/mixinbooter-8.9.jar)
[20:55:54] [main/DEBUG] [mixin]: Instancing new MixinPlatformAgentFMLLegacy for ContainerHandleURI(file:/home/ikuku/.gradle/caches/modules-2/files-2.1/zone.rong/mixinbooter/8.9/dfa664921d299a4e06a3cd65222a30fce2675e49/mixinbooter-8.9.jar)
[20:55:54] [main/DEBUG] [mixin]: mixinbooter-8.9.jar has core plugin zone.rong.mixinbooter.MixinBooterPlugin. Skipping because it was already injected.
[20:55:54] [main/DEBUG] [mixin]: MixinPlatformAgentFMLLegacy rejected container ContainerHandleURI(file:/home/ikuku/.gradle/caches/modules-2/files-2.1/zone.rong/mixinbooter/8.9/dfa664921d299a4e06a3cd65222a30fce2675e49/mixinbooter-8.9.jar)
[20:55:54] [main/DEBUG] [mixin]: Instancing new MixinPlatformAgentLiteLoaderLegacy for ContainerHandleURI(file:/home/ikuku/.gradle/caches/modules-2/files-2.1/zone.rong/mixinbooter/8.9/dfa664921d299a4e06a3cd65222a30fce2675e49/mixinbooter-8.9.jar)
[20:55:54] [main/DEBUG] [mixin]: MixinPlatformAgentLiteLoaderLegacy rejected container ContainerHandleURI(file:/home/ikuku/.gradle/caches/modules-2/files-2.1/zone.rong/mixinbooter/8.9/dfa664921d299a4e06a3cd65222a30fce2675e49/mixinbooter-8.9.jar)
[20:55:54] [main/DEBUG] [mixin]: Instancing new MixinPlatformAgentDefault for ContainerHandleURI(file:/home/ikuku/.gradle/caches/modules-2/files-2.1/zone.rong/mixinbooter/8.9/dfa664921d299a4e06a3cd65222a30fce2675e49/mixinbooter-8.9.jar)
[20:55:54] [main/DEBUG] [mixin]: MixinPlatformAgentDefault accepted container ContainerHandleURI(file:/home/ikuku/.gradle/caches/modules-2/files-2.1/zone.rong/mixinbooter/8.9/dfa664921d299a4e06a3cd65222a30fce2675e49/mixinbooter-8.9.jar)
[20:55:54] [main/DEBUG] [org.spongepowered.asm.service.mojang.MixinServiceLaunchWrapper]: Scanning file:/home/ikuku/.gradle/caches/modules-2/files-2.1/org.lwjgl.lwjgl/lwjgl/2.9.4-nightly-20150209/697517568c68e78ae0b4544145af031c81082dfe/lwjgl-2.9.4-nightly-20150209.jar for mixin tweaker
[20:55:54] [main/DEBUG] [org.spongepowered.asm.service.mojang.MixinServiceLaunchWrapper]: Scanning file:/home/ikuku/.gradle/caches/modules-2/files-2.1/org.lwjgl.lwjgl/lwjgl_util/2.9.4-nightly-20150209/d51a7c040a721d13efdfbd34f8b257b2df882ad0/lwjgl_util-2.9.4-nightly-20150209.jar for mixin tweaker
[20:55:54] [main/DEBUG] [org.spongepowered.asm.service.mojang.MixinServiceLaunchWrapper]: Scanning file:/home/ikuku/.gradle/caches/modules-2/files-2.1/org.lwjgl.lwjgl/lwjgl-platform/2.9.4-nightly-20150209/931074f46c795d2f7b30ed6395df5715cfd7675b/lwjgl-platform-2.9.4-nightly-20150209-natives-linux.jar for mixin tweaker
[20:55:54] [main/DEBUG] [org.spongepowered.asm.service.mojang.MixinServiceLaunchWrapper]: Scanning file:/home/ikuku/desktop/PeerCraft/peercraft-forge-1122/build/rfg/mclauncher-1.12.2.jar for mixin tweaker
[20:55:54] [main/DEBUG] [org.spongepowered.asm.service.mojang.MixinServiceLaunchWrapper]: Scanning file:/home/ikuku/desktop/PeerCraft/peercraft-forge-1122/build/rfg/recompiled_minecraft-1.12.2.jar for mixin tweaker
[20:55:54] [main/DEBUG] [org.spongepowered.asm.service.mojang.MixinServiceLaunchWrapper]: Scanning file:/home/ikuku/.gradle/caches/modules-2/files-2.1/net.minecraft/launchwrapper/1.12/111e7bea9c968cdb3d06ef4632bf7ff0824d0f36/launchwrapper-1.12.jar for mixin tweaker
[20:55:54] [main/DEBUG] [org.spongepowered.asm.service.mojang.MixinServiceLaunchWrapper]: Scanning file:/home/ikuku/.gradle/caches/modules-2/files-2.1/com.mojang/authlib/1.5.25/9834cdf236c22e84b946bba989e2f94ef5897c3c/authlib-1.5.25.jar for mixin tweaker
[20:55:54] [main/DEBUG] [org.spongepowered.asm.service.mojang.MixinServiceLaunchWrapper]: Scanning file:/home/ikuku/.gradle/caches/modules-2/files-2.1/com.google.code.findbugs/jsr305/2.0.1/516c03b21d50a644d538de0f0369c620989cd8f0/jsr305-2.0.1.jar for mixin tweaker
[20:55:54] [main/DEBUG] [org.spongepowered.asm.service.mojang.MixinServiceLaunchWrapper]: Scanning file:/home/ikuku/.gradle/caches/modules-2/files-2.1/com.typesafe.akka/akka-actor_2.11/2.3.3/ed62e9fc709ca0f2ff1a3220daa8b70a2870078e/akka-actor_2.11-2.3.3.jar for mixin tweaker
[20:55:54] [main/DEBUG] [org.spongepowered.asm.service.mojang.MixinServiceLaunchWrapper]: Scanning file:/home/ikuku/.gradle/caches/modules-2/files-2.1/com.typesafe/config/1.2.1/f771f71fdae3df231bcd54d5ca2d57f0bf93f467/config-1.2.1.jar for mixin tweaker
[20:55:54] [main/DEBUG] [org.spongepowered.asm.service.mojang.MixinServiceLaunchWrapper]: Scanning file:/home/ikuku/.gradle/caches/modules-2/files-2.1/org.scala-lang/scala-actors-migration_2.11/1.1.0/dfa8bc42b181d5b9f1a5dd147f8ae308b893eb6f/scala-actors-migration_2.11-1.1.0.jar for mixin tweaker
[20:55:54] [main/DEBUG] [org.spongepowered.asm.service.mojang.MixinServiceLaunchWrapper]: Scanning file:/home/ikuku/.gradle/caches/modules-2/files-2.1/org.scala-lang/scala-compiler/2.11.5/eb2631e425d240f55ffc060c3262caa4d05d8d1a/scala-compiler-2.11.5.jar for mixin tweaker
[20:55:54] [main/DEBUG] [org.spongepowered.asm.service.mojang.MixinServiceLaunchWrapper]: Scanning file:/home/ikuku/.gradle/caches/modules-2/files-2.1/org.scala-lang.plugins/scala-continuations-library_2.11/1.0.2/e517c53a7e9acd6b1668c5a35eccbaa3bab9aac/scala-continuations-library_2.11-1.0.2.jar for mixin tweaker
[20:55:54] [main/DEBUG] [org.spongepowered.asm.service.mojang.MixinServiceLaunchWrapper]: Scanning file:/home/ikuku/.gradle/caches/modules-2/files-2.1/org.scala-lang.plugins/scala-continuations-plugin_2.11.1/1.0.2/f361a3283452c57fa30c1ee69448995de23c60f7/scala-continuations-plugin_2.11.1-1.0.2.jar for mixin tweaker
[20:55:54] [main/DEBUG] [org.spongepowered.asm.service.mojang.MixinServiceLaunchWrapper]: Scanning file:/home/ikuku/.gradle/caches/modules-2/files-2.1/org.scala-lang/scala-library/2.11.5/a5544bb030c5e6c3d81ad116b7dc5024f047df26/scala-library-2.11.5.jar for mixin tweaker
[20:55:54] [main/DEBUG] [org.spongepowered.asm.service.mojang.MixinServiceLaunchWrapper]: Scanning file:/home/ikuku/.gradle/caches/modules-2/files-2.1/org.scala-lang/scala-parser-combinators_2.11/1.0.1/f05d7345bf5a58924f2837c6c1f4d73a938e1ff0/scala-parser-combinators_2.11-1.0.1.jar for mixin tweaker
[20:55:54] [main/DEBUG] [org.spongepowered.asm.service.mojang.MixinServiceLaunchWrapper]: Scanning file:/home/ikuku/.gradle/caches/modules-2/files-2.1/org.scala-lang/scala-reflect/2.11.5/69ce65b0f0767c4e5eafaf789fdde7aab78bd9d/scala-reflect-2.11.5.jar for mixin tweaker
[20:55:54] [main/DEBUG] [org.spongepowered.asm.service.mojang.MixinServiceLaunchWrapper]: Scanning file:/home/ikuku/.gradle/caches/modules-2/files-2.1/org.scala-lang/scala-swing_2.11/1.0.1/b1cdd92bd47b1e1837139c1c53020e86bb9112ae/scala-swing_2.11-1.0.1.jar for mixin tweaker
[20:55:54] [main/DEBUG] [org.spongepowered.asm.service.mojang.MixinServiceLaunchWrapper]: Scanning file:/home/ikuku/.gradle/caches/modules-2/files-2.1/org.scala-lang/scala-xml_2.11/1.0.2/7a80ec00aec122fba7cd4e0d4cdd87ff7e4cb6d0/scala-xml_2.11-1.0.2.jar for mixin tweaker
[20:55:54] [main/DEBUG] [org.spongepowered.asm.service.mojang.MixinServiceLaunchWrapper]: Scanning file:/home/ikuku/.gradle/caches/modules-2/files-2.1/lzma/lzma/0.0.1/521616dc7487b42bef0e803bd2fa3faf668101d7/lzma-0.0.1.jar for mixin tweaker
[20:55:54] [main/DEBUG] [org.spongepowered.asm.service.mojang.MixinServiceLaunchWrapper]: Scanning file:/home/ikuku/.gradle/caches/modules-2/files-2.1/org.ow2.asm/asm-debug-all/5.2/3354e11e2b34215f06dab629ab88e06aca477c19/asm-debug-all-5.2.jar for mixin tweaker
[20:55:54] [main/DEBUG] [org.spongepowered.asm.service.mojang.MixinServiceLaunchWrapper]: Scanning file:/home/ikuku/.gradle/caches/modules-2/files-2.1/org.jline/jline/3.5.1/51800e9d7a13608894a5a28eed0f5c7fa2f300fb/jline-3.5.1.jar for mixin tweaker
[20:55:54] [main/DEBUG] [org.spongepowered.asm.service.mojang.MixinServiceLaunchWrapper]: Scanning file:/home/ikuku/.gradle/caches/modules-2/files-2.1/java3d/vecmath/1.5.2/79846ba34cbd89e2422d74d53752f993dcc2ccaf/vecmath-1.5.2.jar for mixin tweaker
[20:55:54] [main/DEBUG] [org.spongepowered.asm.service.mojang.MixinServiceLaunchWrapper]: Scanning file:/home/ikuku/.gradle/caches/modules-2/files-2.1/net.sf.trove4j/trove4j/3.0.3/42ccaf4761f0dfdfa805c9e340d99a755907e2dd/trove4j-3.0.3.jar for mixin tweaker
[20:55:54] [main/DEBUG] [org.spongepowered.asm.service.mojang.MixinServiceLaunchWrapper]: Scanning file:/home/ikuku/.gradle/caches/modules-2/files-2.1/org.apache.maven/maven-artifact/3.5.3/7dc72b6d6d8a6dced3d294ed54c2cc3515ade9f4/maven-artifact-3.5.3.jar for mixin tweaker
[20:55:54] [main/DEBUG] [org.spongepowered.asm.service.mojang.MixinServiceLaunchWrapper]: Scanning file:/home/ikuku/.gradle/caches/modules-2/files-2.1/com.paulscode/codecjorbis/20101023/c73b5636faf089d9f00e8732a829577de25237ee/codecjorbis-20101023.jar for mixin tweaker
[20:55:54] [main/DEBUG] [org.spongepowered.asm.service.mojang.MixinServiceLaunchWrapper]: Scanning file:/home/ikuku/.gradle/caches/modules-2/files-2.1/com.paulscode/codecwav/20101023/12f031cfe88fef5c1dd36c563c0a3a69bd7261da/codecwav-20101023.jar for mixin tweaker
[20:55:54] [main/DEBUG] [org.spongepowered.asm.service.mojang.MixinServiceLaunchWrapper]: Scanning file:/home/ikuku/.gradle/caches/modules-2/files-2.1/com.paulscode/libraryjavasound/20101123/5c5e304366f75f9eaa2e8cca546a1fb6109348b3/libraryjavasound-20101123.jar for mixin tweaker
[20:55:54] [main/DEBUG] [org.spongepowered.asm.service.mojang.MixinServiceLaunchWrapper]: Scanning file:/home/ikuku/.gradle/caches/modules-2/files-2.1/com.paulscode/librarylwjglopenal/20100824/73e80d0794c39665aec3f62eee88ca91676674ef/librarylwjglopenal-20100824.jar for mixin tweaker
[20:55:54] [main/DEBUG] [org.spongepowered.asm.service.mojang.MixinServiceLaunchWrapper]: Scanning file:/home/ikuku/.gradle/caches/modules-2/files-2.1/com.paulscode/soundsystem/20120107/419c05fe9be71f792b2d76cfc9b67f1ed0fec7f6/soundsystem-20120107.jar for mixin tweaker
[20:55:54] [main/DEBUG] [org.spongepowered.asm.service.mojang.MixinServiceLaunchWrapper]: Scanning file:/home/ikuku/.gradle/caches/modules-2/files-2.1/com.mojang/patchy/1.3.9/eb8bb7b66fa0e2152b1b40b3856e82f7619439ee/patchy-1.3.9.jar for mixin tweaker
[20:55:54] [main/DEBUG] [org.spongepowered.asm.service.mojang.MixinServiceLaunchWrapper]: Scanning file:/home/ikuku/.gradle/caches/modules-2/files-2.1/oshi-project/oshi-core/1.1/9ddf7b048a8d701be231c0f4f95fd986198fd2d8/oshi-core-1.1.jar for mixin tweaker
[20:55:54] [main/DEBUG] [org.spongepowered.asm.service.mojang.MixinServiceLaunchWrapper]: Scanning file:/home/ikuku/.gradle/caches/modules-2/files-2.1/com.mojang/text2speech/1.10.3/48fd510879dff266c3815947de66e3d4809f8668/text2speech-1.10.3.jar for mixin tweaker
[20:55:54] [main/DEBUG] [org.spongepowered.asm.service.mojang.MixinServiceLaunchWrapper]: Scanning file:/home/ikuku/.gradle/caches/modules-2/files-2.1/com.mojang/text2speech/1.10.3/ab7896aec3b3dd272b06194357f2d98f832c0cfc/text2speech-1.10.3-natives-linux.jar for mixin tweaker
[20:55:54] [main/DEBUG] [org.spongepowered.asm.service.mojang.MixinServiceLaunchWrapper]: Scanning file:/home/ikuku/.gradle/caches/modules-2/files-2.1/ca.weblite/java-objc-bridge/1.0.0/6ef160c3133a78de015830860197602ca1c855d3/java-objc-bridge-1.0.0.jar for mixin tweaker
[20:55:54] [main/DEBUG] [org.spongepowered.asm.service.mojang.MixinServiceLaunchWrapper]: Scanning file:/home/ikuku/.gradle/caches/modules-2/files-2.1/net.java.dev.jna/jna/4.4.0/cb208278274bf12ebdb56c61bd7407e6f774d65a/jna-4.4.0.jar for mixin tweaker
[20:55:54] [main/DEBUG] [org.spongepowered.asm.service.mojang.MixinServiceLaunchWrapper]: Scanning file:/home/ikuku/.gradle/caches/modules-2/files-2.1/net.java.dev.jna/platform/3.4.0/e3f70017be8100d3d6923f50b3d2ee17714e9c13/platform-3.4.0.jar for mixin tweaker
[20:55:54] [main/DEBUG] [org.spongepowered.asm.service.mojang.MixinServiceLaunchWrapper]: Scanning file:/home/ikuku/.gradle/caches/modules-2/files-2.1/com.ibm.icu/icu4j-core-mojang/51.2/63d216a9311cca6be337c1e458e587f99d382b84/icu4j-core-mojang-51.2.jar for mixin tweaker
[20:55:54] [main/DEBUG] [org.spongepowered.asm.service.mojang.MixinServiceLaunchWrapper]: Scanning file:/home/ikuku/.gradle/caches/modules-2/files-2.1/net.sf.jopt-simple/jopt-simple/5.0.3/cdd846cfc4e0f7eefafc02c0f5dce32b9303aa2a/jopt-simple-5.0.3.jar for mixin tweaker
[20:55:54] [main/DEBUG] [org.spongepowered.asm.service.mojang.MixinServiceLaunchWrapper]: Scanning file:/home/ikuku/.gradle/caches/modules-2/files-2.1/io.netty/netty-all/4.1.9.Final/97860965d6a0a6b98e7f569f3f966727b8db75/netty-all-4.1.9.Final.jar for mixin tweaker
[20:55:54] [main/DEBUG] [org.spongepowered.asm.service.mojang.MixinServiceLaunchWrapper]: Scanning file:/home/ikuku/.gradle/caches/modules-2/files-2.1/com.google.guava/guava/21.0/3a3d111be1be1b745edfa7d91678a12d7ed38709/guava-21.0.jar for mixin tweaker
[20:55:54] [main/DEBUG] [org.spongepowered.asm.service.mojang.MixinServiceLaunchWrapper]: Scanning file:/home/ikuku/.gradle/caches/modules-2/files-2.1/org.apache.commons/commons-lang3/3.5/6c6c702c89bfff3cd9e80b04d668c5e190d588c6/commons-lang3-3.5.jar for mixin tweaker
[20:55:54] [main/DEBUG] [org.spongepowered.asm.service.mojang.MixinServiceLaunchWrapper]: Scanning file:/home/ikuku/.gradle/caches/modules-2/files-2.1/commons-io/commons-io/2.5/2852e6e05fbb95076fc091f6d1780f1f8fe35e0f/commons-io-2.5.jar for mixin tweaker
[20:55:54] [main/DEBUG] [org.spongepowered.asm.service.mojang.MixinServiceLaunchWrapper]: Scanning file:/home/ikuku/.gradle/caches/modules-2/files-2.1/com.mojang/realms/1.10.22/bd0dccebdf3744c75f1ca20063f16e8f7d5e663f/realms-1.10.22.jar for mixin tweaker
[20:55:54] [main/DEBUG] [org.spongepowered.asm.service.mojang.MixinServiceLaunchWrapper]: Scanning file:/home/ikuku/.gradle/caches/modules-2/files-2.1/org.apache.httpcomponents/httpclient/4.3.3/18f4247ff4572a074444572cee34647c43e7c9c7/httpclient-4.3.3.jar for mixin tweaker
[20:55:54] [main/DEBUG] [org.spongepowered.asm.service.mojang.MixinServiceLaunchWrapper]: Scanning file:/home/ikuku/.gradle/caches/modules-2/files-2.1/commons-codec/commons-codec/1.10/4b95f4897fa13f2cd904aee711aeafc0c5295cd8/commons-codec-1.10.jar for mixin tweaker
[20:55:54] [main/DEBUG] [org.spongepowered.asm.service.mojang.MixinServiceLaunchWrapper]: Scanning file:/home/ikuku/.gradle/caches/modules-2/files-2.1/com.google.code.gson/gson/2.8.0/c4ba5371a29ac9b2ad6129b1d39ea38750043eff/gson-2.8.0.jar for mixin tweaker
[20:55:54] [main/DEBUG] [org.spongepowered.asm.service.mojang.MixinServiceLaunchWrapper]: Scanning file:/home/ikuku/.gradle/caches/modules-2/files-2.1/org.apache.commons/commons-compress/1.8.1/a698750c16740fd5b3871425f4cb3bbaa87f529d/commons-compress-1.8.1.jar for mixin tweaker
[20:55:54] [main/DEBUG] [org.spongepowered.asm.service.mojang.MixinServiceLaunchWrapper]: Scanning file:/home/ikuku/.gradle/caches/modules-2/files-2.1/commons-logging/commons-logging/1.1.3/f6f66e966c70a83ffbdb6f17a0919eaf7c8aca7f/commons-logging-1.1.3.jar for mixin tweaker
[20:55:54] [main/DEBUG] [org.spongepowered.asm.service.mojang.MixinServiceLaunchWrapper]: Scanning file:/home/ikuku/.gradle/caches/modules-2/files-2.1/org.apache.httpcomponents/httpcore/4.3.2/31fbbff1ddbf98f3aa7377c94d33b0447c646b6e/httpcore-4.3.2.jar for mixin tweaker
[20:55:54] [main/DEBUG] [org.spongepowered.asm.service.mojang.MixinServiceLaunchWrapper]: Scanning file:/home/ikuku/.gradle/caches/modules-2/files-2.1/it.unimi.dsi/fastutil/7.1.0/9835253257524c1be7ab50c057aa2d418fb72082/fastutil-7.1.0.jar for mixin tweaker
[20:55:54] [main/DEBUG] [org.spongepowered.asm.service.mojang.MixinServiceLaunchWrapper]: Scanning file:/home/ikuku/.gradle/caches/modules-2/files-2.1/org.apache.logging.log4j/log4j-core/2.17.1/779f60f3844dadc3ef597976fcb1e5127b1f343d/log4j-core-2.17.1.jar for mixin tweaker
[20:55:54] [main/DEBUG] [org.spongepowered.asm.service.mojang.MixinServiceLaunchWrapper]: Scanning file:/home/ikuku/.gradle/caches/modules-2/files-2.1/org.apache.logging.log4j/log4j-api/2.17.1/d771af8e336e372fb5399c99edabe0919aeaf5b2/log4j-api-2.17.1.jar for mixin tweaker
[20:55:54] [main/DEBUG] [org.spongepowered.asm.service.mojang.MixinServiceLaunchWrapper]: Scanning file:/home/ikuku/.gradle/caches/modules-2/files-2.1/net.java.jinput/jinput-platform/2.0.5/7ff832a6eb9ab6a767f1ade2b548092d0fa64795/jinput-platform-2.0.5-natives-linux.jar for mixin tweaker
[20:55:54] [main/DEBUG] [org.spongepowered.asm.service.mojang.MixinServiceLaunchWrapper]: Scanning file:/home/ikuku/.gradle/caches/modules-2/files-2.1/org.codehaus.plexus/plexus-utils/3.1.0/60eecb6f15abdb1c653ad80abaac6fe188b3feaa/plexus-utils-3.1.0.jar for mixin tweaker
[20:55:54] [main/DEBUG] [org.spongepowered.asm.service.mojang.MixinServiceLaunchWrapper]: Scanning file:/home/ikuku/desktop/PeerCraft/peercraft-forge-1122/build/libs/peercraft-forge-1.12.2-1.0.1-dev.jar for mixin tweaker
[20:55:54] [main/DEBUG] [org.spongepowered.asm.service.mojang.MixinServiceLaunchWrapper]: Scanning file:/home/ikuku/.gradle/caches/modules-2/files-2.1/zone.rong/mixinbooter/8.9/dfa664921d299a4e06a3cd65222a30fce2675e49/mixinbooter-8.9.jar for mixin tweaker
[20:55:54] [main/DEBUG] [mixin]: Adding agents for Mixin Container ContainerHandleURI(file:/home/ikuku/.gradle/caches/modules-2/files-2.1/zone.rong/mixinbooter/8.9/dfa664921d299a4e06a3cd65222a30fce2675e49/mixinbooter-8.9.jar)
[20:55:54] [main/INFO] [LaunchWrapper]: Loading tweak class name net.minecraftforge.gradle.tweakers.CoremodTweaker
[20:55:54] [main/INFO] [LaunchWrapper]: Calling tweak class net.minecraftforge.fml.common.launcher.FMLTweaker
[20:55:54] [main/DEBUG] [FML]: Injecting tracing printstreams for STDOUT/STDERR.
[20:55:54] [main/INFO] [FML]: Forge Mod Loader version 14.23.5.2847 for Minecraft 1.12.2 loading
[20:55:54] [main/INFO] [FML]: Java is OpenJDK 64-Bit Server VM, version 1.8.0_504, running on Linux:amd64:7.2.0-1-cachyos, installed at /home/ikuku/.gradle/jdks/temurin-8-amd64-linux.2/jre
[20:55:54] [main/DEBUG] [FML]: Java classpath at launch is:
[20:55:54] [main/DEBUG] [FML]:     /home/ikuku/.gradle/caches/modules-2/files-2.1/org.lwjgl.lwjgl/lwjgl/2.9.4-nightly-20150209/697517568c68e78ae0b4544145af031c81082dfe/lwjgl-2.9.4-nightly-20150209.jar
[20:55:54] [main/DEBUG] [FML]:     /home/ikuku/.gradle/caches/modules-2/files-2.1/org.lwjgl.lwjgl/lwjgl_util/2.9.4-nightly-20150209/d51a7c040a721d13efdfbd34f8b257b2df882ad0/lwjgl_util-2.9.4-nightly-20150209.jar
[20:55:54] [main/DEBUG] [FML]:     /home/ikuku/.gradle/caches/modules-2/files-2.1/org.lwjgl.lwjgl/lwjgl-platform/2.9.4-nightly-20150209/931074f46c795d2f7b30ed6395df5715cfd7675b/lwjgl-platform-2.9.4-nightly-20150209-natives-linux.jar
[20:55:54] [main/DEBUG] [FML]:     /home/ikuku/desktop/PeerCraft/peercraft-forge-1122/build/rfg/mclauncher-1.12.2.jar
[20:55:54] [main/DEBUG] [FML]:     /home/ikuku/desktop/PeerCraft/peercraft-forge-1122/build/rfg/recompiled_minecraft-1.12.2.jar
[20:55:54] [main/DEBUG] [FML]:     /home/ikuku/.gradle/caches/modules-2/files-2.1/net.minecraft/launchwrapper/1.12/111e7bea9c968cdb3d06ef4632bf7ff0824d0f36/launchwrapper-1.12.jar
[20:55:54] [main/DEBUG] [FML]:     /home/ikuku/.gradle/caches/modules-2/files-2.1/com.mojang/authlib/1.5.25/9834cdf236c22e84b946bba989e2f94ef5897c3c/authlib-1.5.25.jar
[20:55:54] [main/DEBUG] [FML]:     /home/ikuku/.gradle/caches/modules-2/files-2.1/com.google.code.findbugs/jsr305/2.0.1/516c03b21d50a644d538de0f0369c620989cd8f0/jsr305-2.0.1.jar
[20:55:54] [main/DEBUG] [FML]:     /home/ikuku/.gradle/caches/modules-2/files-2.1/com.typesafe.akka/akka-actor_2.11/2.3.3/ed62e9fc709ca0f2ff1a3220daa8b70a2870078e/akka-actor_2.11-2.3.3.jar
[20:55:54] [main/DEBUG] [FML]:     /home/ikuku/.gradle/caches/modules-2/files-2.1/com.typesafe/config/1.2.1/f771f71fdae3df231bcd54d5ca2d57f0bf93f467/config-1.2.1.jar
[20:55:54] [main/DEBUG] [FML]:     /home/ikuku/.gradle/caches/modules-2/files-2.1/org.scala-lang/scala-actors-migration_2.11/1.1.0/dfa8bc42b181d5b9f1a5dd147f8ae308b893eb6f/scala-actors-migration_2.11-1.1.0.jar
[20:55:54] [main/DEBUG] [FML]:     /home/ikuku/.gradle/caches/modules-2/files-2.1/org.scala-lang/scala-compiler/2.11.5/eb2631e425d240f55ffc060c3262caa4d05d8d1a/scala-compiler-2.11.5.jar
[20:55:54] [main/DEBUG] [FML]:     /home/ikuku/.gradle/caches/modules-2/files-2.1/org.scala-lang.plugins/scala-continuations-library_2.11/1.0.2/e517c53a7e9acd6b1668c5a35eccbaa3bab9aac/scala-continuations-library_2.11-1.0.2.jar
[20:55:54] [main/DEBUG] [FML]:     /home/ikuku/.gradle/caches/modules-2/files-2.1/org.scala-lang.plugins/scala-continuations-plugin_2.11.1/1.0.2/f361a3283452c57fa30c1ee69448995de23c60f7/scala-continuations-plugin_2.11.1-1.0.2.jar
[20:55:54] [main/DEBUG] [FML]:     /home/ikuku/.gradle/caches/modules-2/files-2.1/org.scala-lang/scala-library/2.11.5/a5544bb030c5e6c3d81ad116b7dc5024f047df26/scala-library-2.11.5.jar
[20:55:54] [main/DEBUG] [FML]:     /home/ikuku/.gradle/caches/modules-2/files-2.1/org.scala-lang/scala-parser-combinators_2.11/1.0.1/f05d7345bf5a58924f2837c6c1f4d73a938e1ff0/scala-parser-combinators_2.11-1.0.1.jar
[20:55:54] [main/DEBUG] [FML]:     /home/ikuku/.gradle/caches/modules-2/files-2.1/org.scala-lang/scala-reflect/2.11.5/69ce65b0f0767c4e5eafaf789fdde7aab78bd9d/scala-reflect-2.11.5.jar
[20:55:54] [main/DEBUG] [FML]:     /home/ikuku/.gradle/caches/modules-2/files-2.1/org.scala-lang/scala-swing_2.11/1.0.1/b1cdd92bd47b1e1837139c1c53020e86bb9112ae/scala-swing_2.11-1.0.1.jar
[20:55:54] [main/DEBUG] [FML]:     /home/ikuku/.gradle/caches/modules-2/files-2.1/org.scala-lang/scala-xml_2.11/1.0.2/7a80ec00aec122fba7cd4e0d4cdd87ff7e4cb6d0/scala-xml_2.11-1.0.2.jar
[20:55:54] [main/DEBUG] [FML]:     /home/ikuku/.gradle/caches/modules-2/files-2.1/lzma/lzma/0.0.1/521616dc7487b42bef0e803bd2fa3faf668101d7/lzma-0.0.1.jar
[20:55:54] [main/DEBUG] [FML]:     /home/ikuku/.gradle/caches/modules-2/files-2.1/org.ow2.asm/asm-debug-all/5.2/3354e11e2b34215f06dab629ab88e06aca477c19/asm-debug-all-5.2.jar
[20:55:54] [main/DEBUG] [FML]:     /home/ikuku/.gradle/caches/modules-2/files-2.1/org.jline/jline/3.5.1/51800e9d7a13608894a5a28eed0f5c7fa2f300fb/jline-3.5.1.jar
[20:55:54] [main/DEBUG] [FML]:     /home/ikuku/.gradle/caches/modules-2/files-2.1/java3d/vecmath/1.5.2/79846ba34cbd89e2422d74d53752f993dcc2ccaf/vecmath-1.5.2.jar
[20:55:54] [main/DEBUG] [FML]:     /home/ikuku/.gradle/caches/modules-2/files-2.1/net.sf.trove4j/trove4j/3.0.3/42ccaf4761f0dfdfa805c9e340d99a755907e2dd/trove4j-3.0.3.jar
[20:55:54] [main/DEBUG] [FML]:     /home/ikuku/.gradle/caches/modules-2/files-2.1/org.apache.maven/maven-artifact/3.5.3/7dc72b6d6d8a6dced3d294ed54c2cc3515ade9f4/maven-artifact-3.5.3.jar
[20:55:54] [main/DEBUG] [FML]:     /home/ikuku/.gradle/caches/modules-2/files-2.1/com.paulscode/codecjorbis/20101023/c73b5636faf089d9f00e8732a829577de25237ee/codecjorbis-20101023.jar
[20:55:54] [main/DEBUG] [FML]:     /home/ikuku/.gradle/caches/modules-2/files-2.1/com.paulscode/codecwav/20101023/12f031cfe88fef5c1dd36c563c0a3a69bd7261da/codecwav-20101023.jar
[20:55:54] [main/DEBUG] [FML]:     /home/ikuku/.gradle/caches/modules-2/files-2.1/com.paulscode/libraryjavasound/20101123/5c5e304366f75f9eaa2e8cca546a1fb6109348b3/libraryjavasound-20101123.jar
[20:55:54] [main/DEBUG] [FML]:     /home/ikuku/.gradle/caches/modules-2/files-2.1/com.paulscode/librarylwjglopenal/20100824/73e80d0794c39665aec3f62eee88ca91676674ef/librarylwjglopenal-20100824.jar
[20:55:54] [main/DEBUG] [FML]:     /home/ikuku/.gradle/caches/modules-2/files-2.1/com.paulscode/soundsystem/20120107/419c05fe9be71f792b2d76cfc9b67f1ed0fec7f6/soundsystem-20120107.jar
[20:55:54] [main/DEBUG] [FML]:     /home/ikuku/.gradle/caches/modules-2/files-2.1/com.mojang/patchy/1.3.9/eb8bb7b66fa0e2152b1b40b3856e82f7619439ee/patchy-1.3.9.jar
[20:55:54] [main/DEBUG] [FML]:     /home/ikuku/.gradle/caches/modules-2/files-2.1/oshi-project/oshi-core/1.1/9ddf7b048a8d701be231c0f4f95fd986198fd2d8/oshi-core-1.1.jar
[20:55:54] [main/DEBUG] [FML]:     /home/ikuku/.gradle/caches/modules-2/files-2.1/com.mojang/text2speech/1.10.3/48fd510879dff266c3815947de66e3d4809f8668/text2speech-1.10.3.jar
[20:55:54] [main/DEBUG] [FML]:     /home/ikuku/.gradle/caches/modules-2/files-2.1/com.mojang/text2speech/1.10.3/ab7896aec3b3dd272b06194357f2d98f832c0cfc/text2speech-1.10.3-natives-linux.jar
[20:55:54] [main/DEBUG] [FML]:     /home/ikuku/.gradle/caches/modules-2/files-2.1/ca.weblite/java-objc-bridge/1.0.0/6ef160c3133a78de015830860197602ca1c855d3/java-objc-bridge-1.0.0.jar
[20:55:54] [main/DEBUG] [FML]:     /home/ikuku/.gradle/caches/modules-2/files-2.1/net.java.dev.jna/jna/4.4.0/cb208278274bf12ebdb56c61bd7407e6f774d65a/jna-4.4.0.jar
[20:55:54] [main/DEBUG] [FML]:     /home/ikuku/.gradle/caches/modules-2/files-2.1/net.java.dev.jna/platform/3.4.0/e3f70017be8100d3d6923f50b3d2ee17714e9c13/platform-3.4.0.jar
[20:55:54] [main/DEBUG] [FML]:     /home/ikuku/.gradle/caches/modules-2/files-2.1/com.ibm.icu/icu4j-core-mojang/51.2/63d216a9311cca6be337c1e458e587f99d382b84/icu4j-core-mojang-51.2.jar
[20:55:54] [main/DEBUG] [FML]:     /home/ikuku/.gradle/caches/modules-2/files-2.1/net.sf.jopt-simple/jopt-simple/5.0.3/cdd846cfc4e0f7eefafc02c0f5dce32b9303aa2a/jopt-simple-5.0.3.jar
[20:55:54] [main/DEBUG] [FML]:     /home/ikuku/.gradle/caches/modules-2/files-2.1/io.netty/netty-all/4.1.9.Final/97860965d6a0a6b98e7f569f3f966727b8db75/netty-all-4.1.9.Final.jar
[20:55:54] [main/DEBUG] [FML]:     /home/ikuku/.gradle/caches/modules-2/files-2.1/com.google.guava/guava/21.0/3a3d111be1be1b745edfa7d91678a12d7ed38709/guava-21.0.jar
[20:55:54] [main/DEBUG] [FML]:     /home/ikuku/.gradle/caches/modules-2/files-2.1/org.apache.commons/commons-lang3/3.5/6c6c702c89bfff3cd9e80b04d668c5e190d588c6/commons-lang3-3.5.jar
[20:55:54] [main/DEBUG] [FML]:     /home/ikuku/.gradle/caches/modules-2/files-2.1/commons-io/commons-io/2.5/2852e6e05fbb95076fc091f6d1780f1f8fe35e0f/commons-io-2.5.jar
[20:55:54] [main/DEBUG] [FML]:     /home/ikuku/.gradle/caches/modules-2/files-2.1/com.mojang/realms/1.10.22/bd0dccebdf3744c75f1ca20063f16e8f7d5e663f/realms-1.10.22.jar
[20:55:54] [main/DEBUG] [FML]:     /home/ikuku/.gradle/caches/modules-2/files-2.1/org.apache.httpcomponents/httpclient/4.3.3/18f4247ff4572a074444572cee34647c43e7c9c7/httpclient-4.3.3.jar
[20:55:54] [main/DEBUG] [FML]:     /home/ikuku/.gradle/caches/modules-2/files-2.1/commons-codec/commons-codec/1.10/4b95f4897fa13f2cd904aee711aeafc0c5295cd8/commons-codec-1.10.jar
[20:55:54] [main/DEBUG] [FML]:     /home/ikuku/.gradle/caches/modules-2/files-2.1/com.google.code.gson/gson/2.8.0/c4ba5371a29ac9b2ad6129b1d39ea38750043eff/gson-2.8.0.jar
[20:55:54] [main/DEBUG] [FML]:     /home/ikuku/.gradle/caches/modules-2/files-2.1/org.apache.commons/commons-compress/1.8.1/a698750c16740fd5b3871425f4cb3bbaa87f529d/commons-compress-1.8.1.jar
[20:55:54] [main/DEBUG] [FML]:     /home/ikuku/.gradle/caches/modules-2/files-2.1/commons-logging/commons-logging/1.1.3/f6f66e966c70a83ffbdb6f17a0919eaf7c8aca7f/commons-logging-1.1.3.jar
[20:55:54] [main/DEBUG] [FML]:     /home/ikuku/.gradle/caches/modules-2/files-2.1/org.apache.httpcomponents/httpcore/4.3.2/31fbbff1ddbf98f3aa7377c94d33b0447c646b6e/httpcore-4.3.2.jar
[20:55:54] [main/DEBUG] [FML]:     /home/ikuku/.gradle/caches/modules-2/files-2.1/it.unimi.dsi/fastutil/7.1.0/9835253257524c1be7ab50c057aa2d418fb72082/fastutil-7.1.0.jar
[20:55:54] [main/DEBUG] [FML]:     /home/ikuku/.gradle/caches/modules-2/files-2.1/org.apache.logging.log4j/log4j-core/2.17.1/779f60f3844dadc3ef597976fcb1e5127b1f343d/log4j-core-2.17.1.jar
[20:55:54] [main/DEBUG] [FML]:     /home/ikuku/.gradle/caches/modules-2/files-2.1/org.apache.logging.log4j/log4j-api/2.17.1/d771af8e336e372fb5399c99edabe0919aeaf5b2/log4j-api-2.17.1.jar
[20:55:54] [main/DEBUG] [FML]:     /home/ikuku/.gradle/caches/modules-2/files-2.1/net.java.jinput/jinput-platform/2.0.5/7ff832a6eb9ab6a767f1ade2b548092d0fa64795/jinput-platform-2.0.5-natives-linux.jar
[20:55:54] [main/DEBUG] [FML]:     /home/ikuku/.gradle/caches/modules-2/files-2.1/org.codehaus.plexus/plexus-utils/3.1.0/60eecb6f15abdb1c653ad80abaac6fe188b3feaa/plexus-utils-3.1.0.jar
[20:55:54] [main/DEBUG] [FML]:     /home/ikuku/desktop/PeerCraft/peercraft-forge-1122/build/libs/peercraft-forge-1.12.2-1.0.1-dev.jar
[20:55:54] [main/DEBUG] [FML]:     /home/ikuku/.gradle/caches/modules-2/files-2.1/zone.rong/mixinbooter/8.9/dfa664921d299a4e06a3cd65222a30fce2675e49/mixinbooter-8.9.jar
[20:55:54] [main/DEBUG] [FML]: Java library path at launch is:
[20:55:54] [main/DEBUG] [FML]:     /home/ikuku/desktop/PeerCraft/peercraft-forge-1122/run/natives/lwjgl2
[20:55:54] [main/DEBUG] [FML]:     /usr/java/packages/lib
[20:55:54] [main/DEBUG] [FML]:     /usr/lib64
[20:55:54] [main/DEBUG] [FML]:     /lib64
[20:55:54] [main/DEBUG] [FML]:     /lib
[20:55:54] [main/DEBUG] [FML]:     /usr/lib
[20:55:54] [main/ERROR] [FML]: Apache Maven library folder was not in the format expected. Using default libraries directory.
[20:55:54] [main/ERROR] [FML]: Full: /home/ikuku/.gradle/caches/modules-2/files-2.1/org.apache.maven/maven-artifact/3.5.3/7dc72b6d6d8a6dced3d294ed54c2cc3515ade9f4/maven-artifact-3.5.3.jar
[20:55:54] [main/ERROR] [FML]: Trimmed: /home/ikuku/.gradle/caches/modules-2/files-2.1/org.apache.maven/maven-artifact/3.5.3/
[20:55:54] [main/DEBUG] [FML]: Determined Minecraft Libraries Root: /home/ikuku/desktop/PeerCraft/peercraft-forge-1122/run/libraries
[20:55:54] [main/DEBUG] [FML]: Cleaning up mods folder: /home/ikuku/desktop/PeerCraft/peercraft-forge-1122/run/mods
[20:55:54] [main/INFO] [FML]: Managed to load a deobfuscated Minecraft name- we are in a deobfuscated environment. Skipping runtime deobfuscation
[20:55:54] [main/INFO] [FML]: Detected deobfuscated environment, loading log configs for colored console logs.
[20:55:54] [main/INFO] [mixin]: Preparing mixins for MixinEnvironment[PREINIT]
[20:55:55] [main/DEBUG] [FML]: Instantiating coremod class FMLCorePlugin
[20:55:55] [main/INFO] [FML]: Ignoring missing certificate for coremod FMLCorePlugin (net.minecraftforge.fml.relauncher.FMLCorePlugin), we are in deobf and it's a forge core plugin
[20:55:55] [main/DEBUG] [FML]: Added access transformer class net.minecraftforge.fml.common.asm.transformers.AccessTransformer to enqueued access transformers
[20:55:55] [main/DEBUG] [FML]: Enqueued coremod FMLCorePlugin
[20:55:55] [main/DEBUG] [FML]: Instantiating coremod class FMLForgePlugin
[20:55:55] [main/INFO] [FML]: Ignoring missing certificate for coremod FMLForgePlugin (net.minecraftforge.classloading.FMLForgePlugin), we are in deobf and it's a forge core plugin
[20:55:55] [main/DEBUG] [FML]: Enqueued coremod FMLForgePlugin
[20:55:55] [main/DEBUG] [FML]: All fundamental core mods are successfully located
[20:55:55] [main/INFO] [FML]: Found a command line coremod : net.peercraft.forge1122.PeerCraftCoreMod
[20:55:55] [main/DEBUG] [FML]: Instantiating coremod class PeerCraftCoreMod
[20:55:55] [main/TRACE] [FML]: coremod named PeerCraft is loading
[20:55:55] [main/DEBUG] [FML]: The coremod net.peercraft.forge1122.PeerCraftCoreMod requested minecraft version 1.12.2 and minecraft is 1.12.2. It will be loaded.
[20:55:55] [main/INFO] [FML]: Ignoring missing certificate for coremod PeerCraft (net.peercraft.forge1122.PeerCraftCoreMod), as this is probably a dev workspace
[20:55:55] [main/DEBUG] [FML]: Enqueued coremod PeerCraft
[20:55:55] [main/INFO] [FML]: Found a command line coremod : zone.rong.mixinbooter.MixinBooterPlugin
[20:55:55] [main/DEBUG] [FML]: Instantiating coremod class MixinBooterPlugin
[20:55:55] [main/TRACE] [FML]: coremod named MixinBooter is loading
[20:55:55] [main/WARN] [FML]: The coremod zone.rong.mixinbooter.MixinBooterPlugin does not have a MCVersion annotation, it may cause issues with this version of Minecraft
[20:55:55] [main/INFO] [FML]: Ignoring missing certificate for coremod MixinBooter (zone.rong.mixinbooter.MixinBooterPlugin), as this is probably a dev workspace
[20:55:55] [main/INFO] [MixinBooter]: Initializing Mixins...
[20:55:55] [main/INFO] [mixin]: Compatibility level set to JAVA_8
[20:55:55] [main/INFO] [MixinBooter]: Initializing MixinExtras...
[20:55:55] [main/DEBUG] [MixinExtras|Service]: com.llamalad7.mixinextras.service.MixinExtrasServiceImpl(version=0.2.1-beta.2) is taking over from null
[20:55:55] [main/DEBUG] [mixin]: Registering new injector for @Inject with org.spongepowered.asm.mixin.injection.struct.CallbackInjectionInfo
[20:55:55] [main/DEBUG] [mixin]: Registering new injector for @ModifyArg with org.spongepowered.asm.mixin.injection.struct.ModifyArgInjectionInfo
[20:55:55] [main/DEBUG] [mixin]: Registering new injector for @ModifyArgs with org.spongepowered.asm.mixin.injection.struct.ModifyArgsInjectionInfo
[20:55:55] [main/DEBUG] [mixin]: Registering new injector for @Redirect with org.spongepowered.asm.mixin.injection.struct.RedirectInjectionInfo
[20:55:55] [main/DEBUG] [mixin]: Registering new injector for @ModifyVariable with org.spongepowered.asm.mixin.injection.struct.ModifyVariableInjectionInfo
[20:55:55] [main/DEBUG] [mixin]: Registering new injector for @ModifyConstant with org.spongepowered.asm.mixin.injection.struct.ModifyConstantInjectionInfo
[20:55:55] [main/INFO] [mixin]: Checking for additional mixins for MixinEnvironment[PREINIT]
[20:55:55] [main/DEBUG] [FML]: Enqueued coremod MixinBooter
[20:55:55] [main/DEBUG] [FML]: Discovering coremods
[20:55:55] [main/INFO] [FML]: Searching /home/ikuku/desktop/PeerCraft/peercraft-forge-1122/run/mods for mods
[20:55:55] [main/INFO] [LaunchWrapper]: Calling tweak class org.spongepowered.asm.launch.MixinTweaker
[20:55:55] [main/DEBUG] [mixin]: Processing prepare() for PlatformAgent[MixinPlatformAgentDefault:ContainerHandleURI(file:/home/ikuku/.gradle/caches/modules-2/files-2.1/zone.rong/mixinbooter/8.9/dfa664921d299a4e06a3cd65222a30fce2675e49/mixinbooter-8.9.jar)]
[20:55:55] [main/DEBUG] [mixin]: Creating FML remapper adapter: org.spongepowered.asm.bridge.RemapperAdapterFML
[20:55:55] [main/INFO] [mixin]: Initialised Mixin FML Remapper Adapter with net.minecraftforge.fml.common.asm.transformers.deobf.FMLDeobfuscatingRemapper@3f6db3fb
[20:55:55] [main/INFO] [mixin]: Initialised Legacy FML Dev Remapper
[20:55:55] [main/DEBUG] [mixin]: Processing launch tasks for PlatformAgent[MixinPlatformAgentDefault:ContainerHandleURI(file:/home/ikuku/.gradle/caches/modules-2/files-2.1/zone.rong/mixinbooter/8.9/dfa664921d299a4e06a3cd65222a30fce2675e49/mixinbooter-8.9.jar)]
[20:55:55] [main/DEBUG] [org.spongepowered.asm.service.mojang.MixinServiceLaunchWrapper]: Scanning file:/home/ikuku/.gradle/caches/modules-2/files-2.1/org.lwjgl.lwjgl/lwjgl/2.9.4-nightly-20150209/697517568c68e78ae0b4544145af031c81082dfe/lwjgl-2.9.4-nightly-20150209.jar for mixin tweaker
[20:55:55] [main/DEBUG] [org.spongepowered.asm.service.mojang.MixinServiceLaunchWrapper]: Scanning file:/home/ikuku/.gradle/caches/modules-2/files-2.1/org.lwjgl.lwjgl/lwjgl_util/2.9.4-nightly-20150209/d51a7c040a721d13efdfbd34f8b257b2df882ad0/lwjgl_util-2.9.4-nightly-20150209.jar for mixin tweaker
[20:55:55] [main/DEBUG] [org.spongepowered.asm.service.mojang.MixinServiceLaunchWrapper]: Scanning file:/home/ikuku/.gradle/caches/modules-2/files-2.1/org.lwjgl.lwjgl/lwjgl-platform/2.9.4-nightly-20150209/931074f46c795d2f7b30ed6395df5715cfd7675b/lwjgl-platform-2.9.4-nightly-20150209-natives-linux.jar for mixin tweaker
[20:55:55] [main/DEBUG] [org.spongepowered.asm.service.mojang.MixinServiceLaunchWrapper]: Scanning file:/home/ikuku/desktop/PeerCraft/peercraft-forge-1122/build/rfg/mclauncher-1.12.2.jar for mixin tweaker
[20:55:55] [main/DEBUG] [org.spongepowered.asm.service.mojang.MixinServiceLaunchWrapper]: Scanning file:/home/ikuku/desktop/PeerCraft/peercraft-forge-1122/build/rfg/recompiled_minecraft-1.12.2.jar for mixin tweaker
[20:55:55] [main/DEBUG] [org.spongepowered.asm.service.mojang.MixinServiceLaunchWrapper]: Scanning file:/home/ikuku/.gradle/caches/modules-2/files-2.1/net.minecraft/launchwrapper/1.12/111e7bea9c968cdb3d06ef4632bf7ff0824d0f36/launchwrapper-1.12.jar for mixin tweaker
[20:55:55] [main/DEBUG] [org.spongepowered.asm.service.mojang.MixinServiceLaunchWrapper]: Scanning file:/home/ikuku/.gradle/caches/modules-2/files-2.1/com.mojang/authlib/1.5.25/9834cdf236c22e84b946bba989e2f94ef5897c3c/authlib-1.5.25.jar for mixin tweaker
[20:55:55] [main/DEBUG] [org.spongepowered.asm.service.mojang.MixinServiceLaunchWrapper]: Scanning file:/home/ikuku/.gradle/caches/modules-2/files-2.1/com.google.code.findbugs/jsr305/2.0.1/516c03b21d50a644d538de0f0369c620989cd8f0/jsr305-2.0.1.jar for mixin tweaker
[20:55:55] [main/DEBUG] [org.spongepowered.asm.service.mojang.MixinServiceLaunchWrapper]: Scanning file:/home/ikuku/.gradle/caches/modules-2/files-2.1/com.typesafe.akka/akka-actor_2.11/2.3.3/ed62e9fc709ca0f2ff1a3220daa8b70a2870078e/akka-actor_2.11-2.3.3.jar for mixin tweaker
[20:55:55] [main/DEBUG] [org.spongepowered.asm.service.mojang.MixinServiceLaunchWrapper]: Scanning file:/home/ikuku/.gradle/caches/modules-2/files-2.1/com.typesafe/config/1.2.1/f771f71fdae3df231bcd54d5ca2d57f0bf93f467/config-1.2.1.jar for mixin tweaker
[20:55:55] [main/DEBUG] [org.spongepowered.asm.service.mojang.MixinServiceLaunchWrapper]: Scanning file:/home/ikuku/.gradle/caches/modules-2/files-2.1/org.scala-lang/scala-actors-migration_2.11/1.1.0/dfa8bc42b181d5b9f1a5dd147f8ae308b893eb6f/scala-actors-migration_2.11-1.1.0.jar for mixin tweaker
[20:55:55] [main/DEBUG] [org.spongepowered.asm.service.mojang.MixinServiceLaunchWrapper]: Scanning file:/home/ikuku/.gradle/caches/modules-2/files-2.1/org.scala-lang/scala-compiler/2.11.5/eb2631e425d240f55ffc060c3262caa4d05d8d1a/scala-compiler-2.11.5.jar for mixin tweaker
[20:55:55] [main/DEBUG] [org.spongepowered.asm.service.mojang.MixinServiceLaunchWrapper]: Scanning file:/home/ikuku/.gradle/caches/modules-2/files-2.1/org.scala-lang.plugins/scala-continuations-library_2.11/1.0.2/e517c53a7e9acd6b1668c5a35eccbaa3bab9aac/scala-continuations-library_2.11-1.0.2.jar for mixin tweaker
[20:55:55] [main/DEBUG] [org.spongepowered.asm.service.mojang.MixinServiceLaunchWrapper]: Scanning file:/home/ikuku/.gradle/caches/modules-2/files-2.1/org.scala-lang.plugins/scala-continuations-plugin_2.11.1/1.0.2/f361a3283452c57fa30c1ee69448995de23c60f7/scala-continuations-plugin_2.11.1-1.0.2.jar for mixin tweaker
[20:55:55] [main/DEBUG] [org.spongepowered.asm.service.mojang.MixinServiceLaunchWrapper]: Scanning file:/home/ikuku/.gradle/caches/modules-2/files-2.1/org.scala-lang/scala-library/2.11.5/a5544bb030c5e6c3d81ad116b7dc5024f047df26/scala-library-2.11.5.jar for mixin tweaker
[20:55:55] [main/DEBUG] [org.spongepowered.asm.service.mojang.MixinServiceLaunchWrapper]: Scanning file:/home/ikuku/.gradle/caches/modules-2/files-2.1/org.scala-lang/scala-parser-combinators_2.11/1.0.1/f05d7345bf5a58924f2837c6c1f4d73a938e1ff0/scala-parser-combinators_2.11-1.0.1.jar for mixin tweaker
[20:55:55] [main/DEBUG] [org.spongepowered.asm.service.mojang.MixinServiceLaunchWrapper]: Scanning file:/home/ikuku/.gradle/caches/modules-2/files-2.1/org.scala-lang/scala-reflect/2.11.5/69ce65b0f0767c4e5eafaf789fdde7aab78bd9d/scala-reflect-2.11.5.jar for mixin tweaker
[20:55:55] [main/DEBUG] [org.spongepowered.asm.service.mojang.MixinServiceLaunchWrapper]: Scanning file:/home/ikuku/.gradle/caches/modules-2/files-2.1/org.scala-lang/scala-swing_2.11/1.0.1/b1cdd92bd47b1e1837139c1c53020e86bb9112ae/scala-swing_2.11-1.0.1.jar for mixin tweaker
[20:55:55] [main/DEBUG] [org.spongepowered.asm.service.mojang.MixinServiceLaunchWrapper]: Scanning file:/home/ikuku/.gradle/caches/modules-2/files-2.1/org.scala-lang/scala-xml_2.11/1.0.2/7a80ec00aec122fba7cd4e0d4cdd87ff7e4cb6d0/scala-xml_2.11-1.0.2.jar for mixin tweaker
[20:55:55] [main/DEBUG] [org.spongepowered.asm.service.mojang.MixinServiceLaunchWrapper]: Scanning file:/home/ikuku/.gradle/caches/modules-2/files-2.1/lzma/lzma/0.0.1/521616dc7487b42bef0e803bd2fa3faf668101d7/lzma-0.0.1.jar for mixin tweaker
[20:55:55] [main/DEBUG] [org.spongepowered.asm.service.mojang.MixinServiceLaunchWrapper]: Scanning file:/home/ikuku/.gradle/caches/modules-2/files-2.1/org.ow2.asm/asm-debug-all/5.2/3354e11e2b34215f06dab629ab88e06aca477c19/asm-debug-all-5.2.jar for mixin tweaker
[20:55:55] [main/DEBUG] [org.spongepowered.asm.service.mojang.MixinServiceLaunchWrapper]: Scanning file:/home/ikuku/.gradle/caches/modules-2/files-2.1/org.jline/jline/3.5.1/51800e9d7a13608894a5a28eed0f5c7fa2f300fb/jline-3.5.1.jar for mixin tweaker
[20:55:55] [main/DEBUG] [org.spongepowered.asm.service.mojang.MixinServiceLaunchWrapper]: Scanning file:/home/ikuku/.gradle/caches/modules-2/files-2.1/java3d/vecmath/1.5.2/79846ba34cbd89e2422d74d53752f993dcc2ccaf/vecmath-1.5.2.jar for mixin tweaker
[20:55:55] [main/DEBUG] [org.spongepowered.asm.service.mojang.MixinServiceLaunchWrapper]: Scanning file:/home/ikuku/.gradle/caches/modules-2/files-2.1/net.sf.trove4j/trove4j/3.0.3/42ccaf4761f0dfdfa805c9e340d99a755907e2dd/trove4j-3.0.3.jar for mixin tweaker
[20:55:55] [main/DEBUG] [org.spongepowered.asm.service.mojang.MixinServiceLaunchWrapper]: Scanning file:/home/ikuku/.gradle/caches/modules-2/files-2.1/org.apache.maven/maven-artifact/3.5.3/7dc72b6d6d8a6dced3d294ed54c2cc3515ade9f4/maven-artifact-3.5.3.jar for mixin tweaker
[20:55:55] [main/DEBUG] [org.spongepowered.asm.service.mojang.MixinServiceLaunchWrapper]: Scanning file:/home/ikuku/.gradle/caches/modules-2/files-2.1/com.paulscode/codecjorbis/20101023/c73b5636faf089d9f00e8732a829577de25237ee/codecjorbis-20101023.jar for mixin tweaker
[20:55:55] [main/DEBUG] [org.spongepowered.asm.service.mojang.MixinServiceLaunchWrapper]: Scanning file:/home/ikuku/.gradle/caches/modules-2/files-2.1/com.paulscode/codecwav/20101023/12f031cfe88fef5c1dd36c563c0a3a69bd7261da/codecwav-20101023.jar for mixin tweaker
[20:55:55] [main/DEBUG] [org.spongepowered.asm.service.mojang.MixinServiceLaunchWrapper]: Scanning file:/home/ikuku/.gradle/caches/modules-2/files-2.1/com.paulscode/libraryjavasound/20101123/5c5e304366f75f9eaa2e8cca546a1fb6109348b3/libraryjavasound-20101123.jar for mixin tweaker
[20:55:55] [main/DEBUG] [org.spongepowered.asm.service.mojang.MixinServiceLaunchWrapper]: Scanning file:/home/ikuku/.gradle/caches/modules-2/files-2.1/com.paulscode/librarylwjglopenal/20100824/73e80d0794c39665aec3f62eee88ca91676674ef/librarylwjglopenal-20100824.jar for mixin tweaker
[20:55:55] [main/DEBUG] [org.spongepowered.asm.service.mojang.MixinServiceLaunchWrapper]: Scanning file:/home/ikuku/.gradle/caches/modules-2/files-2.1/com.paulscode/soundsystem/20120107/419c05fe9be71f792b2d76cfc9b67f1ed0fec7f6/soundsystem-20120107.jar for mixin tweaker
[20:55:55] [main/DEBUG] [org.spongepowered.asm.service.mojang.MixinServiceLaunchWrapper]: Scanning file:/home/ikuku/.gradle/caches/modules-2/files-2.1/com.mojang/patchy/1.3.9/eb8bb7b66fa0e2152b1b40b3856e82f7619439ee/patchy-1.3.9.jar for mixin tweaker
[20:55:55] [main/DEBUG] [org.spongepowered.asm.service.mojang.MixinServiceLaunchWrapper]: Scanning file:/home/ikuku/.gradle/caches/modules-2/files-2.1/oshi-project/oshi-core/1.1/9ddf7b048a8d701be231c0f4f95fd986198fd2d8/oshi-core-1.1.jar for mixin tweaker
[20:55:55] [main/DEBUG] [org.spongepowered.asm.service.mojang.MixinServiceLaunchWrapper]: Scanning file:/home/ikuku/.gradle/caches/modules-2/files-2.1/com.mojang/text2speech/1.10.3/48fd510879dff266c3815947de66e3d4809f8668/text2speech-1.10.3.jar for mixin tweaker
[20:55:55] [main/DEBUG] [org.spongepowered.asm.service.mojang.MixinServiceLaunchWrapper]: Scanning file:/home/ikuku/.gradle/caches/modules-2/files-2.1/com.mojang/text2speech/1.10.3/ab7896aec3b3dd272b06194357f2d98f832c0cfc/text2speech-1.10.3-natives-linux.jar for mixin tweaker
[20:55:55] [main/DEBUG] [org.spongepowered.asm.service.mojang.MixinServiceLaunchWrapper]: Scanning file:/home/ikuku/.gradle/caches/modules-2/files-2.1/ca.weblite/java-objc-bridge/1.0.0/6ef160c3133a78de015830860197602ca1c855d3/java-objc-bridge-1.0.0.jar for mixin tweaker
[20:55:55] [main/DEBUG] [org.spongepowered.asm.service.mojang.MixinServiceLaunchWrapper]: Scanning file:/home/ikuku/.gradle/caches/modules-2/files-2.1/net.java.dev.jna/jna/4.4.0/cb208278274bf12ebdb56c61bd7407e6f774d65a/jna-4.4.0.jar for mixin tweaker
[20:55:55] [main/DEBUG] [org.spongepowered.asm.service.mojang.MixinServiceLaunchWrapper]: Scanning file:/home/ikuku/.gradle/caches/modules-2/files-2.1/net.java.dev.jna/platform/3.4.0/e3f70017be8100d3d6923f50b3d2ee17714e9c13/platform-3.4.0.jar for mixin tweaker
[20:55:55] [main/DEBUG] [org.spongepowered.asm.service.mojang.MixinServiceLaunchWrapper]: Scanning file:/home/ikuku/.gradle/caches/modules-2/files-2.1/com.ibm.icu/icu4j-core-mojang/51.2/63d216a9311cca6be337c1e458e587f99d382b84/icu4j-core-mojang-51.2.jar for mixin tweaker
[20:55:55] [main/DEBUG] [org.spongepowered.asm.service.mojang.MixinServiceLaunchWrapper]: Scanning file:/home/ikuku/.gradle/caches/modules-2/files-2.1/net.sf.jopt-simple/jopt-simple/5.0.3/cdd846cfc4e0f7eefafc02c0f5dce32b9303aa2a/jopt-simple-5.0.3.jar for mixin tweaker
[20:55:55] [main/DEBUG] [org.spongepowered.asm.service.mojang.MixinServiceLaunchWrapper]: Scanning file:/home/ikuku/.gradle/caches/modules-2/files-2.1/io.netty/netty-all/4.1.9.Final/97860965d6a0a6b98e7f569f3f966727b8db75/netty-all-4.1.9.Final.jar for mixin tweaker
[20:55:55] [main/DEBUG] [org.spongepowered.asm.service.mojang.MixinServiceLaunchWrapper]: Scanning file:/home/ikuku/.gradle/caches/modules-2/files-2.1/com.google.guava/guava/21.0/3a3d111be1be1b745edfa7d91678a12d7ed38709/guava-21.0.jar for mixin tweaker
[20:55:55] [main/DEBUG] [org.spongepowered.asm.service.mojang.MixinServiceLaunchWrapper]: Scanning file:/home/ikuku/.gradle/caches/modules-2/files-2.1/org.apache.commons/commons-lang3/3.5/6c6c702c89bfff3cd9e80b04d668c5e190d588c6/commons-lang3-3.5.jar for mixin tweaker
[20:55:55] [main/DEBUG] [org.spongepowered.asm.service.mojang.MixinServiceLaunchWrapper]: Scanning file:/home/ikuku/.gradle/caches/modules-2/files-2.1/commons-io/commons-io/2.5/2852e6e05fbb95076fc091f6d1780f1f8fe35e0f/commons-io-2.5.jar for mixin tweaker
[20:55:55] [main/DEBUG] [org.spongepowered.asm.service.mojang.MixinServiceLaunchWrapper]: Scanning file:/home/ikuku/.gradle/caches/modules-2/files-2.1/com.mojang/realms/1.10.22/bd0dccebdf3744c75f1ca20063f16e8f7d5e663f/realms-1.10.22.jar for mixin tweaker
[20:55:55] [main/DEBUG] [org.spongepowered.asm.service.mojang.MixinServiceLaunchWrapper]: Scanning file:/home/ikuku/.gradle/caches/modules-2/files-2.1/org.apache.httpcomponents/httpclient/4.3.3/18f4247ff4572a074444572cee34647c43e7c9c7/httpclient-4.3.3.jar for mixin tweaker
[20:55:55] [main/DEBUG] [org.spongepowered.asm.service.mojang.MixinServiceLaunchWrapper]: Scanning file:/home/ikuku/.gradle/caches/modules-2/files-2.1/commons-codec/commons-codec/1.10/4b95f4897fa13f2cd904aee711aeafc0c5295cd8/commons-codec-1.10.jar for mixin tweaker
[20:55:55] [main/DEBUG] [org.spongepowered.asm.service.mojang.MixinServiceLaunchWrapper]: Scanning file:/home/ikuku/.gradle/caches/modules-2/files-2.1/com.google.code.gson/gson/2.8.0/c4ba5371a29ac9b2ad6129b1d39ea38750043eff/gson-2.8.0.jar for mixin tweaker
[20:55:55] [main/DEBUG] [org.spongepowered.asm.service.mojang.MixinServiceLaunchWrapper]: Scanning file:/home/ikuku/.gradle/caches/modules-2/files-2.1/org.apache.commons/commons-compress/1.8.1/a698750c16740fd5b3871425f4cb3bbaa87f529d/commons-compress-1.8.1.jar for mixin tweaker
[20:55:55] [main/DEBUG] [org.spongepowered.asm.service.mojang.MixinServiceLaunchWrapper]: Scanning file:/home/ikuku/.gradle/caches/modules-2/files-2.1/commons-logging/commons-logging/1.1.3/f6f66e966c70a83ffbdb6f17a0919eaf7c8aca7f/commons-logging-1.1.3.jar for mixin tweaker
[20:55:55] [main/DEBUG] [org.spongepowered.asm.service.mojang.MixinServiceLaunchWrapper]: Scanning file:/home/ikuku/.gradle/caches/modules-2/files-2.1/org.apache.httpcomponents/httpcore/4.3.2/31fbbff1ddbf98f3aa7377c94d33b0447c646b6e/httpcore-4.3.2.jar for mixin tweaker
[20:55:55] [main/DEBUG] [org.spongepowered.asm.service.mojang.MixinServiceLaunchWrapper]: Scanning file:/home/ikuku/.gradle/caches/modules-2/files-2.1/it.unimi.dsi/fastutil/7.1.0/9835253257524c1be7ab50c057aa2d418fb72082/fastutil-7.1.0.jar for mixin tweaker
[20:55:55] [main/DEBUG] [org.spongepowered.asm.service.mojang.MixinServiceLaunchWrapper]: Scanning file:/home/ikuku/.gradle/caches/modules-2/files-2.1/org.apache.logging.log4j/log4j-core/2.17.1/779f60f3844dadc3ef597976fcb1e5127b1f343d/log4j-core-2.17.1.jar for mixin tweaker
[20:55:55] [main/DEBUG] [org.spongepowered.asm.service.mojang.MixinServiceLaunchWrapper]: Scanning file:/home/ikuku/.gradle/caches/modules-2/files-2.1/org.apache.logging.log4j/log4j-api/2.17.1/d771af8e336e372fb5399c99edabe0919aeaf5b2/log4j-api-2.17.1.jar for mixin tweaker
[20:55:55] [main/DEBUG] [org.spongepowered.asm.service.mojang.MixinServiceLaunchWrapper]: Scanning file:/home/ikuku/.gradle/caches/modules-2/files-2.1/net.java.jinput/jinput-platform/2.0.5/7ff832a6eb9ab6a767f1ade2b548092d0fa64795/jinput-platform-2.0.5-natives-linux.jar for mixin tweaker
[20:55:55] [main/DEBUG] [org.spongepowered.asm.service.mojang.MixinServiceLaunchWrapper]: Scanning file:/home/ikuku/.gradle/caches/modules-2/files-2.1/org.codehaus.plexus/plexus-utils/3.1.0/60eecb6f15abdb1c653ad80abaac6fe188b3feaa/plexus-utils-3.1.0.jar for mixin tweaker
[20:55:55] [main/DEBUG] [org.spongepowered.asm.service.mojang.MixinServiceLaunchWrapper]: Scanning file:/home/ikuku/desktop/PeerCraft/peercraft-forge-1122/build/libs/peercraft-forge-1.12.2-1.0.1-dev.jar for mixin tweaker
[20:55:55] [main/DEBUG] [org.spongepowered.asm.service.mojang.MixinServiceLaunchWrapper]: Scanning file:/home/ikuku/.gradle/caches/modules-2/files-2.1/zone.rong/mixinbooter/8.9/dfa664921d299a4e06a3cd65222a30fce2675e49/mixinbooter-8.9.jar for mixin tweaker
[20:55:55] [main/DEBUG] [mixin]: Adding agents for Mixin Container ContainerHandleURI(file:/home/ikuku/.gradle/caches/modules-2/files-2.1/zone.rong/mixinbooter/8.9/dfa664921d299a4e06a3cd65222a30fce2675e49/mixinbooter-8.9.jar)
[20:55:55] [main/DEBUG] [mixin]: inject() running with 1 agents
[20:55:55] [main/DEBUG] [mixin]: Processing inject() for PlatformAgent[MixinPlatformAgentDefault:ContainerHandleURI(file:/home/ikuku/.gradle/caches/modules-2/files-2.1/zone.rong/mixinbooter/8.9/dfa664921d299a4e06a3cd65222a30fce2675e49/mixinbooter-8.9.jar)]
[20:55:55] [main/INFO] [LaunchWrapper]: Calling tweak class net.minecraftforge.gradle.tweakers.CoremodTweaker
[20:55:55] [main/INFO] [GradleStart]: Injecting location in coremod net.minecraftforge.fml.relauncher.FMLCorePlugin
[20:55:55] [main/INFO] [GradleStart]: Injecting location in coremod net.minecraftforge.classloading.FMLForgePlugin
[20:55:55] [main/INFO] [GradleStart]: Injecting location in coremod net.peercraft.forge1122.PeerCraftCoreMod
[20:55:55] [main/INFO] [GradleStart]: Injecting location in coremod zone.rong.mixinbooter.MixinBooterPlugin
[20:55:55] [main/INFO] [LaunchWrapper]: Loading tweak class name net.minecraftforge.fml.common.launcher.FMLInjectionAndSortingTweaker
[20:55:55] [main/INFO] [LaunchWrapper]: Loading tweak class name net.minecraftforge.fml.common.launcher.FMLDeobfTweaker
[20:55:55] [main/INFO] [LaunchWrapper]: Loading tweak class name org.spongepowered.asm.mixin.EnvironmentStateTweaker
[20:55:55] [main/INFO] [LaunchWrapper]: Loading tweak class name net.minecraftforge.gradle.tweakers.AccessTransformerTweaker
[20:55:55] [main/INFO] [LaunchWrapper]: Calling tweak class net.minecraftforge.fml.common.launcher.FMLInjectionAndSortingTweaker
[20:55:55] [main/INFO] [LaunchWrapper]: Calling tweak class net.minecraftforge.fml.common.launcher.FMLInjectionAndSortingTweaker
[20:55:55] [main/INFO] [LaunchWrapper]: Calling tweak class net.minecraftforge.fml.relauncher.CoreModManager$FMLPluginWrapper
[20:55:55] [main/DEBUG] [FML]: Injecting coremod MixinBooter \{zone.rong.mixinbooter.MixinBooterPlugin\} class transformers
[20:55:55] [main/DEBUG] [FML]: Injection complete
[20:55:55] [main/DEBUG] [FML]: Running coremod plugin for MixinBooter \{zone.rong.mixinbooter.MixinBooterPlugin\}
[20:55:55] [main/DEBUG] [FML]: Running coremod plugin MixinBooter
[20:55:55] [main/INFO] [MixinBooter]: Grabbing class net.peercraft.forge1122.PeerCraftCoreMod for its mixins.
[20:55:55] [main/INFO] [MixinBooter]: Adding peercraft.forge.mixins.json mixin configuration.
[20:55:55] [main/DEBUG] [FML]: Coremod plugin class MixinBooterPlugin run successfully
[20:55:55] [main/INFO] [LaunchWrapper]: Calling tweak class net.minecraftforge.fml.relauncher.CoreModManager$FMLPluginWrapper
[20:55:55] [main/DEBUG] [FML]: Injecting coremod FMLCorePlugin \{net.minecraftforge.fml.relauncher.FMLCorePlugin\} class transformers
[20:55:55] [main/TRACE] [FML]: Registering transformer net.minecraftforge.fml.common.asm.transformers.SideTransformer
[20:55:55] [main/INFO] [mixin]: Checking for additional mixins for MixinEnvironment[PREINIT]
[20:55:55] [main/TRACE] [FML]: Registering transformer net.minecraftforge.fml.common.asm.transformers.EventSubscriptionTransformer
[20:55:55] [main/TRACE] [FML]: Registering transformer net.minecraftforge.fml.common.asm.transformers.EventSubscriberTransformer
[20:55:55] [main/TRACE] [FML]: Registering transformer net.minecraftforge.fml.common.asm.transformers.SoundEngineFixTransformer
[20:55:55] [main/DEBUG] [FML]: Injection complete
[20:55:55] [main/DEBUG] [FML]: Running coremod plugin for FMLCorePlugin \{net.minecraftforge.fml.relauncher.FMLCorePlugin\}
[20:55:55] [main/DEBUG] [FML]: Running coremod plugin FMLCorePlugin
[20:55:55] [main/DEBUG] [FML]: Loading deobfuscation resource /home/ikuku/.gradle/caches/minecraft/de/oceanlabs/mcp/mcp_stable/39/rfg_srgs/srg-mcp.srg with 36076 records
[20:55:55] [main/ERROR] [FML]: FML appears to be missing any signature data. This is not a good thing
[20:55:55] [main/DEBUG] [FML]: Coremod plugin class FMLCorePlugin run successfully
[20:55:55] [main/INFO] [LaunchWrapper]: Calling tweak class net.minecraftforge.fml.relauncher.CoreModManager$FMLPluginWrapper
[20:55:55] [main/DEBUG] [FML]: Injecting coremod FMLForgePlugin \{net.minecraftforge.classloading.FMLForgePlugin\} class transformers
[20:55:55] [main/DEBUG] [FML]: Injection complete
[20:55:55] [main/DEBUG] [FML]: Running coremod plugin for FMLForgePlugin \{net.minecraftforge.classloading.FMLForgePlugin\}
[20:55:55] [main/DEBUG] [FML]: Running coremod plugin FMLForgePlugin
[20:55:55] [main/DEBUG] [FML]: Coremod plugin class FMLForgePlugin run successfully
[20:55:55] [main/INFO] [LaunchWrapper]: Calling tweak class org.spongepowered.asm.mixin.EnvironmentStateTweaker
[20:55:55] [main/INFO] [LaunchWrapper]: Calling tweak class net.minecraftforge.fml.common.launcher.FMLDeobfTweaker
[20:55:55] [main/DEBUG] [FML]: Loaded 215 rules from AccessTransformer config file forge_at.cfg
[20:55:55] [main/DEBUG] [FML]: Validating minecraft
[20:55:56] [main/DEBUG] [FML]: Minecraft validated, launching...
[20:55:56] [main/INFO] [LaunchWrapper]: Calling tweak class net.minecraftforge.fml.relauncher.CoreModManager$FMLPluginWrapper
[20:55:56] [main/DEBUG] [FML]: Injecting coremod PeerCraft \{net.peercraft.forge1122.PeerCraftCoreMod\} class transformers
[20:55:56] [main/DEBUG] [FML]: Injection complete
[20:55:56] [main/DEBUG] [FML]: Running coremod plugin for PeerCraft \{net.peercraft.forge1122.PeerCraftCoreMod\}
[20:55:56] [main/DEBUG] [FML]: Running coremod plugin PeerCraft
[20:55:56] [main/DEBUG] [FML]: Coremod plugin class PeerCraftCoreMod run successfully
[20:55:56] [main/INFO] [LaunchWrapper]: Calling tweak class net.minecraftforge.gradle.tweakers.AccessTransformerTweaker
[20:55:56] [main/INFO] [LaunchWrapper]: Loading tweak class name net.minecraftforge.fml.common.launcher.TerminalTweaker
[20:55:56] [main/INFO] [LaunchWrapper]: Calling tweak class net.minecraftforge.fml.common.launcher.TerminalTweaker
[20:55:56] [main/DEBUG] [mixin]: Adding new mixin transformer proxy #2
[20:55:56] [main/INFO] [mixin]: Preparing mixins for MixinEnvironment[DEFAULT]
[20:55:56] [main/INFO] [mixin]: Selecting config mixin.mixinbooter.init.json
[20:55:56] [main/DEBUG] [mixin]: Remapping refMap mixins.mixinbooter.refmap.json using remapper chain
[20:55:56] [main/INFO] [mixin]: Selecting config peercraft.forge.mixins.json
[20:55:56] [main/DEBUG] [mixin]: Remapping refMap peercraft.mixins.refmap.json using remapper chain
[20:55:56] [main/INFO] [mixin]: Preparing mixin.mixinbooter.init.json (2)
[20:55:56] [main/DEBUG] [org.spongepowered.asm.service.mojang.MixinServiceLaunchWrapper]: Found name transformer: net.minecraftforge.fml.common.asm.transformers.DeobfuscationTransformer
[20:55:56] [main/DEBUG] [org.spongepowered.asm.service.mojang.MixinServiceLaunchWrapper]: Rebuilding transformer delegation list:
[20:55:56] [main/DEBUG] [org.spongepowered.asm.service.mojang.MixinServiceLaunchWrapper]: Found name transformer: net.minecraftforge.fml.common.asm.transformers.DeobfuscationTransformer
[20:55:56] [main/DEBUG] [org.spongepowered.asm.service.mojang.MixinServiceLaunchWrapper]:   Excluding: org.spongepowered.asm.mixin.transformer.Proxy
[20:55:56] [main/DEBUG] [org.spongepowered.asm.service.mojang.MixinServiceLaunchWrapper]:   Adding:    net.minecraftforge.fml.common.asm.transformers.PatchingTransformer
[20:55:56] [main/DEBUG] [org.spongepowered.asm.service.mojang.MixinServiceLaunchWrapper]:   Adding:    $wrapper.net.minecraftforge.fml.common.asm.transformers.SideTransformer
[20:55:56] [main/DEBUG] [org.spongepowered.asm.service.mojang.MixinServiceLaunchWrapper]:   Excluding: $wrapper.net.minecraftforge.fml.common.asm.transformers.EventSubscriptionTransformer
[20:55:56] [main/DEBUG] [org.spongepowered.asm.service.mojang.MixinServiceLaunchWrapper]:   Adding:    $wrapper.net.minecraftforge.fml.common.asm.transformers.EventSubscriberTransformer
[20:55:56] [main/DEBUG] [org.spongepowered.asm.service.mojang.MixinServiceLaunchWrapper]:   Adding:    $wrapper.net.minecraftforge.fml.common.asm.transformers.SoundEngineFixTransformer
[20:55:56] [main/DEBUG] [org.spongepowered.asm.service.mojang.MixinServiceLaunchWrapper]:   Adding:    net.minecraftforge.fml.common.asm.transformers.DeobfuscationTransformer
[20:55:56] [main/DEBUG] [org.spongepowered.asm.service.mojang.MixinServiceLaunchWrapper]:   Adding:    net.minecraftforge.fml.common.asm.transformers.AccessTransformer
[20:55:56] [main/DEBUG] [org.spongepowered.asm.service.mojang.MixinServiceLaunchWrapper]:   Adding:    net.minecraftforge.fml.common.asm.transformers.ModAccessTransformer
[20:55:56] [main/DEBUG] [org.spongepowered.asm.service.mojang.MixinServiceLaunchWrapper]:   Adding:    net.minecraftforge.fml.common.asm.transformers.ItemStackTransformer
[20:55:56] [main/DEBUG] [org.spongepowered.asm.service.mojang.MixinServiceLaunchWrapper]:   Adding:    net.minecraftforge.fml.common.asm.transformers.ItemBlockTransformer
[20:55:56] [main/DEBUG] [org.spongepowered.asm.service.mojang.MixinServiceLaunchWrapper]:   Adding:    net.minecraftforge.fml.common.asm.transformers.ItemBlockSpecialTransformer
[20:55:56] [main/DEBUG] [org.spongepowered.asm.service.mojang.MixinServiceLaunchWrapper]:   Adding:    net.minecraftforge.fml.common.asm.transformers.PotionEffectTransformer
[20:55:56] [main/DEBUG] [org.spongepowered.asm.service.mojang.MixinServiceLaunchWrapper]:   Adding:    net.minecraftforge.gradle.GradleForgeHacks$AccessTransformerTransformer
[20:55:56] [main/DEBUG] [org.spongepowered.asm.service.mojang.MixinServiceLaunchWrapper]:   Excluding: net.minecraftforge.fml.common.asm.transformers.TerminalTransformer
[20:55:56] [main/DEBUG] [org.spongepowered.asm.service.mojang.MixinServiceLaunchWrapper]:   Excluding: org.spongepowered.asm.mixin.transformer.Proxy
[20:55:56] [main/DEBUG] [org.spongepowered.asm.service.mojang.MixinServiceLaunchWrapper]: Transformer delegation list created with 12 entries
[20:55:56] [main/TRACE] [mixin]: Added class metadata for net/minecraft/crash/CrashReport to metadata cache
[20:55:56] [main/DEBUG] [mixin.agent]: Mixin class zone.rong.mixinbooter.mixin.CrashReportMixin added to class loader
[20:55:56] [main/TRACE] [mixin]: Added class metadata for net/minecraftforge/fml/common/LoadController to metadata cache
[20:55:56] [main/DEBUG] [mixin.agent]: Mixin class zone.rong.mixinbooter.mixin.LoadControllerMixin added to class loader
[20:55:56] [main/INFO] [mixin]: Preparing peercraft.forge.mixins.json (2)
[20:55:56] [main/TRACE] [mixin]: Added class metadata for net/minecraft/server/integrated/IntegratedServer to metadata cache
[20:55:56] [main/DEBUG] [mixin.agent]: Mixin class net.peercraft.client.mixin.OpenToLanMixin added to class loader
[20:55:56] [main/TRACE] [mixin]: Added class metadata for net/minecraft/server/network/NetHandlerLoginServer to metadata cache
[20:55:56] [main/DEBUG] [mixin.agent]: Mixin class net.peercraft.client.mixin.ServerLoginPacketListenerImplMixin added to class loader
[20:55:56] [main/TRACE] [mixin]: Added class metadata for net/minecraftforge/fml/common/discovery/ASMDataTable$ASMData to metadata cache
[20:55:56] [main/TRACE] [mixin]: Added class metadata for net/peercraft/client/mixin/OpenToLanMixin$1 to metadata cache
[20:55:56] [main/TRACE] [mixin]: Added class metadata for net/peercraft/network/p2p/P2PBridge$HostListener to metadata cache
[20:55:56] [main/TRACE] [mixin]: Added class metadata for java/lang/invoke/MethodHandles$Lookup to metadata cache
[20:55:56] [main/DEBUG] [mixin]: Inner class net/peercraft/client/mixin/OpenToLanMixin$1 in net/peercraft/client/mixin/OpenToLanMixin on net/minecraft/server/integrated/IntegratedServer gets unique name net/minecraft/server/integrated/IntegratedServer$Anonymous$1de3397d19c448519e8c6898243c3e60
[20:55:56] [main/INFO] [LaunchWrapper]: Launching wrapped minecraft {net.minecraft.client.main.Main}
[20:55:57] [Client thread/INFO] [net.minecraft.client.Minecraft]: Setting user: Developer
[20:55:59] [Client thread/DEBUG] [FML]: Creating vanilla freeze snapshot
[20:55:59] [Client thread/DEBUG] [FML]: Vanilla freeze snapshot created
[20:55:59] [Client thread/WARN] [net.minecraft.client.settings.GameSettings]: Skipping bad option: lastServer:
[20:55:59] [Client thread/INFO] [net.minecraft.client.Minecraft]: LWJGL Version: 2.9.4
[20:55:59] [Client thread/DEBUG] [FML]: Bar Finished: Loading Resource - LanguageManager took 0.001s
[20:55:59] [Client thread/INFO] [MixinExtras|Service]: Initializing MixinExtras via com.llamalad7.mixinextras.service.MixinExtrasServiceImpl(version=0.2.1-beta.2).
[20:55:59] [Client thread/DEBUG] [mixin]: Registering new injector for @SugarWrapper with com.llamalad7.mixinextras.sugar.impl.SugarWrapperInjectionInfo
[20:55:59] [Client thread/DEBUG] [mixin]: Registering new injector for @FactoryRedirectWrapper with com.llamalad7.mixinextras.wrapper.factory.FactoryRedirectWrapperInjectionInfo
[20:55:59] [Client thread/INFO] [mixin]: Mixing OpenToLanMixin from peercraft.forge.mixins.json into net.minecraft.server.integrated.IntegratedServer
[20:55:59] [Client thread/TRACE] [mixin]: Added class metadata for net/minecraft/server/MinecraftServer to metadata cache
[20:55:59] [Client thread/TRACE] [mixin]: Added class metadata for net/minecraft/util/text/ITextComponent to metadata cache
[20:55:59] [Client thread/INFO] [mixin]: Renaming synthetic method lambda$sendChat$0(Lnet/minecraft/util/text/ITextComponent;)V to md513e8e$lambda$sendChat$0$0 in peercraft.forge.mixins.json:OpenToLanMixin from mod unknown-owner
[20:55:59] [Client thread/INFO] [mixin]: Renaming synthetic method access$000(Lnet/minecraft/util/text/ITextComponent;)V to md513e8e$access$000$1 in peercraft.forge.mixins.json:OpenToLanMixin from mod unknown-owner
[20:55:59] [Client thread/TRACE] [mixin]: Added class metadata for org/apache/logging/log4j/Logger to metadata cache
[20:55:59] [Client thread/TRACE] [mixin]: Added class metadata for org/spongepowered/asm/mixin/injection/callback/CallbackInfoReturnable to metadata cache
[20:55:59] [Client thread/TRACE] [mixin]: Added class metadata for net/peercraft/config/PeerCraftConfig to metadata cache
[20:55:59] [Client thread/TRACE] [mixin]: Added class metadata for java/lang/String to metadata cache
[20:55:59] [Client thread/TRACE] [mixin]: Added class metadata for java/lang/Integer to metadata cache
[20:55:59] [Client thread/TRACE] [mixin]: Added class metadata for net/peercraft/client/PeerCraftHostOptions to metadata cache
[20:55:59] [Client thread/TRACE] [mixin]: Added class metadata for net/peercraft/network/p2p/P2PBridge to metadata cache
[20:55:59] [Client thread/TRACE] [mixin]: Added class metadata for net/peercraft/network/proxy/LocalProxy to metadata cache
[20:55:59] [Client thread/TRACE] [mixin]: Added class metadata for net/minecraft/client/Minecraft to metadata cache
[20:55:59] [Client thread/TRACE] [mixin]: Added class metadata for java/lang/invoke/LambdaMetafactory to metadata cache
[20:55:59] [Client thread/TRACE] [mixin]: Added class metadata for net/minecraft/entity/player/EntityPlayer to metadata cache
[20:55:59] [Client thread/TRACE] [mixin]: Added class metadata for net/minecraft/entity/EntityLivingBase to metadata cache
[20:55:59] [Client thread/TRACE] [mixin]: Added class metadata for net/minecraft/entity/Entity to metadata cache
[20:55:59] [Client thread/TRACE] [mixin]: Added class metadata for org/apache/logging/log4j/LogManager to metadata cache
[20:55:59] [Client thread/TRACE] [mixin]: Added class metadata for net/minecraft/command/ICommandSender to metadata cache
[20:55:59] [Client thread/TRACE] [mixin]: Added class metadata for net/minecraft/util/IThreadListener to metadata cache
[20:55:59] [Client thread/TRACE] [mixin]: Added class metadata for net/minecraft/profiler/ISnooperInfo to metadata cache
[20:55:59] [Client thread/TRACE] [mixin]: Added class metadata for java/lang/Runnable to metadata cache
[20:55:59] [Client thread/TRACE] [mixin]: Added class metadata for net/minecraft/world/GameType to metadata cache
[20:55:59] [Client thread/TRACE] [mixin]: Added class metadata for org/spongepowered/asm/mixin/injection/callback/CallbackInfo to metadata cache
[20:55:59] [Client thread/TRACE] [mixin]: Added class metadata for java/lang/NumberFormatException to metadata cache
[20:55:59] [Client thread/TRACE] [mixin]: Added class metadata for java/lang/invoke/MethodType to metadata cache
[20:55:59] [Client thread/TRACE] [mixin]: Added class metadata for java/lang/invoke/MethodHandle to metadata cache
[20:55:59] [Client thread/TRACE] [mixin]: Added class metadata for java/lang/invoke/CallSite to metadata cache
[20:55:59] [Client thread/TRACE] [mixin]: Added class metadata for com/google/common/util/concurrent/ListenableFuture to metadata cache
[20:55:59] [Client thread/TRACE] [mixin]: Added class metadata for net/minecraft/client/entity/EntityPlayerSP to metadata cache
[20:55:59] [Client thread/DEBUG] [mixin]: RemapperAdapterFML is remapping method func_71206_a(Lnet/minecraft/world/GameType;Z)Ljava/lang/String; for net/minecraft/server/integrated/IntegratedServer
[20:55:59] [Client thread/DEBUG] [mixin]: RemapperAdapterFML is remapping class net/minecraft/server/integrated/IntegratedServer
[20:55:59] [Client thread/DEBUG] [mixin]: RemapperAdapterFML is remapping method func_71260_j()V for net/minecraft/server/integrated/IntegratedServer
[20:55:59] [Client thread/DEBUG] [mixin]: RemapperAdapterFML is remapping class net/minecraft/server/integrated/IntegratedServer
[20:55:59] [Client thread/DEBUG] [mixin]: peercraft.forge.mixins.json:OpenToLanMixin from mod unknown-owner->@Inject::peercraft$onOpenToLan(Lnet/minecraft/world/GameType;ZLorg/spongepowered/asm/mixin/injection/callback/CallbackInfoReturnable;)V does use it's CallbackInfoReturnable
[20:55:59] [Client thread/DEBUG] [mixin]: peercraft.forge.mixins.json:OpenToLanMixin from mod unknown-owner->@Inject::peercraft$onOpenToLan(Lnet/minecraft/world/GameType;ZLorg/spongepowered/asm/mixin/injection/callback/CallbackInfoReturnable;)V does use it's CallbackInfoReturnable
[20:55:59] [Client thread/DEBUG] [mixin]: peercraft.forge.mixins.json:OpenToLanMixin from mod unknown-owner->@Inject::peercraft$onStopServer(Lorg/spongepowered/asm/mixin/injection/callback/CallbackInfo;)V doesn't use it's CallbackInfo
[20:55:59] [Client thread/DEBUG] [mixin]: peercraft.forge.mixins.json:OpenToLanMixin from mod unknown-owner->@Inject::peercraft$onStopServer(Lorg/spongepowered/asm/mixin/injection/callback/CallbackInfo;)V has 0 override(s) in child classes
[20:55:59] [Client thread/DEBUG] [mixin]: peercraft.forge.mixins.json:OpenToLanMixin from mod unknown-owner->@Inject::peercraft$onStopServer(Lorg/spongepowered/asm/mixin/injection/callback/CallbackInfo;)V won't be passed a CallbackInfo as a result
[20:56:00] [Client thread/INFO] [mixin]: Mixing CrashReportMixin from mixin.mixinbooter.init.json into net.minecraft.crash.CrashReport
[20:56:00] [Client thread/TRACE] [mixin]: Added class metadata for java/lang/Throwable to metadata cache
[20:56:00] [Client thread/TRACE] [mixin]: Added class metadata for java/util/HashSet to metadata cache
[20:56:00] [Client thread/TRACE] [mixin]: Added class metadata for java/util/AbstractSet to metadata cache
[20:56:00] [Client thread/TRACE] [mixin]: Added class metadata for java/util/AbstractCollection to metadata cache
[20:56:00] [Client thread/TRACE] [mixin]: Added class metadata for java/util/Collection to metadata cache
[20:56:00] [Client thread/TRACE] [mixin]: Added class metadata for java/lang/Iterable to metadata cache
[20:56:00] [Client thread/TRACE] [mixin]: Added class metadata for java/util/Set to metadata cache
[20:56:00] [Client thread/TRACE] [mixin]: Added class metadata for java/io/Serializable to metadata cache
[20:56:00] [Client thread/TRACE] [mixin]: Added class metadata for java/lang/Cloneable to metadata cache
[20:56:00] [Client thread/TRACE] [mixin]: Added class metadata for java/lang/StackTraceElement to metadata cache
[20:56:00] [Client thread/TRACE] [mixin]: Added class metadata for java/lang/Class to metadata cache
[20:56:00] [Client thread/TRACE] [mixin]: Added class metadata for java/lang/reflect/Field to metadata cache
[20:56:00] [Client thread/TRACE] [mixin]: Added class metadata for java/lang/reflect/AccessibleObject to metadata cache
[20:56:00] [Client thread/TRACE] [mixin]: Added class metadata for java/util/Iterator to metadata cache
[20:56:00] [Client thread/TRACE] [mixin]: Added class metadata for org/spongepowered/asm/mixin/transformer/ClassInfo to metadata cache
[20:56:00] [Client thread/TRACE] [mixin]: Added class metadata for zone/rong/mixinbooter/MixinBooterPlugin to metadata cache
[20:56:00] [Client thread/TRACE] [mixin]: Added class metadata for java/lang/StringBuilder to metadata cache
[20:56:00] [Client thread/TRACE] [mixin]: Added class metadata for java/lang/AbstractStringBuilder to metadata cache
[20:56:00] [Client thread/TRACE] [mixin]: Added class metadata for java/lang/Appendable to metadata cache
[20:56:00] [Client thread/TRACE] [mixin]: Added class metadata for java/lang/CharSequence to metadata cache
[20:56:00] [Client thread/TRACE] [mixin]: Added class metadata for org/spongepowered/asm/mixin/extensibility/IMixinInfo to metadata cache
[20:56:00] [Client thread/TRACE] [mixin]: Added class metadata for org/spongepowered/asm/launch/platform/GlobalMixinContextQuery to metadata cache
[20:56:00] [Client thread/TRACE] [mixin]: Added class metadata for java/lang/ReflectiveOperationException to metadata cache
[20:56:00] [Client thread/TRACE] [mixin]: Added class metadata for java/io/StringWriter to metadata cache
[20:56:00] [Client thread/TRACE] [mixin]: Added class metadata for java/io/PrintWriter to metadata cache
[20:56:00] [Client thread/DEBUG] [mixin]: RemapperAdapterFML is remapping method func_71498_d()Ljava/lang/String; for net/minecraft/crash/CrashReport
[20:56:00] [Client thread/DEBUG] [mixin]: RemapperAdapterFML is remapping class net/minecraft/crash/CrashReport
[20:56:00] [Client thread/TRACE] [mixin]: Added class metadata for java/io/Writer to metadata cache
[20:56:00] [Client thread/TRACE] [mixin]: Added class metadata for java/lang/OutOfMemoryError to metadata cache
[20:56:00] [Client thread/TRACE] [mixin]: Added class metadata for java/lang/VirtualMachineError to metadata cache
[20:56:00] [Client thread/TRACE] [mixin]: Added class metadata for java/lang/Error to metadata cache
[20:56:00] [Client thread/TRACE] [mixin]: Added class metadata for java/lang/StackOverflowError to metadata cache
[20:56:00] [Client thread/TRACE] [mixin]: Added class metadata for java/lang/NullPointerException to metadata cache
[20:56:00] [Client thread/TRACE] [mixin]: Added class metadata for java/lang/RuntimeException to metadata cache
[20:56:00] [Client thread/TRACE] [mixin]: Added class metadata for java/lang/Exception to metadata cache
[20:56:00] [Client thread/DEBUG] [mixin]: mixin.mixinbooter.init.json:CrashReportMixin from mod unknown-owner->@Inject::afterStackTracePopulation(Lorg/spongepowered/asm/mixin/injection/callback/CallbackInfoReturnable;Ljava/io/StringWriter;Ljava/io/PrintWriter;Ljava/lang/Throwable;)V does use it's CallbackInfoReturnable
[20:56:00] [Client thread/INFO] [FML]: -- System Details --
Details:
	Minecraft Version: 1.12.2
	Operating System: Linux (amd64) version 7.2.0-1-cachyos
	Java Version: 1.8.0_504, Temurin
	Java VM Version: OpenJDK 64-Bit Server VM (mixed mode), Temurin
	Memory: 738945360 bytes (704 MB) / 1297612800 bytes (1237 MB) up to 5726797824 bytes (5461 MB)
	JVM Flags: 2 total; -Xms1G -Xmx6G
	IntCache: cache: 0, tcache: 0, allocated: 0, tallocated: 0
	FML: 
	Loaded coremods (and transformers): 
MixinBooter (mixinbooter-8.9.jar)
  
PeerCraft (peercraft-forge-1.12.2-1.0.1-dev.jar)
  
	GL info: ' Vendor: 'AMD' Version: '4.6 (Compatibility Profile) Mesa 26.2.1-arch3.1' Renderer: 'AMD Radeon Graphics (radeonsi, renoir, ACO, DRM 3.64, 7.2.0-1-cachyos)'
[20:56:00] [Client thread/INFO] [FML]: MinecraftForge v14.23.5.2847 Initialized
[20:56:00] [Client thread/INFO] [FML]: Starts to replace vanilla recipe ingredients with ore ingredients.
[20:56:00] [Client thread/INFO] [FML]: Invalid recipe found with multiple oredict ingredients in the same ingredient...
[20:56:00] [Client thread/INFO] [FML]: Replaced 1227 ore ingredients
[20:56:00] [Client thread/DEBUG] [FML]: File /home/ikuku/desktop/PeerCraft/peercraft-forge-1122/run/config/injectedDependencies.json not found. No dependencies injected
[20:56:00] [Client thread/INFO] [mixin]: Mixing LoadControllerMixin from mixin.mixinbooter.init.json into net.minecraftforge.fml.common.LoadController
[20:56:00] [Client thread/TRACE] [mixin]: Added class metadata for net/minecraftforge/fml/common/LoaderState to metadata cache
[20:56:00] [Client thread/TRACE] [mixin]: Added class metadata for net/minecraftforge/fml/common/Loader to metadata cache
[20:56:00] [Client thread/TRACE] [mixin]: Added class metadata for java/util/List to metadata cache
[20:56:00] [Client thread/TRACE] [mixin]: Added class metadata for net/minecraftforge/fml/common/ModContainer to metadata cache
[20:56:00] [Client thread/TRACE] [mixin]: Added class metadata for net/minecraftforge/fml/common/ModClassLoader to metadata cache
[20:56:00] [Client thread/TRACE] [mixin]: Added class metadata for zone/rong/mixinbooter/decorator/FMLContextQuery to metadata cache
[20:56:00] [Client thread/TRACE] [mixin]: Added class metadata for net/minecraftforge/fml/common/discovery/ASMDataTable to metadata cache
[20:56:00] [Client thread/TRACE] [mixin]: Added class metadata for zone/rong/mixinbooter/ILateMixinLoader to metadata cache
[20:56:00] [Client thread/TRACE] [mixin]: Added class metadata for org/spongepowered/asm/mixin/Mixins to metadata cache
[20:56:00] [Client thread/TRACE] [mixin]: Added class metadata for zone/rong/mixinbooter/fix/MixinFixer to metadata cache
[20:56:00] [Client thread/TRACE] [mixin]: Added class metadata for org/spongepowered/asm/service/MixinService to metadata cache
[20:56:00] [Client thread/TRACE] [mixin]: Added class metadata for org/spongepowered/asm/mixin/transformer/Proxy to metadata cache
[20:56:00] [Client thread/TRACE] [mixin]: Added class metadata for org/spongepowered/asm/mixin/transformer/IMixinTransformer to metadata cache
[20:56:00] [Client thread/TRACE] [mixin]: Added class metadata for java/lang/reflect/Method to metadata cache
[20:56:00] [Client thread/TRACE] [mixin]: Added class metadata for java/lang/reflect/Executable to metadata cache
[20:56:00] [Client thread/TRACE] [mixin]: Added class metadata for org/spongepowered/asm/mixin/MixinEnvironment to metadata cache
[20:56:00] [Client thread/TRACE] [mixin]: Added class metadata for org/spongepowered/asm/mixin/extensibility/IMixinProcessor to metadata cache
[20:56:00] [Client thread/TRACE] [mixin]: Added class metadata for zone/rong/mixinbooter/MixinLoader to metadata cache
[20:56:00] [Client thread/TRACE] [mixin]: Added class metadata for org/spongepowered/asm/service/mojang/MixinServiceLaunchWrapper to metadata cache
[20:56:00] [Client thread/DEBUG] [mixin]: RemapperAdapterFML is remapping method distributeStateMessage(Lnet/minecraftforge/fml/common/LoaderState;[Ljava/lang/Object;)V for null
[20:56:00] [Client thread/DEBUG] [mixin]: mixin.mixinbooter.init.json:LoadControllerMixin from mod unknown-owner->@Inject::beforeConstructing(Lnet/minecraftforge/fml/common/LoaderState;[Ljava/lang/Object;Lorg/spongepowered/asm/mixin/injection/callback/CallbackInfo;)V doesn't use it's CallbackInfo
[20:56:00] [Client thread/DEBUG] [mixin]: mixin.mixinbooter.init.json:LoadControllerMixin from mod unknown-owner->@Inject::beforeConstructing(Lnet/minecraftforge/fml/common/LoaderState;[Ljava/lang/Object;Lorg/spongepowered/asm/mixin/injection/callback/CallbackInfo;)V has 0 override(s) in child classes
[20:56:00] [Client thread/DEBUG] [mixin]: mixin.mixinbooter.init.json:LoadControllerMixin from mod unknown-owner->@Inject::beforeConstructing(Lnet/minecraftforge/fml/common/LoaderState;[Ljava/lang/Object;Lorg/spongepowered/asm/mixin/injection/callback/CallbackInfo;)V won't be passed a CallbackInfo as a result
[20:56:00] [Client thread/TRACE] [mixin]: Added class metadata for java/lang/InstantiationException to metadata cache
[20:56:00] [Client thread/TRACE] [mixin]: Added class metadata for java/lang/IllegalAccessException to metadata cache
[20:56:00] [Client thread/DEBUG] [FML]: Building injected Mod Containers [zone.rong.mixinbooter.MixinBooterPlugin$Container, net.minecraftforge.fml.common.FMLContainer, net.minecraftforge.common.ForgeModContainer]
[20:56:00] [Client thread/INFO] [MixinBooter]: Initializing MixinBooter's Mod Container.
[20:56:00] [Client thread/DEBUG] [FML]: Attempting to load mods contained in the minecraft jar file and associated classes
[20:56:00] [Client thread/TRACE] [FML]: Skipping known library file /home/ikuku/.gradle/caches/modules-2/files-2.1/org.lwjgl.lwjgl/lwjgl/2.9.4-nightly-20150209/697517568c68e78ae0b4544145af031c81082dfe/lwjgl-2.9.4-nightly-20150209.jar
[20:56:00] [Client thread/TRACE] [FML]: Skipping known library file /home/ikuku/.gradle/caches/modules-2/files-2.1/org.lwjgl.lwjgl/lwjgl_util/2.9.4-nightly-20150209/d51a7c040a721d13efdfbd34f8b257b2df882ad0/lwjgl_util-2.9.4-nightly-20150209.jar
[20:56:00] [Client thread/TRACE] [FML]: Skipping known library file /home/ikuku/.gradle/caches/modules-2/files-2.1/org.lwjgl.lwjgl/lwjgl-platform/2.9.4-nightly-20150209/931074f46c795d2f7b30ed6395df5715cfd7675b/lwjgl-platform-2.9.4-nightly-20150209-natives-linux.jar
[20:56:00] [Client thread/DEBUG] [FML]: Found a minecraft related file at /home/ikuku/desktop/PeerCraft/peercraft-forge-1122/build/rfg/mclauncher-1.12.2.jar, examining for mod candidates
[20:56:00] [Client thread/DEBUG] [FML]: Found a minecraft related file at /home/ikuku/desktop/PeerCraft/peercraft-forge-1122/build/rfg/recompiled_minecraft-1.12.2.jar, examining for mod candidates
[20:56:00] [Client thread/TRACE] [FML]: Skipping known library file /home/ikuku/.gradle/caches/modules-2/files-2.1/net.minecraft/launchwrapper/1.12/111e7bea9c968cdb3d06ef4632bf7ff0824d0f36/launchwrapper-1.12.jar
[20:56:00] [Client thread/TRACE] [FML]: Skipping known library file /home/ikuku/.gradle/caches/modules-2/files-2.1/com.mojang/authlib/1.5.25/9834cdf236c22e84b946bba989e2f94ef5897c3c/authlib-1.5.25.jar
[20:56:00] [Client thread/DEBUG] [FML]: Found a minecraft related file at /home/ikuku/.gradle/caches/modules-2/files-2.1/com.google.code.findbugs/jsr305/2.0.1/516c03b21d50a644d538de0f0369c620989cd8f0/jsr305-2.0.1.jar, examining for mod candidates
[20:56:00] [Client thread/TRACE] [FML]: Skipping known library file /home/ikuku/.gradle/caches/modules-2/files-2.1/com.typesafe.akka/akka-actor_2.11/2.3.3/ed62e9fc709ca0f2ff1a3220daa8b70a2870078e/akka-actor_2.11-2.3.3.jar
[20:56:00] [Client thread/TRACE] [FML]: Skipping known library file /home/ikuku/.gradle/caches/modules-2/files-2.1/com.typesafe/config/1.2.1/f771f71fdae3df231bcd54d5ca2d57f0bf93f467/config-1.2.1.jar
[20:56:00] [Client thread/TRACE] [FML]: Skipping known library file /home/ikuku/.gradle/caches/modules-2/files-2.1/org.scala-lang/scala-actors-migration_2.11/1.1.0/dfa8bc42b181d5b9f1a5dd147f8ae308b893eb6f/scala-actors-migration_2.11-1.1.0.jar
[20:56:00] [Client thread/TRACE] [FML]: Skipping known library file /home/ikuku/.gradle/caches/modules-2/files-2.1/org.scala-lang/scala-compiler/2.11.5/eb2631e425d240f55ffc060c3262caa4d05d8d1a/scala-compiler-2.11.5.jar
[20:56:00] [Client thread/TRACE] [FML]: Skipping known library file /home/ikuku/.gradle/caches/modules-2/files-2.1/org.scala-lang.plugins/scala-continuations-library_2.11/1.0.2/e517c53a7e9acd6b1668c5a35eccbaa3bab9aac/scala-continuations-library_2.11-1.0.2.jar
[20:56:00] [Client thread/TRACE] [FML]: Skipping known library file /home/ikuku/.gradle/caches/modules-2/files-2.1/org.scala-lang.plugins/scala-continuations-plugin_2.11.1/1.0.2/f361a3283452c57fa30c1ee69448995de23c60f7/scala-continuations-plugin_2.11.1-1.0.2.jar
[20:56:00] [Client thread/TRACE] [FML]: Skipping known library file /home/ikuku/.gradle/caches/modules-2/files-2.1/org.scala-lang/scala-library/2.11.5/a5544bb030c5e6c3d81ad116b7dc5024f047df26/scala-library-2.11.5.jar
[20:56:00] [Client thread/TRACE] [FML]: Skipping known library file /home/ikuku/.gradle/caches/modules-2/files-2.1/org.scala-lang/scala-parser-combinators_2.11/1.0.1/f05d7345bf5a58924f2837c6c1f4d73a938e1ff0/scala-parser-combinators_2.11-1.0.1.jar
[20:56:00] [Client thread/TRACE] [FML]: Skipping known library file /home/ikuku/.gradle/caches/modules-2/files-2.1/org.scala-lang/scala-reflect/2.11.5/69ce65b0f0767c4e5eafaf789fdde7aab78bd9d/scala-reflect-2.11.5.jar
[20:56:00] [Client thread/TRACE] [FML]: Skipping known library file /home/ikuku/.gradle/caches/modules-2/files-2.1/org.scala-lang/scala-swing_2.11/1.0.1/b1cdd92bd47b1e1837139c1c53020e86bb9112ae/scala-swing_2.11-1.0.1.jar
[20:56:00] [Client thread/TRACE] [FML]: Skipping known library file /home/ikuku/.gradle/caches/modules-2/files-2.1/org.scala-lang/scala-xml_2.11/1.0.2/7a80ec00aec122fba7cd4e0d4cdd87ff7e4cb6d0/scala-xml_2.11-1.0.2.jar
[20:56:00] [Client thread/TRACE] [FML]: Skipping known library file /home/ikuku/.gradle/caches/modules-2/files-2.1/lzma/lzma/0.0.1/521616dc7487b42bef0e803bd2fa3faf668101d7/lzma-0.0.1.jar
[20:56:00] [Client thread/DEBUG] [FML]: Found a minecraft related file at /home/ikuku/.gradle/caches/modules-2/files-2.1/org.ow2.asm/asm-debug-all/5.2/3354e11e2b34215f06dab629ab88e06aca477c19/asm-debug-all-5.2.jar, examining for mod candidates
[20:56:00] [Client thread/TRACE] [FML]: Skipping known library file /home/ikuku/.gradle/caches/modules-2/files-2.1/org.jline/jline/3.5.1/51800e9d7a13608894a5a28eed0f5c7fa2f300fb/jline-3.5.1.jar
[20:56:00] [Client thread/TRACE] [FML]: Skipping known library file /home/ikuku/.gradle/caches/modules-2/files-2.1/java3d/vecmath/1.5.2/79846ba34cbd89e2422d74d53752f993dcc2ccaf/vecmath-1.5.2.jar
[20:56:00] [Client thread/TRACE] [FML]: Skipping known library file /home/ikuku/.gradle/caches/modules-2/files-2.1/net.sf.trove4j/trove4j/3.0.3/42ccaf4761f0dfdfa805c9e340d99a755907e2dd/trove4j-3.0.3.jar
[20:56:00] [Client thread/DEBUG] [FML]: Found a minecraft related file at /home/ikuku/.gradle/caches/modules-2/files-2.1/org.apache.maven/maven-artifact/3.5.3/7dc72b6d6d8a6dced3d294ed54c2cc3515ade9f4/maven-artifact-3.5.3.jar, examining for mod candidates
[20:56:00] [Client thread/TRACE] [FML]: Skipping known library file /home/ikuku/.gradle/caches/modules-2/files-2.1/com.paulscode/codecjorbis/20101023/c73b5636faf089d9f00e8732a829577de25237ee/codecjorbis-20101023.jar
[20:56:00] [Client thread/TRACE] [FML]: Skipping known library file /home/ikuku/.gradle/caches/modules-2/files-2.1/com.paulscode/codecwav/20101023/12f031cfe88fef5c1dd36c563c0a3a69bd7261da/codecwav-20101023.jar
[20:56:00] [Client thread/TRACE] [FML]: Skipping known library file /home/ikuku/.gradle/caches/modules-2/files-2.1/com.paulscode/libraryjavasound/20101123/5c5e304366f75f9eaa2e8cca546a1fb6109348b3/libraryjavasound-20101123.jar
[20:56:00] [Client thread/TRACE] [FML]: Skipping known library file /home/ikuku/.gradle/caches/modules-2/files-2.1/com.paulscode/librarylwjglopenal/20100824/73e80d0794c39665aec3f62eee88ca91676674ef/librarylwjglopenal-20100824.jar
[20:56:00] [Client thread/TRACE] [FML]: Skipping known library file /home/ikuku/.gradle/caches/modules-2/files-2.1/com.paulscode/soundsystem/20120107/419c05fe9be71f792b2d76cfc9b67f1ed0fec7f6/soundsystem-20120107.jar
[20:56:00] [Client thread/DEBUG] [FML]: Found a minecraft related file at /home/ikuku/.gradle/caches/modules-2/files-2.1/com.mojang/patchy/1.3.9/eb8bb7b66fa0e2152b1b40b3856e82f7619439ee/patchy-1.3.9.jar, examining for mod candidates
[20:56:00] [Client thread/TRACE] [FML]: Skipping known library file /home/ikuku/.gradle/caches/modules-2/files-2.1/oshi-project/oshi-core/1.1/9ddf7b048a8d701be231c0f4f95fd986198fd2d8/oshi-core-1.1.jar
[20:56:00] [Client thread/DEBUG] [FML]: Found a minecraft related file at /home/ikuku/.gradle/caches/modules-2/files-2.1/com.mojang/text2speech/1.10.3/48fd510879dff266c3815947de66e3d4809f8668/text2speech-1.10.3.jar, examining for mod candidates
[20:56:00] [Client thread/DEBUG] [FML]: Found a minecraft related file at /home/ikuku/.gradle/caches/modules-2/files-2.1/com.mojang/text2speech/1.10.3/ab7896aec3b3dd272b06194357f2d98f832c0cfc/text2speech-1.10.3-natives-linux.jar, examining for mod candidates
[20:56:00] [Client thread/DEBUG] [FML]: Found a minecraft related file at /home/ikuku/.gradle/caches/modules-2/files-2.1/ca.weblite/java-objc-bridge/1.0.0/6ef160c3133a78de015830860197602ca1c855d3/java-objc-bridge-1.0.0.jar, examining for mod candidates
[20:56:00] [Client thread/TRACE] [FML]: Skipping known library file /home/ikuku/.gradle/caches/modules-2/files-2.1/net.java.dev.jna/jna/4.4.0/cb208278274bf12ebdb56c61bd7407e6f774d65a/jna-4.4.0.jar
[20:56:00] [Client thread/TRACE] [FML]: Skipping known library file /home/ikuku/.gradle/caches/modules-2/files-2.1/net.java.dev.jna/platform/3.4.0/e3f70017be8100d3d6923f50b3d2ee17714e9c13/platform-3.4.0.jar
[20:56:00] [Client thread/TRACE] [FML]: Skipping known library file /home/ikuku/.gradle/caches/modules-2/files-2.1/com.ibm.icu/icu4j-core-mojang/51.2/63d216a9311cca6be337c1e458e587f99d382b84/icu4j-core-mojang-51.2.jar
[20:56:00] [Client thread/TRACE] [FML]: Skipping known library file /home/ikuku/.gradle/caches/modules-2/files-2.1/net.sf.jopt-simple/jopt-simple/5.0.3/cdd846cfc4e0f7eefafc02c0f5dce32b9303aa2a/jopt-simple-5.0.3.jar
[20:56:00] [Client thread/TRACE] [FML]: Skipping known library file /home/ikuku/.gradle/caches/modules-2/files-2.1/io.netty/netty-all/4.1.9.Final/97860965d6a0a6b98e7f569f3f966727b8db75/netty-all-4.1.9.Final.jar
[20:56:00] [Client thread/TRACE] [FML]: Skipping known library file /home/ikuku/.gradle/caches/modules-2/files-2.1/com.google.guava/guava/21.0/3a3d111be1be1b745edfa7d91678a12d7ed38709/guava-21.0.jar
[20:56:00] [Client thread/TRACE] [FML]: Skipping known library file /home/ikuku/.gradle/caches/modules-2/files-2.1/org.apache.commons/commons-lang3/3.5/6c6c702c89bfff3cd9e80b04d668c5e190d588c6/commons-lang3-3.5.jar
[20:56:00] [Client thread/TRACE] [FML]: Skipping known library file /home/ikuku/.gradle/caches/modules-2/files-2.1/commons-io/commons-io/2.5/2852e6e05fbb95076fc091f6d1780f1f8fe35e0f/commons-io-2.5.jar
[20:56:00] [Client thread/TRACE] [FML]: Skipping known library file /home/ikuku/.gradle/caches/modules-2/files-2.1/com.mojang/realms/1.10.22/bd0dccebdf3744c75f1ca20063f16e8f7d5e663f/realms-1.10.22.jar
[20:56:00] [Client thread/TRACE] [FML]: Skipping known library file /home/ikuku/.gradle/caches/modules-2/files-2.1/org.apache.httpcomponents/httpclient/4.3.3/18f4247ff4572a074444572cee34647c43e7c9c7/httpclient-4.3.3.jar
[20:56:00] [Client thread/TRACE] [FML]: Skipping known library file /home/ikuku/.gradle/caches/modules-2/files-2.1/commons-codec/commons-codec/1.10/4b95f4897fa13f2cd904aee711aeafc0c5295cd8/commons-codec-1.10.jar
[20:56:00] [Client thread/TRACE] [FML]: Skipping known library file /home/ikuku/.gradle/caches/modules-2/files-2.1/com.google.code.gson/gson/2.8.0/c4ba5371a29ac9b2ad6129b1d39ea38750043eff/gson-2.8.0.jar
[20:56:00] [Client thread/TRACE] [FML]: Skipping known library file /home/ikuku/.gradle/caches/modules-2/files-2.1/org.apache.commons/commons-compress/1.8.1/a698750c16740fd5b3871425f4cb3bbaa87f529d/commons-compress-1.8.1.jar
[20:56:00] [Client thread/TRACE] [FML]: Skipping known library file /home/ikuku/.gradle/caches/modules-2/files-2.1/commons-logging/commons-logging/1.1.3/f6f66e966c70a83ffbdb6f17a0919eaf7c8aca7f/commons-logging-1.1.3.jar
[20:56:00] [Client thread/TRACE] [FML]: Skipping known library file /home/ikuku/.gradle/caches/modules-2/files-2.1/org.apache.httpcomponents/httpcore/4.3.2/31fbbff1ddbf98f3aa7377c94d33b0447c646b6e/httpcore-4.3.2.jar
[20:56:00] [Client thread/TRACE] [FML]: Skipping known library file /home/ikuku/.gradle/caches/modules-2/files-2.1/it.unimi.dsi/fastutil/7.1.0/9835253257524c1be7ab50c057aa2d418fb72082/fastutil-7.1.0.jar
[20:56:00] [Client thread/TRACE] [FML]: Skipping known library file /home/ikuku/.gradle/caches/modules-2/files-2.1/org.apache.logging.log4j/log4j-core/2.17.1/779f60f3844dadc3ef597976fcb1e5127b1f343d/log4j-core-2.17.1.jar
[20:56:00] [Client thread/TRACE] [FML]: Skipping known library file /home/ikuku/.gradle/caches/modules-2/files-2.1/org.apache.logging.log4j/log4j-api/2.17.1/d771af8e336e372fb5399c99edabe0919aeaf5b2/log4j-api-2.17.1.jar
[20:56:00] [Client thread/TRACE] [FML]: Skipping known library file /home/ikuku/.gradle/caches/modules-2/files-2.1/net.java.jinput/jinput-platform/2.0.5/7ff832a6eb9ab6a767f1ade2b548092d0fa64795/jinput-platform-2.0.5-natives-linux.jar
[20:56:00] [Client thread/DEBUG] [FML]: Found a minecraft related file at /home/ikuku/.gradle/caches/modules-2/files-2.1/org.codehaus.plexus/plexus-utils/3.1.0/60eecb6f15abdb1c653ad80abaac6fe188b3feaa/plexus-utils-3.1.0.jar, examining for mod candidates
[20:56:00] [Client thread/DEBUG] [FML]: Found a minecraft related file at /home/ikuku/desktop/PeerCraft/peercraft-forge-1122/build/libs/peercraft-forge-1.12.2-1.0.1-dev.jar, examining for mod candidates
[20:56:00] [Client thread/DEBUG] [FML]: Found a minecraft related file at /home/ikuku/.gradle/caches/modules-2/files-2.1/zone.rong/mixinbooter/8.9/dfa664921d299a4e06a3cd65222a30fce2675e49/mixinbooter-8.9.jar, examining for mod candidates
[20:56:00] [Client thread/DEBUG] [FML]: Minecraft jar mods loaded successfully
[20:56:00] [Client thread/INFO] [FML]: Searching /home/ikuku/desktop/PeerCraft/peercraft-forge-1122/run/mods for mods
[20:56:00] [Client thread/DEBUG] [FML]: Examining file mclauncher-1.12.2.jar for potential mods
[20:56:00] [Client thread/DEBUG] [FML]: The mod container mclauncher-1.12.2.jar appears to be missing an mcmod.info file
[20:56:00] [Client thread/DEBUG] [FML]: Examining file recompiled_minecraft-1.12.2.jar for potential mods
[20:56:00] [Client thread/DEBUG] [FML]: The mod container recompiled_minecraft-1.12.2.jar appears to be missing an mcmod.info file
[20:56:01] [Client thread/DEBUG] [FML]: Examining file jsr305-2.0.1.jar for potential mods
[20:56:01] [Client thread/DEBUG] [FML]: The mod container jsr305-2.0.1.jar appears to be missing an mcmod.info file
[20:56:01] [Client thread/DEBUG] [FML]: Examining file asm-debug-all-5.2.jar for potential mods
[20:56:01] [Client thread/DEBUG] [FML]: The mod container asm-debug-all-5.2.jar appears to be missing an mcmod.info file
[20:56:01] [Client thread/DEBUG] [FML]: Examining file maven-artifact-3.5.3.jar for potential mods
[20:56:01] [Client thread/DEBUG] [FML]: The mod container maven-artifact-3.5.3.jar appears to be missing an mcmod.info file
[20:56:01] [Client thread/DEBUG] [FML]: Examining file patchy-1.3.9.jar for potential mods
[20:56:01] [Client thread/DEBUG] [FML]: The mod container patchy-1.3.9.jar appears to be missing an mcmod.info file
[20:56:01] [Client thread/DEBUG] [FML]: Examining file text2speech-1.10.3.jar for potential mods
[20:56:01] [Client thread/DEBUG] [FML]: The mod container text2speech-1.10.3.jar appears to be missing an mcmod.info file
[20:56:01] [Client thread/DEBUG] [FML]: Examining file text2speech-1.10.3-natives-linux.jar for potential mods
[20:56:01] [Client thread/DEBUG] [FML]: The mod container text2speech-1.10.3-natives-linux.jar appears to be missing an mcmod.info file
[20:56:01] [Client thread/DEBUG] [FML]: Examining file java-objc-bridge-1.0.0.jar for potential mods
[20:56:01] [Client thread/DEBUG] [FML]: The mod container java-objc-bridge-1.0.0.jar appears to be missing an mcmod.info file
[20:56:01] [Client thread/DEBUG] [FML]: Examining file plexus-utils-3.1.0.jar for potential mods
[20:56:01] [Client thread/DEBUG] [FML]: The mod container plexus-utils-3.1.0.jar appears to be missing an mcmod.info file
[20:56:01] [Client thread/DEBUG] [FML]: Examining file peercraft-forge-1.12.2-1.0.1-dev.jar for potential mods
[20:56:01] [Client thread/TRACE] [FML]: Located mcmod.info file in file peercraft-forge-1.12.2-1.0.1-dev.jar
[20:56:01] [Client thread/DEBUG] [FML]: Identified a mod of type Lnet/minecraftforge/fml/common/Mod; (net.peercraft.forge1122.PeerCraftForge) - loading
[20:56:01] [Client thread/TRACE] [FML]: Parsed dependency info for peercraft: Requirements: [] After:[] Before:[]
[20:56:01] [Client thread/DEBUG] [FML]: Examining file mixinbooter-8.9.jar for potential mods
[20:56:01] [Client thread/TRACE] [FML]: Located mcmod.info file in file mixinbooter-8.9.jar
[20:56:01] [Client thread/INFO] [FML]: Forge Mod Loader has identified 6 mods to load
[20:56:01] [Client thread/TRACE] [FML]: Received a system property request ''
[20:56:01] [Client thread/TRACE] [FML]: System property request managing the state of 0 mods
[20:56:01] [Client thread/DEBUG] [FML]: After merging, found state information for 0 mods
[20:56:01] [Client thread/DEBUG] [FML]: Mod Forge Mod Loader is missing a pack.mcmeta file, substituting a dummy one
[20:56:01] [Client thread/DEBUG] [FML]: Mod Minecraft Forge is missing a pack.mcmeta file, substituting a dummy one
[20:56:01] [Client thread/DEBUG] [FML]: Enabling mod peercraft
[20:56:01] [Client thread/DEBUG] [FML]: Mod PeerCraft is missing a pack.mcmeta file, substituting a dummy one
[20:56:01] [Client thread/TRACE] [FML]: Verifying mod requirements are satisfied
[20:56:01] [Client thread/TRACE] [FML]: All mod requirements are satisfied
[20:56:01] [Client thread/TRACE] [FML]: Sorting mods into an ordered list
[20:56:01] [Client thread/TRACE] [FML]: Mod sorting completed successfully
[20:56:01] [Client thread/DEBUG] [FML]: Mod sorting data
[20:56:01] [Client thread/DEBUG] [FML]: 	peercraft(PeerCraft:1.0.1): peercraft-forge-1.12.2-1.0.1-dev.jar ()
[20:56:01] [Client thread/DEBUG] [FML]: Loading @Config anotation data
[20:56:01] [Client thread/INFO] [mixin]: Ending MixinEnvironment[DEFAULT], applied 3 mixins
[20:56:01] [Client thread/INFO] [mixin]: Checking for additional mixins for MixinEnvironment[DEFAULT]
[20:56:01] [Client thread/TRACE] [FML]: Sending event FMLConstructionEvent to mod minecraft
[20:56:01] [Client thread/TRACE] [FML]: Sent event FMLConstructionEvent to mod minecraft
[20:56:01] [Client thread/DEBUG] [FML]: Bar Step: Construction - Minecraft took 0.008s
[20:56:01] [Client thread/TRACE] [FML]: Sending event FMLConstructionEvent to mod mcp
[20:56:01] [Client thread/TRACE] [FML]: Sent event FMLConstructionEvent to mod mcp
[20:56:01] [Client thread/DEBUG] [FML]: Bar Step: Construction - Minecraft Coder Pack took 0.001s
[20:56:01] [Client thread/TRACE] [FML]: Sending event FMLConstructionEvent to mod mixinbooter
[20:56:01] [Client thread/TRACE] [FML]: Sent event FMLConstructionEvent to mod mixinbooter
[20:56:01] [Client thread/DEBUG] [FML]: Bar Step: Construction - MixinBooter took 0.000s
[20:56:01] [Client thread/TRACE] [FML]: Sending event FMLConstructionEvent to mod FML
[20:56:01] [Client thread/TRACE] [FML]: Mod FML is using network checker : Invoking method checkModLists
[20:56:01] [Client thread/TRACE] [FML]: Testing mod FML to verify it accepts its own version in a remote connection
[20:56:01] [Client thread/TRACE] [FML]: The mod FML accepts its own version (8.0.99.99)
[20:56:01] [Client thread/INFO] [FML]: Attempting connection with missing mods [minecraft, mcp, mixinbooter, FML, forge, peercraft] at CLIENT
[20:56:01] [Client thread/INFO] [FML]: Attempting connection with missing mods [minecraft, mcp, mixinbooter, FML, forge, peercraft] at SERVER
[20:56:01] [Client thread/TRACE] [FML]: Sent event FMLConstructionEvent to mod FML
[20:56:01] [Client thread/DEBUG] [FML]: Bar Step: Construction - Forge Mod Loader took 0.280s
[20:56:01] [Client thread/TRACE] [FML]: Sending event FMLConstructionEvent to mod forge
[20:56:01] [Client thread/DEBUG] [forge]: Loading Vanilla annotations: null
[20:56:01] [Client thread/DEBUG] [forge]: Preloading CrashReport Classes
[20:56:01] [Client thread/DEBUG] [forge]: 	net/minecraft/client/Minecraft$10
[20:56:01] [Client thread/DEBUG] [forge]: 	net/minecraft/client/Minecraft$11
[20:56:01] [Client thread/DEBUG] [forge]: 	net/minecraft/client/Minecraft$12
[20:56:01] [Client thread/DEBUG] [forge]: 	net/minecraft/client/Minecraft$13
[20:56:01] [Client thread/DEBUG] [forge]: 	net/minecraft/client/Minecraft$14
[20:56:01] [Client thread/DEBUG] [forge]: 	net/minecraft/client/Minecraft$2
[20:56:01] [Client thread/DEBUG] [forge]: 	net/minecraft/client/Minecraft$3
[20:56:01] [Client thread/DEBUG] [forge]: 	net/minecraft/client/Minecraft$4
[20:56:01] [Client thread/DEBUG] [forge]: 	net/minecraft/client/Minecraft$5
[20:56:01] [Client thread/DEBUG] [forge]: 	net/minecraft/client/Minecraft$6
[20:56:01] [Client thread/DEBUG] [forge]: 	net/minecraft/client/Minecraft$7
[20:56:01] [Client thread/DEBUG] [forge]: 	net/minecraft/client/Minecraft$8
[20:56:01] [Client thread/DEBUG] [forge]: 	net/minecraft/client/Minecraft$9
[20:56:01] [Client thread/DEBUG] [forge]: 	net/minecraft/client/multiplayer/WorldClient$1
[20:56:01] [Client thread/DEBUG] [forge]: 	net/minecraft/client/multiplayer/WorldClient$2
[20:56:01] [Client thread/DEBUG] [forge]: 	net/minecraft/client/multiplayer/WorldClient$3
[20:56:01] [Client thread/DEBUG] [forge]: 	net/minecraft/client/multiplayer/WorldClient$4
[20:56:01] [Client thread/DEBUG] [forge]: 	net/minecraft/client/particle/ParticleManager$1
[20:56:01] [Client thread/DEBUG] [forge]: 	net/minecraft/client/particle/ParticleManager$2
[20:56:01] [Client thread/DEBUG] [forge]: 	net/minecraft/client/particle/ParticleManager$3
[20:56:01] [Client thread/DEBUG] [forge]: 	net/minecraft/client/particle/ParticleManager$4
[20:56:01] [Client thread/DEBUG] [forge]: 	net/minecraft/client/renderer/EntityRenderer$2
[20:56:01] [Client thread/DEBUG] [forge]: 	net/minecraft/client/renderer/EntityRenderer$3
[20:56:01] [Client thread/DEBUG] [forge]: 	net/minecraft/client/renderer/EntityRenderer$4
[20:56:01] [Client thread/DEBUG] [forge]: 	net/minecraft/client/renderer/RenderGlobal$1
[20:56:01] [Client thread/DEBUG] [forge]: 	net/minecraft/client/renderer/RenderItem$1
[20:56:01] [Client thread/DEBUG] [forge]: 	net/minecraft/client/renderer/RenderItem$2
[20:56:01] [Client thread/DEBUG] [forge]: 	net/minecraft/client/renderer/RenderItem$3
[20:56:01] [Client thread/DEBUG] [forge]: 	net/minecraft/client/renderer/RenderItem$4
[20:56:01] [Client thread/DEBUG] [forge]: 	net/minecraft/client/renderer/texture/TextureAtlasSprite$1
[20:56:01] [Client thread/DEBUG] [forge]: 	net/minecraft/client/renderer/texture/TextureManager$1
[20:56:01] [Client thread/DEBUG] [forge]: 	net/minecraft/client/renderer/texture/TextureMap$1
[20:56:01] [Client thread/DEBUG] [forge]: 	net/minecraft/client/renderer/texture/TextureMap$2
[20:56:01] [Client thread/DEBUG] [forge]: 	net/minecraft/client/renderer/texture/TextureMap$3
[20:56:01] [Client thread/DEBUG] [forge]: 	net/minecraft/crash/CrashReport$1
[20:56:01] [Client thread/DEBUG] [forge]: 	net/minecraft/crash/CrashReport$2
[20:56:01] [Client thread/DEBUG] [forge]: 	net/minecraft/crash/CrashReport$3
[20:56:01] [Client thread/DEBUG] [forge]: 	net/minecraft/crash/CrashReport$4
[20:56:01] [Client thread/DEBUG] [forge]: 	net/minecraft/crash/CrashReport$5
[20:56:01] [Client thread/DEBUG] [forge]: 	net/minecraft/crash/CrashReport$6
[20:56:01] [Client thread/DEBUG] [forge]: 	net/minecraft/crash/CrashReport$7
[20:56:01] [Client thread/DEBUG] [forge]: 	net/minecraft/crash/CrashReportCategory$1
[20:56:01] [Client thread/DEBUG] [forge]: 	net/minecraft/crash/CrashReportCategory$2
[20:56:01] [Client thread/DEBUG] [forge]: 	net/minecraft/crash/CrashReportCategory$3
[20:56:01] [Client thread/DEBUG] [forge]: 	net/minecraft/crash/CrashReportCategory$4
[20:56:01] [Client thread/DEBUG] [forge]: 	net/minecraft/crash/CrashReportCategory$5
[20:56:01] [Client thread/DEBUG] [forge]: 	net/minecraft/entity/Entity$2
[20:56:01] [Client thread/DEBUG] [forge]: 	net/minecraft/entity/Entity$3
[20:56:01] [Client thread/DEBUG] [forge]: 	net/minecraft/entity/Entity$4
[20:56:01] [Client thread/DEBUG] [forge]: 	net/minecraft/entity/Entity$5
[20:56:01] [Client thread/DEBUG] [forge]: 	net/minecraft/entity/EntityTracker$1
[20:56:01] [Client thread/DEBUG] [forge]: 	net/minecraft/entity/player/InventoryPlayer$1
[20:56:01] [Client thread/DEBUG] [forge]: 	net/minecraft/nbt/NBTTagCompound$1
[20:56:01] [Client thread/DEBUG] [forge]: 	net/minecraft/nbt/NBTTagCompound$2
[20:56:01] [Client thread/DEBUG] [forge]: 	net/minecraft/network/NetHandlerPlayServer$3
[20:56:01] [Client thread/DEBUG] [forge]: 	net/minecraft/network/NetworkSystem$6
[20:56:01] [Client thread/DEBUG] [forge]: 	net/minecraft/server/MinecraftServer$2
[20:56:01] [Client thread/DEBUG] [forge]: 	net/minecraft/server/MinecraftServer$3
[20:56:01] [Client thread/DEBUG] [forge]: 	net/minecraft/server/dedicated/DedicatedServer$3
[20:56:01] [Client thread/DEBUG] [forge]: 	net/minecraft/server/dedicated/DedicatedServer$4
[20:56:01] [Client thread/DEBUG] [forge]: 	net/minecraft/server/integrated/IntegratedServer$1
[20:56:01] [Client thread/DEBUG] [forge]: 	net/minecraft/server/integrated/IntegratedServer$2
[20:56:01] [Client thread/DEBUG] [forge]: 	net/minecraft/tileentity/CommandBlockBaseLogic$1
[20:56:01] [Client thread/DEBUG] [forge]: 	net/minecraft/tileentity/CommandBlockBaseLogic$2
[20:56:01] [Client thread/DEBUG] [forge]: 	net/minecraft/tileentity/TileEntity$1
[20:56:01] [Client thread/DEBUG] [forge]: 	net/minecraft/tileentity/TileEntity$2
[20:56:01] [Client thread/DEBUG] [forge]: 	net/minecraft/tileentity/TileEntity$3
[20:56:01] [Client thread/DEBUG] [forge]: 	net/minecraft/world/World$1
[20:56:01] [Client thread/DEBUG] [forge]: 	net/minecraft/world/World$2
[20:56:01] [Client thread/DEBUG] [forge]: 	net/minecraft/world/World$3
[20:56:01] [Client thread/DEBUG] [forge]: 	net/minecraft/world/World$4
[20:56:01] [Client thread/DEBUG] [forge]: 	net/minecraft/world/World$5
[20:56:01] [Client thread/DEBUG] [forge]: 	net/minecraft/world/chunk/Chunk$1
[20:56:01] [Client thread/DEBUG] [forge]: 	net/minecraft/world/gen/structure/MapGenStructure$1
[20:56:01] [Client thread/DEBUG] [forge]: 	net/minecraft/world/gen/structure/MapGenStructure$2
[20:56:01] [Client thread/DEBUG] [forge]: 	net/minecraft/world/gen/structure/MapGenStructure$3
[20:56:01] [Client thread/DEBUG] [forge]: 	net/minecraft/world/storage/WorldInfo$10
[20:56:01] [Client thread/DEBUG] [forge]: 	net/minecraft/world/storage/WorldInfo$2
[20:56:01] [Client thread/DEBUG] [forge]: 	net/minecraft/world/storage/WorldInfo$3
[20:56:01] [Client thread/DEBUG] [forge]: 	net/minecraft/world/storage/WorldInfo$4
[20:56:01] [Client thread/DEBUG] [forge]: 	net/minecraft/world/storage/WorldInfo$5
[20:56:01] [Client thread/DEBUG] [forge]: 	net/minecraft/world/storage/WorldInfo$6
[20:56:01] [Client thread/DEBUG] [forge]: 	net/minecraft/world/storage/WorldInfo$7
[20:56:01] [Client thread/DEBUG] [forge]: 	net/minecraft/world/storage/WorldInfo$8
[20:56:01] [Client thread/DEBUG] [forge]: 	net/minecraft/world/storage/WorldInfo$9
[20:56:01] [Client thread/DEBUG] [forge]: 	net/minecraftforge/common/util/TextTable
[20:56:01] [Client thread/DEBUG] [forge]: 	net/minecraftforge/common/util/TextTable$Alignment
[20:56:01] [Client thread/DEBUG] [forge]: 	net/minecraftforge/common/util/TextTable$Column
[20:56:01] [Client thread/DEBUG] [forge]: 	net/minecraftforge/common/util/TextTable$Row
[20:56:01] [Client thread/DEBUG] [forge]: 	net/minecraftforge/fml/client/SplashProgress$1
[20:56:01] [Client thread/DEBUG] [forge]: 	net/minecraftforge/fml/common/FMLCommonHandler$1
[20:56:01] [Client thread/DEBUG] [forge]: 	net/minecraftforge/fml/common/ICrashCallable
[20:56:01] [Client thread/DEBUG] [forge]: 	net/minecraftforge/fml/common/Loader$1
[20:56:01] [Client thread/TRACE] [FML]: Mod forge is using network checker : No network checking performed
[20:56:01] [Client thread/TRACE] [FML]: Testing mod forge to verify it accepts its own version in a remote connection
[20:56:01] [Client thread/TRACE] [FML]: The mod forge accepts its own version (14.23.5.2847)
[20:56:01] [Client thread/DEBUG] [FML]: Attempting to inject @Config classes into forge for type INSTANCE
[20:56:01] [Client thread/TRACE] [FML]: Sent event FMLConstructionEvent to mod forge
[20:56:01] [Client thread/DEBUG] [FML]: Bar Step: Construction - Minecraft Forge took 0.069s
[20:56:01] [Client thread/TRACE] [FML]: Sending event FMLConstructionEvent to mod peercraft
[20:56:01] [Client thread/TRACE] [FML]: Mod peercraft is using network checker : Accepting version 1.0.1
[20:56:01] [Client thread/TRACE] [FML]: Testing mod peercraft to verify it accepts its own version in a remote connection
[20:56:01] [Client thread/TRACE] [FML]: The mod peercraft accepts its own version (1.0.1)
[20:56:01] [Client thread/DEBUG] [FML]: Attempting to inject @SidedProxy classes into peercraft
[20:56:01] [Client thread/DEBUG] [FML]: Attempting to inject @EventBusSubscriber classes into the eventbus for peercraft
[20:56:01] [Client thread/DEBUG] [FML]: Attempting to inject @Config classes into peercraft for type INSTANCE
[20:56:01] [Client thread/TRACE] [FML]: Sent event FMLConstructionEvent to mod peercraft
[20:56:01] [Client thread/DEBUG] [FML]: Bar Step: Construction - PeerCraft took 0.016s
[20:56:01] [Client thread/DEBUG] [FML]: Bar Finished: Construction took 0.373s
[20:56:01] [Client thread/DEBUG] [FML]: Mod signature data
[20:56:01] [Client thread/DEBUG] [FML]:  	Valid Signatures:
[20:56:01] [Client thread/DEBUG] [FML]:  	Missing Signatures:
[20:56:01] [Client thread/DEBUG] [FML]: 		minecraft	(Minecraft	1.12.2)	minecraft.jar
[20:56:01] [Client thread/DEBUG] [FML]: 		mcp	(Minecraft Coder Pack	9.42)	minecraft.jar
[20:56:01] [Client thread/DEBUG] [FML]: 		mixinbooter	(MixinBooter	8.9)	minecraft.jar
[20:56:01] [Client thread/DEBUG] [FML]: 		FML	(Forge Mod Loader	8.0.99.99)	recompiled_minecraft-1.12.2.jar
[20:56:01] [Client thread/DEBUG] [FML]: 		forge	(Minecraft Forge	14.23.5.2847)	recompiled_minecraft-1.12.2.jar
[20:56:01] [Client thread/DEBUG] [FML]: 		peercraft	(PeerCraft	1.0.1)	peercraft-forge-1.12.2-1.0.1-dev.jar
[20:56:01] [Client thread/INFO] [net.minecraft.client.resources.SimpleReloadableResourceManager]: Reloading ResourceManager: Default, FMLFileResourcePack:Forge Mod Loader, FMLFileResourcePack:Minecraft Forge, FMLFileResourcePack:PeerCraft
[20:56:01] [Client thread/DEBUG] [FML]: Bar Step: Loading Resources - Default took 0.003s
[20:56:01] [Client thread/DEBUG] [FML]: Bar Step: Loading Resources - FMLFileResourcePack:Forge Mod Loader took 0.007s
[20:56:01] [Client thread/DEBUG] [FML]: Bar Step: Loading Resources - FMLFileResourcePack:Minecraft Forge took 0.006s
[20:56:01] [Client thread/DEBUG] [FML]: Bar Step: Loading Resources - FMLFileResourcePack:PeerCraft took 0.000s
[20:56:01] [Client thread/DEBUG] [FML]: Bar Finished: Reloading - LanguageManager took 0.039s
[20:56:01] [Client thread/DEBUG] [FML]: Bar Step: Loading Resources - Reloading listeners took 0.039s
[20:56:01] [Client thread/DEBUG] [FML]: Bar Finished: Loading Resources took 0.056s
[20:56:01] [Client thread/DEBUG] [FML]: Mod Forge Mod Loader is missing a pack.mcmeta file, substituting a dummy one
[20:56:01] [Client thread/DEBUG] [FML]: Mod Minecraft Forge is missing a pack.mcmeta file, substituting a dummy one
[20:56:01] [Client thread/DEBUG] [FML]: Mod PeerCraft is missing a pack.mcmeta file, substituting a dummy one
[20:56:01] [Client thread/INFO] [FML]: Processing ObjectHolder annotations
[20:56:01] [Client thread/INFO] [FML]: Found 1168 ObjectHolder annotations
[20:56:01] [Client thread/INFO] [FML]: Identifying ItemStackHolder annotations
[20:56:01] [Client thread/INFO] [FML]: Found 0 ItemStackHolder annotations
[20:56:01] [Client thread/TRACE] [FML]: Sending event FMLPreInitializationEvent to mod minecraft
[20:56:01] [Client thread/TRACE] [FML]: Sent event FMLPreInitializationEvent to mod minecraft
[20:56:01] [Client thread/DEBUG] [FML]: Bar Step: PreInitialization - Minecraft took 0.000s
[20:56:01] [Client thread/TRACE] [FML]: Sending event FMLPreInitializationEvent to mod mcp
[20:56:01] [Client thread/TRACE] [FML]: Sent event FMLPreInitializationEvent to mod mcp
[20:56:01] [Client thread/DEBUG] [FML]: Bar Step: PreInitialization - Minecraft Coder Pack took 0.000s
[20:56:01] [Client thread/TRACE] [FML]: Sending event FMLPreInitializationEvent to mod mixinbooter
[20:56:01] [Client thread/TRACE] [FML]: Sent event FMLPreInitializationEvent to mod mixinbooter
[20:56:01] [Client thread/DEBUG] [FML]: Bar Step: PreInitialization - MixinBooter took 0.001s
[20:56:01] [Client thread/TRACE] [FML]: Sending event FMLPreInitializationEvent to mod FML
[20:56:01] [Client thread/TRACE] [FML]: Sent event FMLPreInitializationEvent to mod FML
[20:56:01] [Client thread/DEBUG] [FML]: Bar Step: PreInitialization - Forge Mod Loader took 0.000s
[20:56:01] [Client thread/TRACE] [FML]: Sending event FMLPreInitializationEvent to mod forge
[20:56:02] [Client thread/INFO] [FML]: Configured a dormant chunk cache size of 0
[20:56:02] [Client thread/TRACE] [FML]: Sent event FMLPreInitializationEvent to mod forge
[20:56:02] [Client thread/DEBUG] [FML]: Bar Step: PreInitialization - Minecraft Forge took 0.052s
[20:56:02] [Client thread/TRACE] [FML]: Sending event FMLPreInitializationEvent to mod peercraft
[20:56:02] [Forge Version Check/INFO] [forge.VersionCheck]: [forge] Starting version check at http://files.minecraftforge.net/maven/net/minecraftforge/forge/promotions_slim.json
[20:56:02] [Client thread/INFO] [peercraft]: Hello PeerCraft world!
[20:56:02] [Client thread/TRACE] [FML]: Sent event FMLPreInitializationEvent to mod peercraft
[20:56:02] [Client thread/DEBUG] [FML]: Bar Step: PreInitialization - PeerCraft took 0.004s
[20:56:02] [Client thread/DEBUG] [FML]: Bar Finished: PreInitialization took 0.057s
[20:56:02] [Client thread/INFO] [FML]: Applying holder lookups
[20:56:02] [Client thread/INFO] [FML]: Holder lookups applied
[20:56:02] [Client thread/INFO] [FML]: Applying holder lookups
[20:56:02] [Client thread/INFO] [FML]: Holder lookups applied
[20:56:02] [Client thread/INFO] [FML]: Applying holder lookups
[20:56:02] [Client thread/INFO] [FML]: Holder lookups applied
[20:56:02] [Client thread/INFO] [FML]: Applying holder lookups
[20:56:02] [Client thread/INFO] [FML]: Holder lookups applied
[20:56:02] [Client thread/INFO] [FML]: Injecting itemstacks
[20:56:02] [Client thread/INFO] [FML]: Itemstack injection complete
[20:56:02] [Client thread/DEBUG] [FML]: Bar Finished: Loading Resource - TextureManager took 0.000s
[20:56:02] [Client thread/DEBUG] [FML]: Bar Finished: Loading sounds took 0.260s
[20:56:02] [Client thread/DEBUG] [FML]: Bar Finished: Loading Resource - SoundHandler took 0.282s
[20:56:02] [Sound Library Loader/INFO] [net.minecraft.client.audio.SoundManager]: Starting up SoundSystem...
[20:56:02] [Client thread/DEBUG] [FML]: Bar Finished: Loading Resource - FontRenderer took 0.002s
[20:56:02] [Client thread/DEBUG] [FML]: Bar Finished: Loading Resource - FontRenderer took 0.002s
[20:56:02] [Client thread/DEBUG] [FML]: Bar Finished: Loading Resource - GrassColorReloadListener took 0.008s
[20:56:02] [Client thread/DEBUG] [FML]: Bar Finished: Loading Resource - FoliageColorReloadListener took 0.006s
[20:56:02] [Client thread/DEBUG] [FML]: Bar Step: Rendering Setup - GL Setup took 0.001s
[20:56:02] [Client thread/DEBUG] [FML]: Bar Step: Rendering Setup - Loading Texture Map took 0.007s
[20:56:02] [Thread-3/INFO] [FML]: Using sync timing. 200 frames of Display.update took 126052032 nanos
[20:56:02] [Client thread/DEBUG] [FML]: Bar Finished: Loading Resource - B3DLoader took 0.000s
[20:56:02] [Client thread/DEBUG] [FML]: Bar Finished: Loading Resource - OBJLoader took 0.000s
[20:56:02] [Client thread/DEBUG] [FML]: Bar Finished: Loading Resource - ModelFluid$FluidLoader took 0.000s
[20:56:02] [Client thread/DEBUG] [FML]: Bar Finished: Loading Resource - ItemLayerModel$Loader took 0.000s
[20:56:02] [Client thread/DEBUG] [FML]: Bar Finished: Loading Resource - MultiLayerModel$Loader took 0.000s
[20:56:02] [Client thread/DEBUG] [FML]: Bar Finished: Loading Resource - ModelDynBucket$LoaderDynBucket took 0.000s
[20:56:02] [Thread-4/INFO] [net.minecraft.client.audio.SoundManager]: Initializing LWJGL OpenAL
[20:56:02] [Thread-4/INFO] [net.minecraft.client.audio.SoundManager]: (The LWJGL binding of OpenAL.  For more information, see http://www.lwjgl.org)
[20:56:02] [Thread-4/INFO] [net.minecraft.client.audio.SoundManager]: OpenAL initialized.
[20:56:02] [Sound Library Loader/INFO] [net.minecraft.client.audio.SoundManager]: Sound engine started
[20:56:03] [Client thread/DEBUG] [FML]: Bar Finished: ModelLoader: blocks took 1.305s
[20:56:03] [Forge Version Check/DEBUG] [forge.VersionCheck]: [forge] Received version check data:
{
  "homepage": "https://files.minecraftforge.net/net/minecraftforge/forge/",
  "promos": {
    "1.1-latest": "1.3.4.29",
    "1.2.3-latest": "1.4.1.64",
    "1.2.4-latest": "2.0.0.68",
    "1.2.5-latest": "3.4.9.171",
    "1.3.2-latest": "4.3.5.318",
    "1.4.0-latest": "5.0.0.326",
    "1.4.1-latest": "6.0.0.329",
    "1.4.2-latest": "6.0.1.355",
    "1.4.3-latest": "6.2.1.358",
    "1.4.4-latest": "6.3.0.378",
    "1.4.5-latest": "6.4.2.448",
    "1.4.6-latest": "6.5.0.489",
    "1.4.7-latest": "6.6.2.534",
    "1.5-latest": "7.7.0.598",
    "1.5.1-latest": "7.7.2.682",
    "1.5.2-latest": "7.8.1.738",
    "1.5.2-recommended": "7.8.1.738",
    "1.6.1-latest": "8.9.0.775",
    "1.6.2-latest": "9.10.1.871",
    "1.6.2-recommended": "9.10.1.871",
    "1.6.3-latest": "9.11.0.878",
    "1.6.4-latest": "9.11.1.1345",
    "1.6.4-recommended": "9.11.1.1345",
    "1.7.2-latest": "10.12.2.1161",
    "1.7.2-recommended": "10.12.2.1161",
    "1.7.10-latest": "10.13.4.1614",
    "1.7.10-recommended": "10.13.4.1614",
    "1.8-latest": "11.14.4.1577",
    "1.8-recommended": "11.14.4.1563",
    "1.8.8-latest": "11.15.0.1655",
    "1.8.9-latest": "11.15.1.2318",
    "1.8.9-recommended": "11.15.1.2318",
    "1.9-latest": "12.16.1.1938",
    "1.9-recommended": "12.16.1.1887",
    "1.9.4-latest": "12.17.0.2317",
    "1.9.4-recommended": "12.17.0.2317",
    "1.10-latest": "12.18.0.2000",
    "1.10.2-latest": "12.18.3.2511",
    "1.10.2-recommended": "12.18.3.2511",
    "1.11-latest": "13.19.1.2199",
    "1.11-recommended": "13.19.1.2189",
    "1.11.2-latest": "13.20.1.2588",
    "1.11.2-recommended": "13.20.1.2588",
    "1.12-latest": "14.21.1.2443",
    "1.12-recommended": "14.21.1.2387",
    "1.12.1-latest": "14.22.1.2485",
    "1.12.1-recommended": "14.22.1.2478",
    "1.12.2-latest": "14.23.5.2864",
    "1.12.2-recommended": "14.23.5.2859",
    "1.13.2-latest": "25.0.223",
    "1.14.2-latest": "26.0.63",
    "1.14.3-latest": "27.0.60",
    "1.14.4-latest": "28.2.30",
    "1.14.4-recommended": "28.2.26",
    "1.15-latest": "29.0.4",
    "1.15.1-latest": "30.0.51",
    "1.15.2-latest": "31.2.62",
    "1.15.2-recommended": "31.2.57",
    "1.16.1-latest": "32.0.108",
    "1.16.2-latest": "33.0.61",
    "1.16.3-latest": "34.1.42",
    "1.16.3-recommended": "34.1.0",
    "1.16.4-latest": "35.1.37",
    "1.16.4-recommended": "35.1.4",
    "1.16.5-latest": "36.2.42",
    "1.16.5-recommended": "36.2.34",
    "1.17.1-latest": "37.1.1",
    "1.17.1-recommended": "37.1.1",
    "1.18-latest": "38.0.17",
    "1.18.1-latest": "39.1.2",
    "1.18.1-recommended": "39.1.0",
    "1.18.2-recommended": "40.3.0",
    "1.18.2-latest": "40.3.12",
    "1.19-latest": "41.1.0",
    "1.19-recommended": "41.1.0",
    "1.19.1-latest": "42.0.9",
    "1.19.2-recommended": "43.5.0",
    "1.19.2-latest": "43.5.2",
    "1.19.3-latest": "44.1.23",
    "1.19.3-recommended": "44.1.0",
    "1.19.4-recommended": "45.4.0",
    "1.19.4-latest": "45.4.5",
    "1.20-latest": "46.0.14",
    "1.20.1-recommended": "47.4.10",
    "1.20.1-latest": "47.4.23",
    "1.20.2-latest": "48.1.0",
    "1.20.2-recommended": "48.1.0",
    "1.20.3-latest": "49.0.2",
    "1.20.4-latest": "49.2.8",
    "1.20.4-recommended": "49.2.0",
    "1.20.6-latest": "50.2.10",
    "1.20.6-recommended": "50.2.0",
    "1.21-latest": "51.0.33",
    "1.21.1-latest": "52.1.16",
    "1.21.1-recommended": "52.1.0",
    "1.21.3-latest": "53.1.12",
    "1.21.3-recommended": "53.1.0",
    "1.21.4-latest": "54.1.18",
    "1.21.4-recommended": "54.1.14",
    "1.21.5-latest": "55.1.13",
    "1.21.5-recommended": "55.1.0",
    "1.21.6-latest": "56.0.9",
    "1.21.7-latest": "57.0.3",
    "1.21.8-latest": "58.1.22",
    "1.21.8-recommended": "58.1.0",
    "1.21.9-latest": "59.0.5",
    "1.21.10-latest": "60.1.15",
    "1.21.10-recommended": "60.1.0",
    "1.21.11-latest": "61.2.1",
    "1.21.11-recommended": "61.2.0",
    "26.1-latest": "62.0.9",
    "26.1.1-latest": "63.0.2",
    "26.1.2-latest": "64.1.3",
    "26.1.2-recommended": "64.1.0",
    "26.2-latest": "65.1.3",
    "26.2-recommended": "65.1.0"
  }
}
[20:56:03] [Forge Version Check/INFO] [forge.VersionCheck]: [forge] Found status: OUTDATED Target: 14.23.5.2859
[20:56:03] [Client thread/DEBUG] [FML]: Bar Finished: ModelLoader: items took 0.130s
[20:56:03] [Client thread/INFO] [FML]: Max texture size: 16384
[20:56:04] [Client thread/DEBUG] [FML]: Bar Finished: Texture stitching took 0.197s
[20:56:04] [Client thread/DEBUG] [FML]: Bar Finished: Texture stitching took 0.015s
[20:56:04] [Client thread/INFO] [net.minecraft.client.renderer.texture.TextureMap]: Created: 512x512 textures-atlas
[20:56:04] [Client thread/DEBUG] [FML]: Bar Finished: Texture creation took 0.020s
[20:56:04] [Client thread/DEBUG] [FML]: Bar Finished: Texture mipmap and upload took 0.027s
[20:56:04] [Client thread/DEBUG] [FML]: Bar Finished: ModelLoader: baking took 0.362s
[20:56:04] [Client thread/DEBUG] [FML]: Bar Finished: Loading Resource - ModelManager took 2.185s
[20:56:04] [Client thread/DEBUG] [FML]: Bar Step: Rendering Setup - Loading Model Manager took 2.250s
[20:56:04] [Client thread/DEBUG] [FML]: Bar Finished: Loading Resource - RenderItem took 0.010s
[20:56:04] [Client thread/DEBUG] [FML]: Bar Step: Rendering Setup - Loading Item Renderer took 0.229s
[20:56:04] [Client thread/DEBUG] [FML]: Bar Finished: Loading Resource - EntityRenderer took 0.000s
[20:56:04] [Client thread/DEBUG] [FML]: Bar Finished: Loading Resource - BlockRendererDispatcher took 0.000s
[20:56:04] [Client thread/DEBUG] [FML]: Bar Finished: Loading Resource - RenderGlobal took 0.000s
[20:56:05] [Client thread/DEBUG] [FML]: Bar Finished: Loading Resource - SearchTreeManager took 0.072s
[20:56:05] [Client thread/DEBUG] [FML]: Bar Step: Rendering Setup - Loading Entity Renderer took 0.267s
[20:56:05] [Client thread/DEBUG] [FML]: Bar Finished: Rendering Setup took 2.753s
[20:56:05] [Client thread/INFO] [FML]: Applying holder lookups
[20:56:05] [Client thread/INFO] [FML]: Holder lookups applied
[20:56:05] [Client thread/TRACE] [FML]: Sending event FMLInitializationEvent to mod minecraft
[20:56:05] [Client thread/TRACE] [FML]: Sent event FMLInitializationEvent to mod minecraft
[20:56:05] [Client thread/DEBUG] [FML]: Bar Step: Initialization - Minecraft took 0.001s
[20:56:05] [Client thread/TRACE] [FML]: Sending event FMLInitializationEvent to mod mcp
[20:56:05] [Client thread/TRACE] [FML]: Sent event FMLInitializationEvent to mod mcp
[20:56:05] [Client thread/DEBUG] [FML]: Bar Step: Initialization - Minecraft Coder Pack took 0.001s
[20:56:05] [Client thread/TRACE] [FML]: Sending event FMLInitializationEvent to mod mixinbooter
[20:56:05] [Client thread/TRACE] [FML]: Sent event FMLInitializationEvent to mod mixinbooter
[20:56:05] [Client thread/DEBUG] [FML]: Bar Step: Initialization - MixinBooter took 0.001s
[20:56:05] [Client thread/TRACE] [FML]: Sending event FMLInitializationEvent to mod FML
[20:56:05] [Client thread/TRACE] [FML]: Sent event FMLInitializationEvent to mod FML
[20:56:05] [Client thread/DEBUG] [FML]: Bar Step: Initialization - Forge Mod Loader took 0.000s
[20:56:05] [Client thread/TRACE] [FML]: Sending event FMLInitializationEvent to mod forge
[20:56:05] [Client thread/TRACE] [FML]: Sent event FMLInitializationEvent to mod forge
[20:56:05] [Client thread/DEBUG] [FML]: Bar Step: Initialization - Minecraft Forge took 0.000s
[20:56:05] [Client thread/TRACE] [FML]: Sending event FMLInitializationEvent to mod peercraft
[20:56:05] [Client thread/INFO] [peercraft]: [P2PBridge] Запрошен запуск локального TCP-прокси на 127.0.0.1:25566
[20:56:05] [PeerCraft-LocalProxy/INFO] [peercraft]: [LocalProxy] Локальный TCP-прокси успешно запущен на 127.0.0.1:25566
[20:56:05] [PeerCraft-LocalProxy/INFO] [peercraft]: [LocalProxy] Во втором Minecraft-клиенте подключайся к адресу 127.0.0.1:25566
[20:56:05] [Client thread/INFO] [peercraft]: [PeerCraft Receiver] UDP сокет успешно запущен на 0.0.0.0:50002 (буфер приёма: 4194304 байт)
[20:56:05] [Client thread/INFO] [peercraft]: [P2PBridge] Назначен целевой хост: 127.0.0.1:50001
[20:56:05] [Client thread/INFO] [peercraft]: [P2PBridge] КЛИЕНТ ГОТОВ: UDP слушает на 50002, пакеты шлёт на 127.0.0.1:50001
[20:56:05] [Client thread/TRACE] [FML]: Sent event FMLInitializationEvent to mod peercraft
[20:56:05] [Client thread/DEBUG] [FML]: Bar Step: Initialization - PeerCraft took 0.082s
[20:56:05] [Client thread/DEBUG] [FML]: Bar Finished: Initialization took 0.085s
[20:56:05] [Client thread/TRACE] [FML]: Attempting to deliver 0 IMC messages to mod minecraft
[20:56:05] [Client thread/TRACE] [FML]: Sending event IMCEvent to mod minecraft
[20:56:05] [Client thread/TRACE] [FML]: Sent event IMCEvent to mod minecraft
[20:56:05] [Client thread/DEBUG] [FML]: Bar Step: InterModComms$IMC - Minecraft took 0.003s
[20:56:05] [Client thread/TRACE] [FML]: Attempting to deliver 0 IMC messages to mod mcp
[20:56:05] [Client thread/TRACE] [FML]: Sending event IMCEvent to mod mcp
[20:56:05] [Client thread/TRACE] [FML]: Sent event IMCEvent to mod mcp
[20:56:05] [Client thread/DEBUG] [FML]: Bar Step: InterModComms$IMC - Minecraft Coder Pack took 0.000s
[20:56:05] [Client thread/TRACE] [FML]: Attempting to deliver 0 IMC messages to mod mixinbooter
[20:56:05] [Client thread/TRACE] [FML]: Sending event IMCEvent to mod mixinbooter
[20:56:05] [Client thread/TRACE] [FML]: Sent event IMCEvent to mod mixinbooter
[20:56:05] [Client thread/DEBUG] [FML]: Bar Step: InterModComms$IMC - MixinBooter took 0.000s
[20:56:05] [Client thread/TRACE] [FML]: Attempting to deliver 0 IMC messages to mod FML
[20:56:05] [Client thread/TRACE] [FML]: Sending event IMCEvent to mod FML
[20:56:05] [Client thread/TRACE] [FML]: Sent event IMCEvent to mod FML
[20:56:05] [Client thread/DEBUG] [FML]: Bar Step: InterModComms$IMC - Forge Mod Loader took 0.000s
[20:56:05] [Client thread/TRACE] [FML]: Attempting to deliver 0 IMC messages to mod forge
[20:56:05] [Client thread/TRACE] [FML]: Sending event IMCEvent to mod forge
[20:56:05] [Client thread/TRACE] [FML]: Sent event IMCEvent to mod forge
[20:56:05] [Client thread/DEBUG] [FML]: Bar Step: InterModComms$IMC - Minecraft Forge took 0.000s
[20:56:05] [Client thread/TRACE] [FML]: Attempting to deliver 0 IMC messages to mod peercraft
[20:56:05] [Client thread/TRACE] [FML]: Sending event IMCEvent to mod peercraft
[20:56:05] [Client thread/TRACE] [FML]: Sent event IMCEvent to mod peercraft
[20:56:05] [Client thread/DEBUG] [FML]: Bar Step: InterModComms$IMC - PeerCraft took 0.000s
[20:56:05] [Client thread/DEBUG] [FML]: Bar Finished: InterModComms$IMC took 0.004s
[20:56:05] [Client thread/INFO] [FML]: Injecting itemstacks
[20:56:05] [Client thread/INFO] [FML]: Itemstack injection complete
[20:56:05] [Client thread/TRACE] [FML]: Sending event FMLPostInitializationEvent to mod minecraft
[20:56:05] [Client thread/TRACE] [FML]: Sent event FMLPostInitializationEvent to mod minecraft
[20:56:05] [Client thread/DEBUG] [FML]: Bar Step: PostInitialization - Minecraft took 0.000s
[20:56:05] [Client thread/TRACE] [FML]: Sending event FMLPostInitializationEvent to mod mcp
[20:56:05] [Client thread/TRACE] [FML]: Sent event FMLPostInitializationEvent to mod mcp
[20:56:05] [Client thread/DEBUG] [FML]: Bar Step: PostInitialization - Minecraft Coder Pack took 0.000s
[20:56:05] [Client thread/TRACE] [FML]: Sending event FMLPostInitializationEvent to mod mixinbooter
[20:56:05] [Client thread/TRACE] [FML]: Sent event FMLPostInitializationEvent to mod mixinbooter
[20:56:05] [Client thread/DEBUG] [FML]: Bar Step: PostInitialization - MixinBooter took 0.000s
[20:56:05] [Client thread/TRACE] [FML]: Sending event FMLPostInitializationEvent to mod FML
[20:56:05] [Client thread/TRACE] [FML]: Sent event FMLPostInitializationEvent to mod FML
[20:56:05] [Client thread/DEBUG] [FML]: Bar Step: PostInitialization - Forge Mod Loader took 0.000s
[20:56:05] [Client thread/TRACE] [FML]: Sending event FMLPostInitializationEvent to mod forge
[20:56:05] [Client thread/TRACE] [FML]: Sent event FMLPostInitializationEvent to mod forge
[20:56:05] [Client thread/DEBUG] [FML]: Bar Step: PostInitialization - Minecraft Forge took 0.009s
[20:56:05] [Client thread/TRACE] [FML]: Sending event FMLPostInitializationEvent to mod peercraft
[20:56:05] [Client thread/TRACE] [FML]: Sent event FMLPostInitializationEvent to mod peercraft
[20:56:05] [Client thread/DEBUG] [FML]: Bar Step: PostInitialization - PeerCraft took 0.000s
[20:56:05] [Client thread/DEBUG] [FML]: Bar Finished: PostInitialization took 0.010s
[20:56:05] [Client thread/TRACE] [FML]: Sending event FMLLoadCompleteEvent to mod minecraft
[20:56:05] [Client thread/TRACE] [FML]: Sent event FMLLoadCompleteEvent to mod minecraft
[20:56:05] [Client thread/DEBUG] [FML]: Bar Step: LoadComplete - Minecraft took 0.000s
[20:56:05] [Client thread/TRACE] [FML]: Sending event FMLLoadCompleteEvent to mod mcp
[20:56:05] [Client thread/TRACE] [FML]: Sent event FMLLoadCompleteEvent to mod mcp
[20:56:05] [Client thread/DEBUG] [FML]: Bar Step: LoadComplete - Minecraft Coder Pack took 0.000s
[20:56:05] [Client thread/TRACE] [FML]: Sending event FMLLoadCompleteEvent to mod mixinbooter
[20:56:05] [Client thread/TRACE] [FML]: Sent event FMLLoadCompleteEvent to mod mixinbooter
[20:56:05] [Client thread/DEBUG] [FML]: Bar Step: LoadComplete - MixinBooter took 0.000s
[20:56:05] [Client thread/TRACE] [FML]: Sending event FMLLoadCompleteEvent to mod FML
[20:56:05] [Client thread/TRACE] [FML]: Sent event FMLLoadCompleteEvent to mod FML
[20:56:05] [Client thread/DEBUG] [FML]: Bar Step: LoadComplete - Forge Mod Loader took 0.000s
[20:56:05] [Client thread/TRACE] [FML]: Sending event FMLLoadCompleteEvent to mod forge
[20:56:05] [Client thread/DEBUG] [FML]: Forge RecipeSorter Baking:
[20:56:05] [Client thread/DEBUG] [FML]:   16: RecipeEntry("Before", UNKNOWN, )
[20:56:05] [Client thread/DEBUG] [FML]:   15: RecipeEntry("minecraft:shaped", SHAPED, net.minecraft.item.crafting.ShapedRecipes) Before: minecraft:shapeless
[20:56:05] [Client thread/DEBUG] [FML]:   14: RecipeEntry("forge:shapedore", SHAPED, net.minecraftforge.oredict.ShapedOreRecipe) Before: minecraft:shapeless After: minecraft:shaped
[20:56:05] [Client thread/DEBUG] [FML]:   13: RecipeEntry("minecraft:mapextending", SHAPED, net.minecraft.item.crafting.RecipesMapExtending) Before: minecraft:shapeless After: minecraft:shaped
[20:56:05] [Client thread/DEBUG] [FML]:   12: RecipeEntry("minecraft:shapeless", SHAPELESS, net.minecraft.item.crafting.ShapelessRecipes) After: minecraft:shaped
[20:56:05] [Client thread/DEBUG] [FML]:   11: RecipeEntry("minecraft:repair", SHAPELESS, net.minecraft.item.crafting.RecipeRepairItem) After: minecraft:shapeless
[20:56:05] [Client thread/DEBUG] [FML]:   10: RecipeEntry("minecraft:shield_deco", SHAPELESS, net.minecraft.item.crafting.ShieldRecipes$Decoration) After: minecraft:shapeless
[20:56:05] [Client thread/DEBUG] [FML]:   9: RecipeEntry("minecraft:armordyes", SHAPELESS, net.minecraft.item.crafting.RecipesArmorDyes) After: minecraft:shapeless
[20:56:05] [Client thread/DEBUG] [FML]:   8: RecipeEntry("minecraft:fireworks", SHAPELESS, net.minecraft.item.crafting.RecipeFireworks) After: minecraft:shapeless
[20:56:05] [Client thread/DEBUG] [FML]:   7: RecipeEntry("minecraft:pattern_dupe", SHAPELESS, net.minecraft.item.crafting.RecipesBanners$RecipeDuplicatePattern) After: minecraft:shapeless
[20:56:05] [Client thread/DEBUG] [FML]:   6: RecipeEntry("minecraft:tippedarrow", SHAPELESS, net.minecraft.item.crafting.RecipeTippedArrow) After: minecraft:shapeless
[20:56:05] [Client thread/DEBUG] [FML]:   5: RecipeEntry("minecraft:mapcloning", SHAPELESS, net.minecraft.item.crafting.RecipesMapCloning) After: minecraft:shapeless
[20:56:05] [Client thread/DEBUG] [FML]:   4: RecipeEntry("forge:shapelessore", SHAPELESS, net.minecraftforge.oredict.ShapelessOreRecipe) After: minecraft:shapeless
[20:56:05] [Client thread/DEBUG] [FML]:   3: RecipeEntry("minecraft:pattern_add", SHAPELESS, net.minecraft.item.crafting.RecipesBanners$RecipeAddPattern) After: minecraft:shapeless
[20:56:05] [Client thread/DEBUG] [FML]:   2: RecipeEntry("minecraft:bookcloning", SHAPELESS, net.minecraft.item.crafting.RecipeBookCloning) After: minecraft:shapeless
[20:56:05] [Client thread/DEBUG] [FML]:   1: RecipeEntry("After", UNKNOWN, )
[20:56:05] [Client thread/DEBUG] [FML]: Sorting recipes
[20:56:05] [Client thread/TRACE] [FML]: Sent event FMLLoadCompleteEvent to mod forge
[20:56:05] [Client thread/DEBUG] [FML]: Bar Step: LoadComplete - Minecraft Forge took 0.005s
[20:56:05] [Client thread/TRACE] [FML]: Sending event FMLLoadCompleteEvent to mod peercraft
[20:56:05] [Client thread/TRACE] [FML]: Sent event FMLLoadCompleteEvent to mod peercraft
[20:56:05] [Client thread/DEBUG] [FML]: Bar Step: LoadComplete - PeerCraft took 0.000s
[20:56:05] [Client thread/DEBUG] [FML]: Bar Finished: LoadComplete took 0.006s
[20:56:05] [Client thread/DEBUG] [FML]: Freezing registries
[20:56:05] [Client thread/TRACE] [FML]: Sending event FMLModIdMappingEvent to mod minecraft
[20:56:05] [Client thread/TRACE] [FML]: Sent event FMLModIdMappingEvent to mod minecraft
[20:56:05] [Client thread/DEBUG] [FML]: Bar Step: ModIdMapping - Minecraft took 0.000s
[20:56:05] [Client thread/TRACE] [FML]: Sending event FMLModIdMappingEvent to mod mcp
[20:56:05] [Client thread/TRACE] [FML]: Sent event FMLModIdMappingEvent to mod mcp
[20:56:05] [Client thread/DEBUG] [FML]: Bar Step: ModIdMapping - Minecraft Coder Pack took 0.000s
[20:56:05] [Client thread/TRACE] [FML]: Sending event FMLModIdMappingEvent to mod mixinbooter
[20:56:05] [Client thread/TRACE] [FML]: Sent event FMLModIdMappingEvent to mod mixinbooter
[20:56:05] [Client thread/DEBUG] [FML]: Bar Step: ModIdMapping - MixinBooter took 0.001s
[20:56:05] [Client thread/TRACE] [FML]: Sending event FMLModIdMappingEvent to mod FML
[20:56:05] [Client thread/TRACE] [FML]: Sent event FMLModIdMappingEvent to mod FML
[20:56:05] [Client thread/DEBUG] [FML]: Bar Step: ModIdMapping - Forge Mod Loader took 0.000s
[20:56:05] [Client thread/TRACE] [FML]: Sending event FMLModIdMappingEvent to mod forge
[20:56:05] [Client thread/TRACE] [FML]: Sent event FMLModIdMappingEvent to mod forge
[20:56:05] [Client thread/DEBUG] [FML]: Bar Step: ModIdMapping - Minecraft Forge took 0.149s
[20:56:05] [Client thread/TRACE] [FML]: Sending event FMLModIdMappingEvent to mod peercraft
[20:56:05] [Client thread/TRACE] [FML]: Sent event FMLModIdMappingEvent to mod peercraft
[20:56:05] [Client thread/DEBUG] [FML]: Bar Step: ModIdMapping - PeerCraft took 0.000s
[20:56:05] [Client thread/DEBUG] [FML]: Bar Finished: ModIdMapping took 0.151s
[20:56:05] [Client thread/DEBUG] [FML]: All registries frozen
[20:56:05] [Client thread/INFO] [FML]: Forge Mod Loader has successfully loaded 6 mods
[20:56:05] [Client thread/WARN] [net.minecraft.client.settings.GameSettings]: Skipping bad option: lastServer:
[20:56:05] [Client thread/DEBUG] [FML]: Bar Finished: Loading took 5.184s
[20:56:05] [Client thread/WARN] [com.mojang.text2speech.NarratorLinux]: ERROR : Couldn't load Narrator library : Unable to load library 'fliteWrapper': Can't obtain InputStream for linux-x86-64/libfliteWrapper.so
[20:56:05] [Client thread/DEBUG] [FML]: Bar Finished: Loading Resource - CloudRenderer took 0.006s
[20:56:06] [Realms Notification Availability checker #1/INFO] [com.mojang.realmsclient.client.RealmsClient]: Could not authorize you against Realms server: java.lang.RuntimeException: Failed to parse into SignedJWT: 0
[20:56:33] [Server thread/INFO] [peercraft]: Starting integrated minecraft server version 1.12.2
[20:56:33] [Server thread/INFO] [peercraft]: Generating keypair
[20:56:33] [Server thread/TRACE] [FML]: Sending event FMLServerAboutToStartEvent to mod minecraft
[20:56:33] [Server thread/TRACE] [FML]: Sent event FMLServerAboutToStartEvent to mod minecraft
[20:56:33] [Server thread/DEBUG] [FML]: Bar Step: ServerAboutToStart - Minecraft took 0.000s
[20:56:33] [Server thread/TRACE] [FML]: Sending event FMLServerAboutToStartEvent to mod mcp
[20:56:33] [Server thread/TRACE] [FML]: Sent event FMLServerAboutToStartEvent to mod mcp
[20:56:33] [Server thread/DEBUG] [FML]: Bar Step: ServerAboutToStart - Minecraft Coder Pack took 0.000s
[20:56:33] [Server thread/TRACE] [FML]: Sending event FMLServerAboutToStartEvent to mod mixinbooter
[20:56:33] [Server thread/TRACE] [FML]: Sent event FMLServerAboutToStartEvent to mod mixinbooter
[20:56:33] [Server thread/DEBUG] [FML]: Bar Step: ServerAboutToStart - MixinBooter took 0.000s
[20:56:33] [Server thread/TRACE] [FML]: Sending event FMLServerAboutToStartEvent to mod FML
[20:56:33] [Server thread/TRACE] [FML]: Sent event FMLServerAboutToStartEvent to mod FML
[20:56:33] [Server thread/DEBUG] [FML]: Bar Step: ServerAboutToStart - Forge Mod Loader took 0.000s
[20:56:33] [Server thread/TRACE] [FML]: Sending event FMLServerAboutToStartEvent to mod forge
[20:56:33] [Server thread/TRACE] [FML]: Sent event FMLServerAboutToStartEvent to mod forge
[20:56:33] [Server thread/DEBUG] [FML]: Bar Step: ServerAboutToStart - Minecraft Forge took 0.000s
[20:56:33] [Server thread/TRACE] [FML]: Sending event FMLServerAboutToStartEvent to mod peercraft
[20:56:33] [Server thread/TRACE] [FML]: Sent event FMLServerAboutToStartEvent to mod peercraft
[20:56:33] [Server thread/DEBUG] [FML]: Bar Step: ServerAboutToStart - PeerCraft took 0.000s
[20:56:33] [Server thread/DEBUG] [FML]: Bar Finished: ServerAboutToStart took 0.001s
[20:56:33] [Server thread/INFO] [FML]: Injecting existing registry data into this server instance
[20:56:33] [Server thread/TRACE] [FML]: Registry Name : minecraft:blocks
[20:56:33] [Server thread/TRACE] [FML]:   Registry: 0 minecraft:air Block{minecraft:air}
[20:56:33] [Server thread/TRACE] [FML]:   Registry: 1 minecraft:stone Block{minecraft:stone}
[20:56:33] [Server thread/TRACE] [FML]:   Registry: 2 minecraft:grass Block{minecraft:grass}
[20:56:33] [Server thread/TRACE] [FML]:   Registry: 3 minecraft:dirt Block{minecraft:dirt}
[20:56:33] [Server thread/TRACE] [FML]:   Registry: 4 minecraft:cobblestone Block{minecraft:cobblestone}
[20:56:33] [Server thread/TRACE] [FML]:   Registry: 5 minecraft:planks Block{minecraft:planks}
[20:56:33] [Server thread/TRACE] [FML]:   Registry: 6 minecraft:sapling Block{minecraft:sapling}
[20:56:33] [Server thread/TRACE] [FML]:   Registry: 7 minecraft:bedrock Block{minecraft:bedrock}
[20:56:33] [Server thread/TRACE] [FML]:   Registry: 8 minecraft:flowing_water Block{minecraft:flowing_water}
[20:56:33] [Server thread/TRACE] [FML]:   Registry: 9 minecraft:water Block{minecraft:water}
[20:56:33] [Server thread/TRACE] [FML]:   Registry: 10 minecraft:flowing_lava Block{minecraft:flowing_lava}
[20:56:33] [Server thread/TRACE] [FML]:   Registry: 11 minecraft:lava Block{minecraft:lava}
[20:56:33] [Server thread/TRACE] [FML]:   Registry: 12 minecraft:sand Block{minecraft:sand}
[20:56:33] [Server thread/TRACE] [FML]:   Registry: 13 minecraft:gravel Block{minecraft:gravel}
[20:56:33] [Server thread/TRACE] [FML]:   Registry: 14 minecraft:gold_ore Block{minecraft:gold_ore}
[20:56:33] [Server thread/TRACE] [FML]:   Registry: 15 minecraft:iron_ore Block{minecraft:iron_ore}
[20:56:33] [Server thread/TRACE] [FML]:   Registry: 16 minecraft:coal_ore Block{minecraft:coal_ore}
[20:56:33] [Server thread/TRACE] [FML]:   Registry: 17 minecraft:log Block{minecraft:log}
[20:56:33] [Server thread/TRACE] [FML]:   Registry: 18 minecraft:leaves Block{minecraft:leaves}
[20:56:33] [Server thread/TRACE] [FML]:   Registry: 19 minecraft:sponge Block{minecraft:sponge}
[20:56:33] [Server thread/TRACE] [FML]:   Registry: 20 minecraft:glass Block{minecraft:glass}
[20:56:33] [Server thread/TRACE] [FML]:   Registry: 21 minecraft:lapis_ore Block{minecraft:lapis_ore}
[20:56:33] [Server thread/TRACE] [FML]:   Registry: 22 minecraft:lapis_block Block{minecraft:lapis_block}
[20:56:33] [Server thread/TRACE] [FML]:   Registry: 23 minecraft:dispenser Block{minecraft:dispenser}
[20:56:33] [Server thread/TRACE] [FML]:   Registry: 24 minecraft:sandstone Block{minecraft:sandstone}
[20:56:33] [Server thread/TRACE] [FML]:   Registry: 25 minecraft:noteblock Block{minecraft:noteblock}
[20:56:33] [Server thread/TRACE] [FML]:   Registry: 26 minecraft:bed Block{minecraft:bed}
[20:56:33] [Server thread/TRACE] [FML]:   Registry: 27 minecraft:golden_rail Block{minecraft:golden_rail}
[20:56:33] [Server thread/TRACE] [FML]:   Registry: 28 minecraft:detector_rail Block{minecraft:detector_rail}
[20:56:33] [Server thread/TRACE] [FML]:   Registry: 29 minecraft:sticky_piston Block{minecraft:sticky_piston}
[20:56:33] [Server thread/TRACE] [FML]:   Registry: 30 minecraft:web Block{minecraft:web}
[20:56:33] [Server thread/TRACE] [FML]:   Registry: 31 minecraft:tallgrass Block{minecraft:tallgrass}
[20:56:33] [Server thread/TRACE] [FML]:   Registry: 32 minecraft:deadbush Block{minecraft:deadbush}
[20:56:33] [Server thread/TRACE] [FML]:   Registry: 33 minecraft:piston Block{minecraft:piston}
[20:56:33] [Server thread/TRACE] [FML]:   Registry: 34 minecraft:piston_head Block{minecraft:piston_head}
[20:56:33] [Server thread/TRACE] [FML]:   Registry: 35 minecraft:wool Block{minecraft:wool}
[20:56:33] [Server thread/TRACE] [FML]:   Registry: 36 minecraft:piston_extension Block{minecraft:piston_extension}
[20:56:33] [Server thread/TRACE] [FML]:   Registry: 37 minecraft:yellow_flower Block{minecraft:yellow_flower}
[20:56:33] [Server thread/TRACE] [FML]:   Registry: 38 minecraft:red_flower Block{minecraft:red_flower}
[20:56:33] [Server thread/TRACE] [FML]:   Registry: 39 minecraft:brown_mushroom Block{minecraft:brown_mushroom}
[20:56:33] [Server thread/TRACE] [FML]:   Registry: 40 minecraft:red_mushroom Block{minecraft:red_mushroom}
[20:56:33] [Server thread/TRACE] [FML]:   Registry: 41 minecraft:gold_block Block{minecraft:gold_block}
[20:56:33] [Server thread/TRACE] [FML]:   Registry: 42 minecraft:iron_block Block{minecraft:iron_block}
[20:56:33] [Server thread/TRACE] [FML]:   Registry: 43 minecraft:double_stone_slab Block{minecraft:double_stone_slab}
[20:56:33] [Server thread/TRACE] [FML]:   Registry: 44 minecraft:stone_slab Block{minecraft:stone_slab}
[20:56:33] [Server thread/TRACE] [FML]:   Registry: 45 minecraft:brick_block Block{minecraft:brick_block}
[20:56:33] [Server thread/TRACE] [FML]:   Registry: 46 minecraft:tnt Block{minecraft:tnt}
[20:56:33] [Server thread/TRACE] [FML]:   Registry: 47 minecraft:bookshelf Block{minecraft:bookshelf}
[20:56:33] [Server thread/TRACE] [FML]:   Registry: 48 minecraft:mossy_cobblestone Block{minecraft:mossy_cobblestone}
[20:56:33] [Server thread/TRACE] [FML]:   Registry: 49 minecraft:obsidian Block{minecraft:obsidian}
[20:56:33] [Server thread/TRACE] [FML]:   Registry: 50 minecraft:torch Block{minecraft:torch}
[20:56:33] [Server thread/TRACE] [FML]:   Registry: 51 minecraft:fire Block{minecraft:fire}
[20:56:33] [Server thread/TRACE] [FML]:   Registry: 52 minecraft:mob_spawner Block{minecraft:mob_spawner}
[20:56:33] [Server thread/TRACE] [FML]:   Registry: 53 minecraft:oak_stairs Block{minecraft:oak_stairs}
[20:56:33] [Server thread/TRACE] [FML]:   Registry: 54 minecraft:chest Block{minecraft:chest}
[20:56:33] [Server thread/TRACE] [FML]:   Registry: 55 minecraft:redstone_wire Block{minecraft:redstone_wire}
[20:56:33] [Server thread/TRACE] [FML]:   Registry: 56 minecraft:diamond_ore Block{minecraft:diamond_ore}
[20:56:33] [Server thread/TRACE] [FML]:   Registry: 57 minecraft:diamond_block Block{minecraft:diamond_block}
[20:56:33] [Server thread/TRACE] [FML]:   Registry: 58 minecraft:crafting_table Block{minecraft:crafting_table}
[20:56:33] [Server thread/TRACE] [FML]:   Registry: 59 minecraft:wheat Block{minecraft:wheat}
[20:56:33] [Server thread/TRACE] [FML]:   Registry: 60 minecraft:farmland Block{minecraft:farmland}
[20:56:33] [Server thread/TRACE] [FML]:   Registry: 61 minecraft:furnace Block{minecraft:furnace}
[20:56:33] [Server thread/TRACE] [FML]:   Registry: 62 minecraft:lit_furnace Block{minecraft:lit_furnace}
[20:56:33] [Server thread/TRACE] [FML]:   Registry: 63 minecraft:standing_sign Block{minecraft:standing_sign}
[20:56:33] [Server thread/TRACE] [FML]:   Registry: 64 minecraft:wooden_door Block{minecraft:wooden_door}
[20:56:33] [Server thread/TRACE] [FML]:   Registry: 65 minecraft:ladder Block{minecraft:ladder}
[20:56:33] [Server thread/TRACE] [FML]:   Registry: 66 minecraft:rail Block{minecraft:rail}
[20:56:33] [Server thread/TRACE] [FML]:   Registry: 67 minecraft:stone_stairs Block{minecraft:stone_stairs}
[20:56:33] [Server thread/TRACE] [FML]:   Registry: 68 minecraft:wall_sign Block{minecraft:wall_sign}
[20:56:33] [Server thread/TRACE] [FML]:   Registry: 69 minecraft:lever Block{minecraft:lever}
[20:56:33] [Server thread/TRACE] [FML]:   Registry: 70 minecraft:stone_pressure_plate Block{minecraft:stone_pressure_plate}
[20:56:33] [Server thread/TRACE] [FML]:   Registry: 71 minecraft:iron_door Block{minecraft:iron_door}
[20:56:33] [Server thread/TRACE] [FML]:   Registry: 72 minecraft:wooden_pressure_plate Block{minecraft:wooden_pressure_plate}
[20:56:33] [Server thread/TRACE] [FML]:   Registry: 73 minecraft:redstone_ore Block{minecraft:redstone_ore}
[20:56:33] [Server thread/TRACE] [FML]:   Registry: 74 minecraft:lit_redstone_ore Block{minecraft:lit_redstone_ore}
[20:56:33] [Server thread/TRACE] [FML]:   Registry: 75 minecraft:unlit_redstone_torch Block{minecraft:unlit_redstone_torch}
[20:56:33] [Server thread/TRACE] [FML]:   Registry: 76 minecraft:redstone_torch Block{minecraft:redstone_torch}
[20:56:33] [Server thread/TRACE] [FML]:   Registry: 77 minecraft:stone_button Block{minecraft:stone_button}
[20:56:33] [Server thread/TRACE] [FML]:   Registry: 78 minecraft:snow_layer Block{minecraft:snow_layer}
[20:56:33] [Server thread/TRACE] [FML]:   Registry: 79 minecraft:ice Block{minecraft:ice}
[20:56:33] [Server thread/TRACE] [FML]:   Registry: 80 minecraft:snow Block{minecraft:snow}
[20:56:33] [Server thread/TRACE] [FML]:   Registry: 81 minecraft:cactus Block{minecraft:cactus}
[20:56:33] [Server thread/TRACE] [FML]:   Registry: 82 minecraft:clay Block{minecraft:clay}
[20:56:33] [Server thread/TRACE] [FML]:   Registry: 83 minecraft:reeds Block{minecraft:reeds}
[20:56:33] [Server thread/TRACE] [FML]:   Registry: 84 minecraft:jukebox Block{minecraft:jukebox}
[20:56:33] [Server thread/TRACE] [FML]:   Registry: 85 minecraft:fence Block{minecraft:fence}
[20:56:33] [Server thread/TRACE] [FML]:   Registry: 86 minecraft:pumpkin Block{minecraft:pumpkin}
[20:56:33] [Server thread/TRACE] [FML]:   Registry: 87 minecraft:netherrack Block{minecraft:netherrack}
[20:56:33] [Server thread/TRACE] [FML]:   Registry: 88 minecraft:soul_sand Block{minecraft:soul_sand}
[20:56:33] [Server thread/TRACE] [FML]:   Registry: 89 minecraft:glowstone Block{minecraft:glowstone}
[20:56:33] [Server thread/TRACE] [FML]:   Registry: 90 minecraft:portal Block{minecraft:portal}
[20:56:33] [Server thread/TRACE] [FML]:   Registry: 91 minecraft:lit_pumpkin Block{minecraft:lit_pumpkin}
[20:56:33] [Server thread/TRACE] [FML]:   Registry: 92 minecraft:cake Block{minecraft:cake}
[20:56:33] [Server thread/TRACE] [FML]:   Registry: 93 minecraft:unpowered_repeater Block{minecraft:unpowered_repeater}
[20:56:33] [Server thread/TRACE] [FML]:   Registry: 94 minecraft:powered_repeater Block{minecraft:powered_repeater}
[20:56:33] [Server thread/TRACE] [FML]:   Registry: 95 minecraft:stained_glass Block{minecraft:stained_glass}
[20:56:33] [Server thread/TRACE] [FML]:   Registry: 96 minecraft:trapdoor Block{minecraft:trapdoor}
[20:56:33] [Server thread/TRACE] [FML]:   Registry: 97 minecraft:monster_egg Block{minecraft:monster_egg}
[20:56:33] [Server thread/TRACE] [FML]:   Registry: 98 minecraft:stonebrick Block{minecraft:stonebrick}
[20:56:33] [Server thread/TRACE] [FML]:   Registry: 99 minecraft:brown_mushroom_block Block{minecraft:brown_mushroom_block}
[20:56:33] [Server thread/TRACE] [FML]:   Registry: 100 minecraft:red_mushroom_block Block{minecraft:red_mushroom_block}
[20:56:33] [Server thread/TRACE] [FML]:   Registry: 101 minecraft:iron_bars Block{minecraft:iron_bars}
[20:56:33] [Server thread/TRACE] [FML]:   Registry: 102 minecraft:glass_pane Block{minecraft:glass_pane}
[20:56:33] [Server thread/TRACE] [FML]:   Registry: 103 minecraft:melon_block Block{minecraft:melon_block}
[20:56:33] [Server thread/TRACE] [FML]:   Registry: 104 minecraft:pumpkin_stem Block{minecraft:pumpkin_stem}
[20:56:33] [Server thread/TRACE] [FML]:   Registry: 105 minecraft:melon_stem Block{minecraft:melon_stem}
[20:56:33] [Server thread/TRACE] [FML]:   Registry: 106 minecraft:vine Block{minecraft:vine}
[20:56:33] [Server thread/TRACE] [FML]:   Registry: 107 minecraft:fence_gate Block{minecraft:fence_gate}
[20:56:33] [Server thread/TRACE] [FML]:   Registry: 108 minecraft:brick_stairs Block{minecraft:brick_stairs}
[20:56:33] [Server thread/TRACE] [FML]:   Registry: 109 minecraft:stone_brick_stairs Block{minecraft:stone_brick_stairs}
[20:56:33] [Server thread/TRACE] [FML]:   Registry: 110 minecraft:mycelium Block{minecraft:mycelium}
[20:56:33] [Server thread/TRACE] [FML]:   Registry: 111 minecraft:waterlily Block{minecraft:waterlily}
[20:56:33] [Server thread/TRACE] [FML]:   Registry: 112 minecraft:nether_brick Block{minecraft:nether_brick}
[20:56:33] [Server thread/TRACE] [FML]:   Registry: 113 minecraft:nether_brick_fence Block{minecraft:nether_brick_fence}
[20:56:33] [Server thread/TRACE] [FML]:   Registry: 114 minecraft:nether_brick_stairs Block{minecraft:nether_brick_stairs}
[20:56:33] [Server thread/TRACE] [FML]:   Registry: 115 minecraft:nether_wart Block{minecraft:nether_wart}
[20:56:33] [Server thread/TRACE] [FML]:   Registry: 116 minecraft:enchanting_table Block{minecraft:enchanting_table}
[20:56:33] [Server thread/TRACE] [FML]:   Registry: 117 minecraft:brewing_stand Block{minecraft:brewing_stand}
[20:56:33] [Server thread/TRACE] [FML]:   Registry: 118 minecraft:cauldron Block{minecraft:cauldron}
[20:56:33] [Server thread/TRACE] [FML]:   Registry: 119 minecraft:end_portal Block{minecraft:end_portal}
[20:56:33] [Server thread/TRACE] [FML]:   Registry: 120 minecraft:end_portal_frame Block{minecraft:end_portal_frame}
[20:56:33] [Server thread/TRACE] [FML]:   Registry: 121 minecraft:end_stone Block{minecraft:end_stone}
[20:56:33] [Server thread/TRACE] [FML]:   Registry: 122 minecraft:dragon_egg Block{minecraft:dragon_egg}
[20:56:33] [Server thread/TRACE] [FML]:   Registry: 123 minecraft:redstone_lamp Block{minecraft:redstone_lamp}
[20:56:33] [Server thread/TRACE] [FML]:   Registry: 124 minecraft:lit_redstone_lamp Block{minecraft:lit_redstone_lamp}
[20:56:33] [Server thread/TRACE] [FML]:   Registry: 125 minecraft:double_wooden_slab Block{minecraft:double_wooden_slab}
[20:56:33] [Server thread/TRACE] [FML]:   Registry: 126 minecraft:wooden_slab Block{minecraft:wooden_slab}
[20:56:33] [Server thread/TRACE] [FML]:   Registry: 127 minecraft:cocoa Block{minecraft:cocoa}
[20:56:33] [Server thread/TRACE] [FML]:   Registry: 128 minecraft:sandstone_stairs Block{minecraft:sandstone_stairs}
[20:56:33] [Server thread/TRACE] [FML]:   Registry: 129 minecraft:emerald_ore Block{minecraft:emerald_ore}
[20:56:33] [Server thread/TRACE] [FML]:   Registry: 130 minecraft:ender_chest Block{minecraft:ender_chest}
[20:56:33] [Server thread/TRACE] [FML]:   Registry: 131 minecraft:tripwire_hook Block{minecraft:tripwire_hook}
[20:56:33] [Server thread/TRACE] [FML]:   Registry: 132 minecraft:tripwire Block{minecraft:tripwire}
[20:56:33] [Server thread/TRACE] [FML]:   Registry: 133 minecraft:emerald_block Block{minecraft:emerald_block}
[20:56:33] [Server thread/TRACE] [FML]:   Registry: 134 minecraft:spruce_stairs Block{minecraft:spruce_stairs}
[20:56:33] [Server thread/TRACE] [FML]:   Registry: 135 minecraft:birch_stairs Block{minecraft:birch_stairs}
[20:56:33] [Server thread/TRACE] [FML]:   Registry: 136 minecraft:jungle_stairs Block{minecraft:jungle_stairs}
[20:56:33] [Server thread/TRACE] [FML]:   Registry: 137 minecraft:command_block Block{minecraft:command_block}
[20:56:33] [Server thread/TRACE] [FML]:   Registry: 138 minecraft:beacon Block{minecraft:beacon}
[20:56:33] [Server thread/TRACE] [FML]:   Registry: 139 minecraft:cobblestone_wall Block{minecraft:cobblestone_wall}
[20:56:33] [Server thread/TRACE] [FML]:   Registry: 140 minecraft:flower_pot Block{minecraft:flower_pot}
[20:56:33] [Server thread/TRACE] [FML]:   Registry: 141 minecraft:carrots Block{minecraft:carrots}
[20:56:33] [Server thread/TRACE] [FML]:   Registry: 142 minecraft:potatoes Block{minecraft:potatoes}
[20:56:33] [Server thread/TRACE] [FML]:   Registry: 143 minecraft:wooden_button Block{minecraft:wooden_button}
[20:56:33] [Server thread/TRACE] [FML]:   Registry: 144 minecraft:skull Block{minecraft:skull}
[20:56:33] [Server thread/TRACE] [FML]:   Registry: 145 minecraft:anvil Block{minecraft:anvil}
[20:56:33] [Server thread/TRACE] [FML]:   Registry: 146 minecraft:trapped_chest Block{minecraft:trapped_chest}
[20:56:33] [Server thread/TRACE] [FML]:   Registry: 147 minecraft:light_weighted_pressure_plate Block{minecraft:light_weighted_pressure_plate}
[20:56:33] [Server thread/TRACE] [FML]:   Registry: 148 minecraft:heavy_weighted_pressure_plate Block{minecraft:heavy_weighted_pressure_plate}
[20:56:33] [Server thread/TRACE] [FML]:   Registry: 149 minecraft:unpowered_comparator Block{minecraft:unpowered_comparator}
[20:56:33] [Server thread/TRACE] [FML]:   Registry: 150 minecraft:powered_comparator Block{minecraft:powered_comparator}
[20:56:33] [Server thread/TRACE] [FML]:   Registry: 151 minecraft:daylight_detector Block{minecraft:daylight_detector}
[20:56:33] [Server thread/TRACE] [FML]:   Registry: 152 minecraft:redstone_block Block{minecraft:redstone_block}
[20:56:33] [Server thread/TRACE] [FML]:   Registry: 153 minecraft:quartz_ore Block{minecraft:quartz_ore}
[20:56:33] [Server thread/TRACE] [FML]:   Registry: 154 minecraft:hopper Block{minecraft:hopper}
[20:56:33] [Server thread/TRACE] [FML]:   Registry: 155 minecraft:quartz_block Block{minecraft:quartz_block}
[20:56:33] [Server thread/TRACE] [FML]:   Registry: 156 minecraft:quartz_stairs Block{minecraft:quartz_stairs}
[20:56:33] [Server thread/TRACE] [FML]:   Registry: 157 minecraft:activator_rail Block{minecraft:activator_rail}
[20:56:33] [Server thread/TRACE] [FML]:   Registry: 158 minecraft:dropper Block{minecraft:dropper}
[20:56:33] [Server thread/TRACE] [FML]:   Registry: 159 minecraft:stained_hardened_clay Block{minecraft:stained_hardened_clay}
[20:56:33] [Server thread/TRACE] [FML]:   Registry: 160 minecraft:stained_glass_pane Block{minecraft:stained_glass_pane}
[20:56:33] [Server thread/TRACE] [FML]:   Registry: 161 minecraft:leaves2 Block{minecraft:leaves2}
[20:56:33] [Server thread/TRACE] [FML]:   Registry: 162 minecraft:log2 Block{minecraft:log2}
[20:56:33] [Server thread/TRACE] [FML]:   Registry: 163 minecraft:acacia_stairs Block{minecraft:acacia_stairs}
[20:56:33] [Server thread/TRACE] [FML]:   Registry: 164 minecraft:dark_oak_stairs Block{minecraft:dark_oak_stairs}
[20:56:33] [Server thread/TRACE] [FML]:   Registry: 165 minecraft:slime Block{minecraft:slime}
[20:56:33] [Server thread/TRACE] [FML]:   Registry: 166 minecraft:barrier Block{minecraft:barrier}
[20:56:33] [Server thread/TRACE] [FML]:   Registry: 167 minecraft:iron_trapdoor Block{minecraft:iron_trapdoor}
[20:56:33] [Server thread/TRACE] [FML]:   Registry: 168 minecraft:prismarine Block{minecraft:prismarine}
[20:56:33] [Server thread/TRACE] [FML]:   Registry: 169 minecraft:sea_lantern Block{minecraft:sea_lantern}
[20:56:33] [Server thread/TRACE] [FML]:   Registry: 170 minecraft:hay_block Block{minecraft:hay_block}
[20:56:33] [Server thread/TRACE] [FML]:   Registry: 171 minecraft:carpet Block{minecraft:carpet}
[20:56:33] [Server thread/TRACE] [FML]:   Registry: 172 minecraft:hardened_clay Block{minecraft:hardened_clay}
[20:56:33] [Server thread/TRACE] [FML]:   Registry: 173 minecraft:coal_block Block{minecraft:coal_block}
[20:56:33] [Server thread/TRACE] [FML]:   Registry: 174 minecraft:packed_ice Block{minecraft:packed_ice}
[20:56:33] [Server thread/TRACE] [FML]:   Registry: 175 minecraft:double_plant Block{minecraft:double_plant}
[20:56:33] [Server thread/TRACE] [FML]:   Registry: 176 minecraft:standing_banner Block{minecraft:standing_banner}
[20:56:33] [Server thread/TRACE] [FML]:   Registry: 177 minecraft:wall_banner Block{minecraft:wall_banner}
[20:56:33] [Server thread/TRACE] [FML]:   Registry: 178 minecraft:daylight_detector_inverted Block{minecraft:daylight_detector_inverted}
[20:56:33] [Server thread/TRACE] [FML]:   Registry: 179 minecraft:red_sandstone Block{minecraft:red_sandstone}
[20:56:33] [Server thread/TRACE] [FML]:   Registry: 180 minecraft:red_sandstone_stairs Block{minecraft:red_sandstone_stairs}
[20:56:33] [Server thread/TRACE] [FML]:   Registry: 181 minecraft:double_stone_slab2 Block{minecraft:double_stone_slab2}
[20:56:33] [Server thread/TRACE] [FML]:   Registry: 182 minecraft:stone_slab2 Block{minecraft:stone_slab2}
[20:56:33] [Server thread/TRACE] [FML]:   Registry: 183 minecraft:spruce_fence_gate Block{minecraft:spruce_fence_gate}
[20:56:33] [Server thread/TRACE] [FML]:   Registry: 184 minecraft:birch_fence_gate Block{minecraft:birch_fence_gate}
[20:56:33] [Server thread/TRACE] [FML]:   Registry: 185 minecraft:jungle_fence_gate Block{minecraft:jungle_fence_gate}
[20:56:33] [Server thread/TRACE] [FML]:   Registry: 186 minecraft:dark_oak_fence_gate Block{minecraft:dark_oak_fence_gate}
[20:56:33] [Server thread/TRACE] [FML]:   Registry: 187 minecraft:acacia_fence_gate Block{minecraft:acacia_fence_gate}
[20:56:33] [Server thread/TRACE] [FML]:   Registry: 188 minecraft:spruce_fence Block{minecraft:spruce_fence}
[20:56:33] [Server thread/TRACE] [FML]:   Registry: 189 minecraft:birch_fence Block{minecraft:birch_fence}
[20:56:33] [Server thread/TRACE] [FML]:   Registry: 190 minecraft:jungle_fence Block{minecraft:jungle_fence}
[20:56:33] [Server thread/TRACE] [FML]:   Registry: 191 minecraft:dark_oak_fence Block{minecraft:dark_oak_fence}
[20:56:33] [Server thread/TRACE] [FML]:   Registry: 192 minecraft:acacia_fence Block{minecraft:acacia_fence}
[20:56:33] [Server thread/TRACE] [FML]:   Registry: 193 minecraft:spruce_door Block{minecraft:spruce_door}
[20:56:33] [Server thread/TRACE] [FML]:   Registry: 194 minecraft:birch_door Block{minecraft:birch_door}
[20:56:33] [Server thread/TRACE] [FML]:   Registry: 195 minecraft:jungle_door Block{minecraft:jungle_door}
[20:56:33] [Server thread/TRACE] [FML]:   Registry: 196 minecraft:acacia_door Block{minecraft:acacia_door}
[20:56:33] [Server thread/TRACE] [FML]:   Registry: 197 minecraft:dark_oak_door Block{minecraft:dark_oak_door}
[20:56:33] [Server thread/TRACE] [FML]:   Registry: 198 minecraft:end_rod Block{minecraft:end_rod}
[20:56:33] [Server thread/TRACE] [FML]:   Registry: 199 minecraft:chorus_plant Block{minecraft:chorus_plant}
[20:56:33] [Server thread/TRACE] [FML]:   Registry: 200 minecraft:chorus_flower Block{minecraft:chorus_flower}
[20:56:33] [Server thread/TRACE] [FML]:   Registry: 201 minecraft:purpur_block Block{minecraft:purpur_block}
[20:56:33] [Server thread/TRACE] [FML]:   Registry: 202 minecraft:purpur_pillar Block{minecraft:purpur_pillar}
[20:56:33] [Server thread/TRACE] [FML]:   Registry: 203 minecraft:purpur_stairs Block{minecraft:purpur_stairs}
[20:56:33] [Server thread/TRACE] [FML]:   Registry: 204 minecraft:purpur_double_slab Block{minecraft:purpur_double_slab}
[20:56:33] [Server thread/TRACE] [FML]:   Registry: 205 minecraft:purpur_slab Block{minecraft:purpur_slab}
[20:56:33] [Server thread/TRACE] [FML]:   Registry: 206 minecraft:end_bricks Block{minecraft:end_bricks}
[20:56:33] [Server thread/TRACE] [FML]:   Registry: 207 minecraft:beetroots Block{minecraft:beetroots}
[20:56:33] [Server thread/TRACE] [FML]:   Registry: 208 minecraft:grass_path Block{minecraft:grass_path}
[20:56:33] [Server thread/TRACE] [FML]:   Registry: 209 minecraft:end_gateway Block{minecraft:end_gateway}
[20:56:33] [Server thread/TRACE] [FML]:   Registry: 210 minecraft:repeating_command_block Block{minecraft:repeating_command_block}
[20:56:33] [Server thread/TRACE] [FML]:   Registry: 211 minecraft:chain_command_block Block{minecraft:chain_command_block}
[20:56:33] [Server thread/TRACE] [FML]:   Registry: 212 minecraft:frosted_ice Block{minecraft:frosted_ice}
[20:56:33] [Server thread/TRACE] [FML]:   Registry: 213 minecraft:magma Block{minecraft:magma}
[20:56:33] [Server thread/TRACE] [FML]:   Registry: 214 minecraft:nether_wart_block Block{minecraft:nether_wart_block}
[20:56:33] [Server thread/TRACE] [FML]:   Registry: 215 minecraft:red_nether_brick Block{minecraft:red_nether_brick}
[20:56:33] [Server thread/TRACE] [FML]:   Registry: 216 minecraft:bone_block Block{minecraft:bone_block}
[20:56:33] [Server thread/TRACE] [FML]:   Registry: 217 minecraft:structure_void Block{minecraft:structure_void}
[20:56:33] [Server thread/TRACE] [FML]:   Registry: 218 minecraft:observer Block{minecraft:observer}
[20:56:33] [Server thread/TRACE] [FML]:   Registry: 219 minecraft:white_shulker_box Block{minecraft:white_shulker_box}
[20:56:33] [Server thread/TRACE] [FML]:   Registry: 220 minecraft:orange_shulker_box Block{minecraft:orange_shulker_box}
[20:56:33] [Server thread/TRACE] [FML]:   Registry: 221 minecraft:magenta_shulker_box Block{minecraft:magenta_shulker_box}
[20:56:33] [Server thread/TRACE] [FML]:   Registry: 222 minecraft:light_blue_shulker_box Block{minecraft:light_blue_shulker_box}
[20:56:33] [Server thread/TRACE] [FML]:   Registry: 223 minecraft:yellow_shulker_box Block{minecraft:yellow_shulker_box}
[20:56:33] [Server thread/TRACE] [FML]:   Registry: 224 minecraft:lime_shulker_box Block{minecraft:lime_shulker_box}
[20:56:33] [Server thread/TRACE] [FML]:   Registry: 225 minecraft:pink_shulker_box Block{minecraft:pink_shulker_box}
[20:56:33] [Server thread/TRACE] [FML]:   Registry: 226 minecraft:gray_shulker_box Block{minecraft:gray_shulker_box}
[20:56:33] [Server thread/TRACE] [FML]:   Registry: 227 minecraft:silver_shulker_box Block{minecraft:silver_shulker_box}
[20:56:33] [Server thread/TRACE] [FML]:   Registry: 228 minecraft:cyan_shulker_box Block{minecraft:cyan_shulker_box}
[20:56:33] [Server thread/TRACE] [FML]:   Registry: 229 minecraft:purple_shulker_box Block{minecraft:purple_shulker_box}
[20:56:33] [Server thread/TRACE] [FML]:   Registry: 230 minecraft:blue_shulker_box Block{minecraft:blue_shulker_box}
[20:56:33] [Server thread/TRACE] [FML]:   Registry: 231 minecraft:brown_shulker_box Block{minecraft:brown_shulker_box}
[20:56:33] [Server thread/TRACE] [FML]:   Registry: 232 minecraft:green_shulker_box Block{minecraft:green_shulker_box}
[20:56:33] [Server thread/TRACE] [FML]:   Registry: 233 minecraft:red_shulker_box Block{minecraft:red_shulker_box}
[20:56:33] [Server thread/TRACE] [FML]:   Registry: 234 minecraft:black_shulker_box Block{minecraft:black_shulker_box}
[20:56:33] [Server thread/TRACE] [FML]:   Registry: 235 minecraft:white_glazed_terracotta Block{minecraft:white_glazed_terracotta}
[20:56:33] [Server thread/TRACE] [FML]:   Registry: 236 minecraft:orange_glazed_terracotta Block{minecraft:orange_glazed_terracotta}
[20:56:33] [Server thread/TRACE] [FML]:   Registry: 237 minecraft:magenta_glazed_terracotta Block{minecraft:magenta_glazed_terracotta}
[20:56:33] [Server thread/TRACE] [FML]:   Registry: 238 minecraft:light_blue_glazed_terracotta Block{minecraft:light_blue_glazed_terracotta}
[20:56:33] [Server thread/TRACE] [FML]:   Registry: 239 minecraft:yellow_glazed_terracotta Block{minecraft:yellow_glazed_terracotta}
[20:56:33] [Server thread/TRACE] [FML]:   Registry: 240 minecraft:lime_glazed_terracotta Block{minecraft:lime_glazed_terracotta}
[20:56:33] [Server thread/TRACE] [FML]:   Registry: 241 minecraft:pink_glazed_terracotta Block{minecraft:pink_glazed_terracotta}
[20:56:33] [Server thread/TRACE] [FML]:   Registry: 242 minecraft:gray_glazed_terracotta Block{minecraft:gray_glazed_terracotta}
[20:56:33] [Server thread/TRACE] [FML]:   Registry: 243 minecraft:silver_glazed_terracotta Block{minecraft:silver_glazed_terracotta}
[20:56:33] [Server thread/TRACE] [FML]:   Registry: 244 minecraft:cyan_glazed_terracotta Block{minecraft:cyan_glazed_terracotta}
[20:56:33] [Server thread/TRACE] [FML]:   Registry: 245 minecraft:purple_glazed_terracotta Block{minecraft:purple_glazed_terracotta}
[20:56:33] [Server thread/TRACE] [FML]:   Registry: 246 minecraft:blue_glazed_terracotta Block{minecraft:blue_glazed_terracotta}
[20:56:33] [Server thread/TRACE] [FML]:   Registry: 247 minecraft:brown_glazed_terracotta Block{minecraft:brown_glazed_terracotta}
[20:56:33] [Server thread/TRACE] [FML]:   Registry: 248 minecraft:green_glazed_terracotta Block{minecraft:green_glazed_terracotta}
[20:56:33] [Server thread/TRACE] [FML]:   Registry: 249 minecraft:red_glazed_terracotta Block{minecraft:red_glazed_terracotta}
[20:56:33] [Server thread/TRACE] [FML]:   Registry: 250 minecraft:black_glazed_terracotta Block{minecraft:black_glazed_terracotta}
[20:56:33] [Server thread/TRACE] [FML]:   Registry: 251 minecraft:concrete Block{minecraft:concrete}
[20:56:33] [Server thread/TRACE] [FML]:   Registry: 252 minecraft:concrete_powder Block{minecraft:concrete_powder}
[20:56:33] [Server thread/TRACE] [FML]:   Registry: 255 minecraft:structure_block Block{minecraft:structure_block}
[20:56:33] [Server thread/TRACE] [FML]: Registry Name : minecraft:items
[20:56:33] [Server thread/TRACE] [FML]:   Registry: 0 minecraft:air net.minecraft.item.ItemAir@25216999
[20:56:33] [Server thread/TRACE] [FML]:   Registry: 1 minecraft:stone net.minecraft.item.ItemMultiTexture@537b3be1
[20:56:33] [Server thread/TRACE] [FML]:   Registry: 2 minecraft:grass net.minecraft.item.ItemColored@31f5b923
[20:56:33] [Server thread/TRACE] [FML]:   Registry: 3 minecraft:dirt net.minecraft.item.ItemMultiTexture@56299b0e
[20:56:33] [Server thread/TRACE] [FML]:   Registry: 4 minecraft:cobblestone net.minecraft.item.ItemBlock@3ca278bc
[20:56:33] [Server thread/TRACE] [FML]:   Registry: 5 minecraft:planks net.minecraft.item.ItemMultiTexture@1f68e4e8
[20:56:33] [Server thread/TRACE] [FML]:   Registry: 6 minecraft:sapling net.minecraft.item.ItemMultiTexture@5df7a065
[20:56:33] [Server thread/TRACE] [FML]:   Registry: 7 minecraft:bedrock net.minecraft.item.ItemBlock@3f45dfec
[20:56:33] [Server thread/TRACE] [FML]:   Registry: 12 minecraft:sand net.minecraft.item.ItemMultiTexture@aedc426
[20:56:33] [Server thread/TRACE] [FML]:   Registry: 13 minecraft:gravel net.minecraft.item.ItemBlock@39b85a73
[20:56:33] [Server thread/TRACE] [FML]:   Registry: 14 minecraft:gold_ore net.minecraft.item.ItemBlock@5788722f
[20:56:33] [Server thread/TRACE] [FML]:   Registry: 15 minecraft:iron_ore net.minecraft.item.ItemBlock@7a730479
[20:56:33] [Server thread/TRACE] [FML]:   Registry: 16 minecraft:coal_ore net.minecraft.item.ItemBlock@1e5b33e5
[20:56:33] [Server thread/TRACE] [FML]:   Registry: 17 minecraft:log net.minecraft.item.ItemMultiTexture@5477d90e
[20:56:33] [Server thread/TRACE] [FML]:   Registry: 18 minecraft:leaves net.minecraft.item.ItemLeaves@4ef31221
[20:56:33] [Server thread/TRACE] [FML]:   Registry: 19 minecraft:sponge net.minecraft.item.ItemMultiTexture@459d2ee6
[20:56:33] [Server thread/TRACE] [FML]:   Registry: 20 minecraft:glass net.minecraft.item.ItemBlock@5342eec5
[20:56:33] [Server thread/TRACE] [FML]:   Registry: 21 minecraft:lapis_ore net.minecraft.item.ItemBlock@60e47aab
[20:56:33] [Server thread/TRACE] [FML]:   Registry: 22 minecraft:lapis_block net.minecraft.item.ItemBlock@261a66b8
[20:56:33] [Server thread/TRACE] [FML]:   Registry: 23 minecraft:dispenser net.minecraft.item.ItemBlock@adc8683
[20:56:33] [Server thread/TRACE] [FML]:   Registry: 24 minecraft:sandstone net.minecraft.item.ItemMultiTexture@16029e2f
[20:56:33] [Server thread/TRACE] [FML]:   Registry: 25 minecraft:noteblock net.minecraft.item.ItemBlock@3b2db389
[20:56:33] [Server thread/TRACE] [FML]:   Registry: 27 minecraft:golden_rail net.minecraft.item.ItemBlock@45f1413c
[20:56:33] [Server thread/TRACE] [FML]:   Registry: 28 minecraft:detector_rail net.minecraft.item.ItemBlock@1a139347
[20:56:33] [Server thread/TRACE] [FML]:   Registry: 29 minecraft:sticky_piston net.minecraft.item.ItemPiston@4e85dcb2
[20:56:33] [Server thread/TRACE] [FML]:   Registry: 30 minecraft:web net.minecraft.item.ItemBlock@1b28cff
[20:56:33] [Server thread/TRACE] [FML]:   Registry: 31 minecraft:tallgrass net.minecraft.item.ItemColored@73dbe25
[20:56:33] [Server thread/TRACE] [FML]:   Registry: 32 minecraft:deadbush net.minecraft.item.ItemBlock@bfd97fb
[20:56:33] [Server thread/TRACE] [FML]:   Registry: 33 minecraft:piston net.minecraft.item.ItemPiston@6bfdaa7a
[20:56:33] [Server thread/TRACE] [FML]:   Registry: 35 minecraft:wool net.minecraft.item.ItemCloth@638977e0
[20:56:33] [Server thread/TRACE] [FML]:   Registry: 37 minecraft:yellow_flower net.minecraft.item.ItemMultiTexture@45e639ee
[20:56:33] [Server thread/TRACE] [FML]:   Registry: 38 minecraft:red_flower net.minecraft.item.ItemMultiTexture@559e3f67
[20:56:33] [Server thread/TRACE] [FML]:   Registry: 39 minecraft:brown_mushroom net.minecraft.item.ItemBlock@23d0944b
[20:56:33] [Server thread/TRACE] [FML]:   Registry: 40 minecraft:red_mushroom net.minecraft.item.ItemBlock@72f24a84
[20:56:33] [Server thread/TRACE] [FML]:   Registry: 41 minecraft:gold_block net.minecraft.item.ItemBlock@49d543a9
[20:56:33] [Server thread/TRACE] [FML]:   Registry: 42 minecraft:iron_block net.minecraft.item.ItemBlock@6d9428f3
[20:56:33] [Server thread/TRACE] [FML]:   Registry: 44 minecraft:stone_slab net.minecraft.item.ItemSlab@436a563f
[20:56:33] [Server thread/TRACE] [FML]:   Registry: 45 minecraft:brick_block net.minecraft.item.ItemBlock@538e74fc
[20:56:33] [Server thread/TRACE] [FML]:   Registry: 46 minecraft:tnt net.minecraft.item.ItemBlock@7ecb9e17
[20:56:33] [Server thread/TRACE] [FML]:   Registry: 47 minecraft:bookshelf net.minecraft.item.ItemBlock@6475e778
[20:56:33] [Server thread/TRACE] [FML]:   Registry: 48 minecraft:mossy_cobblestone net.minecraft.item.ItemBlock@75bf9e67
[20:56:33] [Server thread/TRACE] [FML]:   Registry: 49 minecraft:obsidian net.minecraft.item.ItemBlock@55b62db8
[20:56:33] [Server thread/TRACE] [FML]:   Registry: 50 minecraft:torch net.minecraft.item.ItemBlock@772f3a3f
[20:56:33] [Server thread/TRACE] [FML]:   Registry: 52 minecraft:mob_spawner net.minecraft.item.ItemBlock@76e00bdb
[20:56:33] [Server thread/TRACE] [FML]:   Registry: 53 minecraft:oak_stairs net.minecraft.item.ItemBlock@7ee2423
[20:56:33] [Server thread/TRACE] [FML]:   Registry: 54 minecraft:chest net.minecraft.item.ItemBlock@343d1d25
[20:56:33] [Server thread/TRACE] [FML]:   Registry: 56 minecraft:diamond_ore net.minecraft.item.ItemBlock@762da62b
[20:56:33] [Server thread/TRACE] [FML]:   Registry: 57 minecraft:diamond_block net.minecraft.item.ItemBlock@e5c5e6
[20:56:33] [Server thread/TRACE] [FML]:   Registry: 58 minecraft:crafting_table net.minecraft.item.ItemBlock@76dc36e5
[20:56:33] [Server thread/TRACE] [FML]:   Registry: 60 minecraft:farmland net.minecraft.item.ItemBlock@2a54c92e
[20:56:33] [Server thread/TRACE] [FML]:   Registry: 61 minecraft:furnace net.minecraft.item.ItemBlock@31533eb1
[20:56:33] [Server thread/TRACE] [FML]:   Registry: 65 minecraft:ladder net.minecraft.item.ItemBlock@1fb71788
[20:56:33] [Server thread/TRACE] [FML]:   Registry: 66 minecraft:rail net.minecraft.item.ItemBlock@8cb7185
[20:56:33] [Server thread/TRACE] [FML]:   Registry: 67 minecraft:stone_stairs net.minecraft.item.ItemBlock@4dac40b
[20:56:33] [Server thread/TRACE] [FML]:   Registry: 69 minecraft:lever net.minecraft.item.ItemBlock@2c54c497
[20:56:33] [Server thread/TRACE] [FML]:   Registry: 70 minecraft:stone_pressure_plate net.minecraft.item.ItemBlock@b788dc2
[20:56:33] [Server thread/TRACE] [FML]:   Registry: 72 minecraft:wooden_pressure_plate net.minecraft.item.ItemBlock@58ec8271
[20:56:33] [Server thread/TRACE] [FML]:   Registry: 73 minecraft:redstone_ore net.minecraft.item.ItemBlock@a44effb
[20:56:33] [Server thread/TRACE] [FML]:   Registry: 76 minecraft:redstone_torch net.minecraft.item.ItemBlock@3ee258
[20:56:33] [Server thread/TRACE] [FML]:   Registry: 77 minecraft:stone_button net.minecraft.item.ItemBlock@4f676900
[20:56:33] [Server thread/TRACE] [FML]:   Registry: 78 minecraft:snow_layer net.minecraft.item.ItemSnow@5eb2972f
[20:56:33] [Server thread/TRACE] [FML]:   Registry: 79 minecraft:ice net.minecraft.item.ItemBlock@29699283
[20:56:33] [Server thread/TRACE] [FML]:   Registry: 80 minecraft:snow net.minecraft.item.ItemBlock@5d32c1c7
[20:56:33] [Server thread/TRACE] [FML]:   Registry: 81 minecraft:cactus net.minecraft.item.ItemBlock@a6dffdb
[20:56:33] [Server thread/TRACE] [FML]:   Registry: 82 minecraft:clay net.minecraft.item.ItemBlock@40ac0a56
[20:56:33] [Server thread/TRACE] [FML]:   Registry: 84 minecraft:jukebox net.minecraft.item.ItemBlock@25b4754a
[20:56:33] [Server thread/TRACE] [FML]:   Registry: 85 minecraft:fence net.minecraft.item.ItemBlock@6ec3a4c2
[20:56:33] [Server thread/TRACE] [FML]:   Registry: 86 minecraft:pumpkin net.minecraft.item.ItemBlock@c4551c6
[20:56:33] [Server thread/TRACE] [FML]:   Registry: 87 minecraft:netherrack net.minecraft.item.ItemBlock@3a3316b6
[20:56:33] [Server thread/TRACE] [FML]:   Registry: 88 minecraft:soul_sand net.minecraft.item.ItemBlock@4db46344
[20:56:33] [Server thread/TRACE] [FML]:   Registry: 89 minecraft:glowstone net.minecraft.item.ItemBlock@56c6d515
[20:56:33] [Server thread/TRACE] [FML]:   Registry: 91 minecraft:lit_pumpkin net.minecraft.item.ItemBlock@702b656a
[20:56:33] [Server thread/TRACE] [FML]:   Registry: 95 minecraft:stained_glass net.minecraft.item.ItemCloth@1fc3df43
[20:56:33] [Server thread/TRACE] [FML]:   Registry: 96 minecraft:trapdoor net.minecraft.item.ItemBlock@528f5b7f
[20:56:33] [Server thread/TRACE] [FML]:   Registry: 97 minecraft:monster_egg net.minecraft.item.ItemMultiTexture@5f166f2e
[20:56:33] [Server thread/TRACE] [FML]:   Registry: 98 minecraft:stonebrick net.minecraft.item.ItemMultiTexture@d512c1
[20:56:33] [Server thread/TRACE] [FML]:   Registry: 99 minecraft:brown_mushroom_block net.minecraft.item.ItemBlock@578b2dec
[20:56:33] [Server thread/TRACE] [FML]:   Registry: 100 minecraft:red_mushroom_block net.minecraft.item.ItemBlock@66863941
[20:56:33] [Server thread/TRACE] [FML]:   Registry: 101 minecraft:iron_bars net.minecraft.item.ItemBlock@39f4a7c4
[20:56:33] [Server thread/TRACE] [FML]:   Registry: 102 minecraft:glass_pane net.minecraft.item.ItemBlock@111fe921
[20:56:33] [Server thread/TRACE] [FML]:   Registry: 103 minecraft:melon_block net.minecraft.item.ItemBlock@1ff542a3
[20:56:33] [Server thread/TRACE] [FML]:   Registry: 106 minecraft:vine net.minecraft.item.ItemColored@48ee3c2d
[20:56:33] [Server thread/TRACE] [FML]:   Registry: 107 minecraft:fence_gate net.minecraft.item.ItemBlock@54387873
[20:56:33] [Server thread/TRACE] [FML]:   Registry: 108 minecraft:brick_stairs net.minecraft.item.ItemBlock@39afe59f
[20:56:33] [Server thread/TRACE] [FML]:   Registry: 109 minecraft:stone_brick_stairs net.minecraft.item.ItemBlock@16f34376
[20:56:33] [Server thread/TRACE] [FML]:   Registry: 110 minecraft:mycelium net.minecraft.item.ItemBlock@4ede035e
[20:56:33] [Server thread/TRACE] [FML]:   Registry: 111 minecraft:waterlily net.minecraft.item.ItemLilyPad@4272d8cf
[20:56:33] [Server thread/TRACE] [FML]:   Registry: 112 minecraft:nether_brick net.minecraft.item.ItemBlock@4e96cb04
[20:56:33] [Server thread/TRACE] [FML]:   Registry: 113 minecraft:nether_brick_fence net.minecraft.item.ItemBlock@70ecf57b
[20:56:33] [Server thread/TRACE] [FML]:   Registry: 114 minecraft:nether_brick_stairs net.minecraft.item.ItemBlock@4e5364a3
[20:56:33] [Server thread/TRACE] [FML]:   Registry: 116 minecraft:enchanting_table net.minecraft.item.ItemBlock@1a336906
[20:56:33] [Server thread/TRACE] [FML]:   Registry: 120 minecraft:end_portal_frame net.minecraft.item.ItemBlock@62054faf
[20:56:33] [Server thread/TRACE] [FML]:   Registry: 121 minecraft:end_stone net.minecraft.item.ItemBlock@75d539b9
[20:56:33] [Server thread/TRACE] [FML]:   Registry: 122 minecraft:dragon_egg net.minecraft.item.ItemBlock@210c1b9d
[20:56:33] [Server thread/TRACE] [FML]:   Registry: 123 minecraft:redstone_lamp net.minecraft.item.ItemBlock@69bc4024
[20:56:33] [Server thread/TRACE] [FML]:   Registry: 126 minecraft:wooden_slab net.minecraft.item.ItemSlab@3578a45b
[20:56:33] [Server thread/TRACE] [FML]:   Registry: 128 minecraft:sandstone_stairs net.minecraft.item.ItemBlock@24f177f5
[20:56:33] [Server thread/TRACE] [FML]:   Registry: 129 minecraft:emerald_ore net.minecraft.item.ItemBlock@65e05005
[20:56:33] [Server thread/TRACE] [FML]:   Registry: 130 minecraft:ender_chest net.minecraft.item.ItemBlock@6ed691fd
[20:56:33] [Server thread/TRACE] [FML]:   Registry: 131 minecraft:tripwire_hook net.minecraft.item.ItemBlock@1efcba00
[20:56:33] [Server thread/TRACE] [FML]:   Registry: 133 minecraft:emerald_block net.minecraft.item.ItemBlock@311d28f5
[20:56:33] [Server thread/TRACE] [FML]:   Registry: 134 minecraft:spruce_stairs net.minecraft.item.ItemBlock@569a26ab
[20:56:33] [Server thread/TRACE] [FML]:   Registry: 135 minecraft:birch_stairs net.minecraft.item.ItemBlock@c190cfc
[20:56:33] [Server thread/TRACE] [FML]:   Registry: 136 minecraft:jungle_stairs net.minecraft.item.ItemBlock@77ce8bc5
[20:56:33] [Server thread/TRACE] [FML]:   Registry: 137 minecraft:command_block net.minecraft.item.ItemBlock@2fcc5f49
[20:56:33] [Server thread/TRACE] [FML]:   Registry: 138 minecraft:beacon net.minecraft.item.ItemBlock@28e48b65
[20:56:33] [Server thread/TRACE] [FML]:   Registry: 139 minecraft:cobblestone_wall net.minecraft.item.ItemMultiTexture@2e0516a3
[20:56:33] [Server thread/TRACE] [FML]:   Registry: 143 minecraft:wooden_button net.minecraft.item.ItemBlock@32a4ea4e
[20:56:33] [Server thread/TRACE] [FML]:   Registry: 145 minecraft:anvil net.minecraft.item.ItemAnvilBlock@70439c3
[20:56:33] [Server thread/TRACE] [FML]:   Registry: 146 minecraft:trapped_chest net.minecraft.item.ItemBlock@72a33316
[20:56:33] [Server thread/TRACE] [FML]:   Registry: 147 minecraft:light_weighted_pressure_plate net.minecraft.item.ItemBlock@57fce8b
[20:56:33] [Server thread/TRACE] [FML]:   Registry: 148 minecraft:heavy_weighted_pressure_plate net.minecraft.item.ItemBlock@77204651
[20:56:33] [Server thread/TRACE] [FML]:   Registry: 151 minecraft:daylight_detector net.minecraft.item.ItemBlock@51cca357
[20:56:33] [Server thread/TRACE] [FML]:   Registry: 152 minecraft:redstone_block net.minecraft.item.ItemBlock@3a9c11fb
[20:56:33] [Server thread/TRACE] [FML]:   Registry: 153 minecraft:quartz_ore net.minecraft.item.ItemBlock@416c8bb5
[20:56:33] [Server thread/TRACE] [FML]:   Registry: 154 minecraft:hopper net.minecraft.item.ItemBlock@340b4f07
[20:56:33] [Server thread/TRACE] [FML]:   Registry: 155 minecraft:quartz_block net.minecraft.item.ItemMultiTexture@e994ca
[20:56:33] [Server thread/TRACE] [FML]:   Registry: 156 minecraft:quartz_stairs net.minecraft.item.ItemBlock@5a205ee5
[20:56:33] [Server thread/TRACE] [FML]:   Registry: 157 minecraft:activator_rail net.minecraft.item.ItemBlock@7fb44737
[20:56:33] [Server thread/TRACE] [FML]:   Registry: 158 minecraft:dropper net.minecraft.item.ItemBlock@11295cb1
[20:56:33] [Server thread/TRACE] [FML]:   Registry: 159 minecraft:stained_hardened_clay net.minecraft.item.ItemCloth@5daad59a
[20:56:33] [Server thread/TRACE] [FML]:   Registry: 160 minecraft:stained_glass_pane net.minecraft.item.ItemCloth@15130002
[20:56:33] [Server thread/TRACE] [FML]:   Registry: 161 minecraft:leaves2 net.minecraft.item.ItemLeaves@4e9e0c6
[20:56:33] [Server thread/TRACE] [FML]:   Registry: 162 minecraft:log2 net.minecraft.item.ItemMultiTexture@714c74eb
[20:56:33] [Server thread/TRACE] [FML]:   Registry: 163 minecraft:acacia_stairs net.minecraft.item.ItemBlock@350342e0
[20:56:33] [Server thread/TRACE] [FML]:   Registry: 164 minecraft:dark_oak_stairs net.minecraft.item.ItemBlock@5d297d4d
[20:56:33] [Server thread/TRACE] [FML]:   Registry: 165 minecraft:slime net.minecraft.item.ItemBlock@1dd44289
[20:56:33] [Server thread/TRACE] [FML]:   Registry: 166 minecraft:barrier net.minecraft.item.ItemBlock@5256fbc
[20:56:33] [Server thread/TRACE] [FML]:   Registry: 167 minecraft:iron_trapdoor net.minecraft.item.ItemBlock@58f50dd0
[20:56:33] [Server thread/TRACE] [FML]:   Registry: 168 minecraft:prismarine net.minecraft.item.ItemMultiTexture@526893f
[20:56:33] [Server thread/TRACE] [FML]:   Registry: 169 minecraft:sea_lantern net.minecraft.item.ItemBlock@3de45b6c
[20:56:33] [Server thread/TRACE] [FML]:   Registry: 170 minecraft:hay_block net.minecraft.item.ItemBlock@3620eab
[20:56:33] [Server thread/TRACE] [FML]:   Registry: 171 minecraft:carpet net.minecraft.item.ItemCloth@8ef1d58
[20:56:33] [Server thread/TRACE] [FML]:   Registry: 172 minecraft:hardened_clay net.minecraft.item.ItemBlock@2619cb76
[20:56:33] [Server thread/TRACE] [FML]:   Registry: 173 minecraft:coal_block net.minecraft.item.ItemBlock@56f2c9e8
[20:56:33] [Server thread/TRACE] [FML]:   Registry: 174 minecraft:packed_ice net.minecraft.item.ItemBlock@457692cb
[20:56:33] [Server thread/TRACE] [FML]:   Registry: 175 minecraft:double_plant net.minecraft.item.ItemMultiTexture@2d0f548a
[20:56:33] [Server thread/TRACE] [FML]:   Registry: 179 minecraft:red_sandstone net.minecraft.item.ItemMultiTexture@5599dc60
[20:56:33] [Server thread/TRACE] [FML]:   Registry: 180 minecraft:red_sandstone_stairs net.minecraft.item.ItemBlock@35554635
[20:56:33] [Server thread/TRACE] [FML]:   Registry: 182 minecraft:stone_slab2 net.minecraft.item.ItemSlab@70f5f59d
[20:56:33] [Server thread/TRACE] [FML]:   Registry: 183 minecraft:spruce_fence_gate net.minecraft.item.ItemBlock@3a80c534
[20:56:33] [Server thread/TRACE] [FML]:   Registry: 184 minecraft:birch_fence_gate net.minecraft.item.ItemBlock@fd5689d
[20:56:33] [Server thread/TRACE] [FML]:   Registry: 185 minecraft:jungle_fence_gate net.minecraft.item.ItemBlock@36e3321e
[20:56:33] [Server thread/TRACE] [FML]:   Registry: 186 minecraft:dark_oak_fence_gate net.minecraft.item.ItemBlock@218f2f51
[20:56:33] [Server thread/TRACE] [FML]:   Registry: 187 minecraft:acacia_fence_gate net.minecraft.item.ItemBlock@1d9af731
[20:56:33] [Server thread/TRACE] [FML]:   Registry: 188 minecraft:spruce_fence net.minecraft.item.ItemBlock@bb50de6
[20:56:33] [Server thread/TRACE] [FML]:   Registry: 189 minecraft:birch_fence net.minecraft.item.ItemBlock@2b6b487c
[20:56:33] [Server thread/TRACE] [FML]:   Registry: 190 minecraft:jungle_fence net.minecraft.item.ItemBlock@2d73767e
[20:56:33] [Server thread/TRACE] [FML]:   Registry: 191 minecraft:dark_oak_fence net.minecraft.item.ItemBlock@5e6522a6
[20:56:33] [Server thread/TRACE] [FML]:   Registry: 192 minecraft:acacia_fence net.minecraft.item.ItemBlock@7d1cdeb1
[20:56:33] [Server thread/TRACE] [FML]:   Registry: 198 minecraft:end_rod net.minecraft.item.ItemBlock@3caa4d85
[20:56:33] [Server thread/TRACE] [FML]:   Registry: 199 minecraft:chorus_plant net.minecraft.item.ItemBlock@356fa0d1
[20:56:33] [Server thread/TRACE] [FML]:   Registry: 200 minecraft:chorus_flower net.minecraft.item.ItemBlock@51508029
[20:56:33] [Server thread/TRACE] [FML]:   Registry: 201 minecraft:purpur_block net.minecraft.item.ItemBlock@5f20b6fe
[20:56:33] [Server thread/TRACE] [FML]:   Registry: 202 minecraft:purpur_pillar net.minecraft.item.ItemBlock@31880efa
[20:56:33] [Server thread/TRACE] [FML]:   Registry: 203 minecraft:purpur_stairs net.minecraft.item.ItemBlock@79295932
[20:56:33] [Server thread/TRACE] [FML]:   Registry: 205 minecraft:purpur_slab net.minecraft.item.ItemSlab@2cadcff6
[20:56:33] [Server thread/TRACE] [FML]:   Registry: 206 minecraft:end_bricks net.minecraft.item.ItemBlock@20f63ddc
[20:56:33] [Server thread/TRACE] [FML]:   Registry: 208 minecraft:grass_path net.minecraft.item.ItemBlock@6cc56b32
[20:56:33] [Server thread/TRACE] [FML]:   Registry: 210 minecraft:repeating_command_block net.minecraft.item.ItemBlock@74431832
[20:56:33] [Server thread/TRACE] [FML]:   Registry: 211 minecraft:chain_command_block net.minecraft.item.ItemBlock@6fa2a006
[20:56:33] [Server thread/TRACE] [FML]:   Registry: 213 minecraft:magma net.minecraft.item.ItemBlock@70592729
[20:56:33] [Server thread/TRACE] [FML]:   Registry: 214 minecraft:nether_wart_block net.minecraft.item.ItemBlock@2fdf7da2
[20:56:33] [Server thread/TRACE] [FML]:   Registry: 215 minecraft:red_nether_brick net.minecraft.item.ItemBlock@43b172e3
[20:56:33] [Server thread/TRACE] [FML]:   Registry: 216 minecraft:bone_block net.minecraft.item.ItemBlock@39695803
[20:56:33] [Server thread/TRACE] [FML]:   Registry: 217 minecraft:structure_void net.minecraft.item.ItemBlock@304068
[20:56:33] [Server thread/TRACE] [FML]:   Registry: 218 minecraft:observer net.minecraft.item.ItemBlock@54d60fa1
[20:56:33] [Server thread/TRACE] [FML]:   Registry: 219 minecraft:white_shulker_box net.minecraft.item.ItemShulkerBox@6fe2a366
[20:56:33] [Server thread/TRACE] [FML]:   Registry: 220 minecraft:orange_shulker_box net.minecraft.item.ItemShulkerBox@6dd38df2
[20:56:33] [Server thread/TRACE] [FML]:   Registry: 221 minecraft:magenta_shulker_box net.minecraft.item.ItemShulkerBox@99c3cee
[20:56:33] [Server thread/TRACE] [FML]:   Registry: 222 minecraft:light_blue_shulker_box net.minecraft.item.ItemShulkerBox@57b711b6
[20:56:33] [Server thread/TRACE] [FML]:   Registry: 223 minecraft:yellow_shulker_box net.minecraft.item.ItemShulkerBox@2db461b5
[20:56:33] [Server thread/TRACE] [FML]:   Registry: 224 minecraft:lime_shulker_box net.minecraft.item.ItemShulkerBox@5c79c5ec
[20:56:33] [Server thread/TRACE] [FML]:   Registry: 225 minecraft:pink_shulker_box net.minecraft.item.ItemShulkerBox@34eaf9c1
[20:56:33] [Server thread/TRACE] [FML]:   Registry: 226 minecraft:gray_shulker_box net.minecraft.item.ItemShulkerBox@5bbf744b
[20:56:33] [Server thread/TRACE] [FML]:   Registry: 227 minecraft:silver_shulker_box net.minecraft.item.ItemShulkerBox@55881f40
[20:56:33] [Server thread/TRACE] [FML]:   Registry: 228 minecraft:cyan_shulker_box net.minecraft.item.ItemShulkerBox@474ce6b8
[20:56:33] [Server thread/TRACE] [FML]:   Registry: 229 minecraft:purple_shulker_box net.minecraft.item.ItemShulkerBox@248b2b61
[20:56:33] [Server thread/TRACE] [FML]:   Registry: 230 minecraft:blue_shulker_box net.minecraft.item.ItemShulkerBox@4b61e97
[20:56:33] [Server thread/TRACE] [FML]:   Registry: 231 minecraft:brown_shulker_box net.minecraft.item.ItemShulkerBox@11d1735e
[20:56:33] [Server thread/TRACE] [FML]:   Registry: 232 minecraft:green_shulker_box net.minecraft.item.ItemShulkerBox@31082efa
[20:56:33] [Server thread/TRACE] [FML]:   Registry: 233 minecraft:red_shulker_box net.minecraft.item.ItemShulkerBox@4ca5cb99
[20:56:33] [Server thread/TRACE] [FML]:   Registry: 234 minecraft:black_shulker_box net.minecraft.item.ItemShulkerBox@7853363c
[20:56:33] [Server thread/TRACE] [FML]:   Registry: 235 minecraft:white_glazed_terracotta net.minecraft.item.ItemBlock@6282f1eb
[20:56:33] [Server thread/TRACE] [FML]:   Registry: 236 minecraft:orange_glazed_terracotta net.minecraft.item.ItemBlock@120d6cbf
[20:56:33] [Server thread/TRACE] [FML]:   Registry: 237 minecraft:magenta_glazed_terracotta net.minecraft.item.ItemBlock@70169464
[20:56:33] [Server thread/TRACE] [FML]:   Registry: 238 minecraft:light_blue_glazed_terracotta net.minecraft.item.ItemBlock@1115be8c
[20:56:33] [Server thread/TRACE] [FML]:   Registry: 239 minecraft:yellow_glazed_terracotta net.minecraft.item.ItemBlock@64ed18ec
[20:56:33] [Server thread/TRACE] [FML]:   Registry: 240 minecraft:lime_glazed_terracotta net.minecraft.item.ItemBlock@1dfcf85a
[20:56:33] [Server thread/TRACE] [FML]:   Registry: 241 minecraft:pink_glazed_terracotta net.minecraft.item.ItemBlock@590dea35
[20:56:33] [Server thread/TRACE] [FML]:   Registry: 242 minecraft:gray_glazed_terracotta net.minecraft.item.ItemBlock@6550ce46
[20:56:33] [Server thread/TRACE] [FML]:   Registry: 243 minecraft:silver_glazed_terracotta net.minecraft.item.ItemBlock@69f69078
[20:56:33] [Server thread/TRACE] [FML]:   Registry: 244 minecraft:cyan_glazed_terracotta net.minecraft.item.ItemBlock@13b29b34
[20:56:33] [Server thread/TRACE] [FML]:   Registry: 245 minecraft:purple_glazed_terracotta net.minecraft.item.ItemBlock@25589735
[20:56:33] [Server thread/TRACE] [FML]:   Registry: 246 minecraft:blue_glazed_terracotta net.minecraft.item.ItemBlock@46994f26
[20:56:33] [Server thread/TRACE] [FML]:   Registry: 247 minecraft:brown_glazed_terracotta net.minecraft.item.ItemBlock@1bb172dd
[20:56:33] [Server thread/TRACE] [FML]:   Registry: 248 minecraft:green_glazed_terracotta net.minecraft.item.ItemBlock@1cdd31a4
[20:56:33] [Server thread/TRACE] [FML]:   Registry: 249 minecraft:red_glazed_terracotta net.minecraft.item.ItemBlock@7dddfc35
[20:56:33] [Server thread/TRACE] [FML]:   Registry: 250 minecraft:black_glazed_terracotta net.minecraft.item.ItemBlock@71316cd7
[20:56:33] [Server thread/TRACE] [FML]:   Registry: 251 minecraft:concrete net.minecraft.item.ItemCloth@6106dfb6
[20:56:33] [Server thread/TRACE] [FML]:   Registry: 252 minecraft:concrete_powder net.minecraft.item.ItemCloth@14239223
[20:56:33] [Server thread/TRACE] [FML]:   Registry: 255 minecraft:structure_block net.minecraft.item.ItemBlock@68df8c6
[20:56:33] [Server thread/TRACE] [FML]:   Registry: 256 minecraft:iron_shovel net.minecraft.item.ItemSpade@a1cb94
[20:56:33] [Server thread/TRACE] [FML]:   Registry: 257 minecraft:iron_pickaxe net.minecraft.item.ItemPickaxe@37f41a81
[20:56:33] [Server thread/TRACE] [FML]:   Registry: 258 minecraft:iron_axe net.minecraft.item.ItemAxe@49bb808f
[20:56:33] [Server thread/TRACE] [FML]:   Registry: 259 minecraft:flint_and_steel net.minecraft.item.ItemFlintAndSteel@185339ed
[20:56:33] [Server thread/TRACE] [FML]:   Registry: 260 minecraft:apple net.minecraft.item.ItemFood@2c7375da
[20:56:33] [Server thread/TRACE] [FML]:   Registry: 261 minecraft:bow net.minecraft.item.ItemBow@45eacb70
[20:56:33] [Server thread/TRACE] [FML]:   Registry: 262 minecraft:arrow net.minecraft.item.ItemArrow@b339a08
[20:56:33] [Server thread/TRACE] [FML]:   Registry: 263 minecraft:coal net.minecraft.item.ItemCoal@6f65aa58
[20:56:33] [Server thread/TRACE] [FML]:   Registry: 264 minecraft:diamond net.minecraft.item.Item@749f61a3
[20:56:33] [Server thread/TRACE] [FML]:   Registry: 265 minecraft:iron_ingot net.minecraft.item.Item@36d7a68a
[20:56:33] [Server thread/TRACE] [FML]:   Registry: 266 minecraft:gold_ingot net.minecraft.item.Item@42dd7d82
[20:56:33] [Server thread/TRACE] [FML]:   Registry: 267 minecraft:iron_sword net.minecraft.item.ItemSword@6ceb11f9
[20:56:33] [Server thread/TRACE] [FML]:   Registry: 268 minecraft:wooden_sword net.minecraft.item.ItemSword@4d664323
[20:56:33] [Server thread/TRACE] [FML]:   Registry: 269 minecraft:wooden_shovel net.minecraft.item.ItemSpade@27ec0d06
[20:56:33] [Server thread/TRACE] [FML]:   Registry: 270 minecraft:wooden_pickaxe net.minecraft.item.ItemPickaxe@2676d96a
[20:56:33] [Server thread/TRACE] [FML]:   Registry: 271 minecraft:wooden_axe net.minecraft.item.ItemAxe@12266084
[20:56:33] [Server thread/TRACE] [FML]:   Registry: 272 minecraft:stone_sword net.minecraft.item.ItemSword@6da646b8
[20:56:33] [Server thread/TRACE] [FML]:   Registry: 273 minecraft:stone_shovel net.minecraft.item.ItemSpade@2a65e237
[20:56:33] [Server thread/TRACE] [FML]:   Registry: 274 minecraft:stone_pickaxe net.minecraft.item.ItemPickaxe@3a48c398
[20:56:33] [Server thread/TRACE] [FML]:   Registry: 275 minecraft:stone_axe net.minecraft.item.ItemAxe@1b4ba615
[20:56:33] [Server thread/TRACE] [FML]:   Registry: 276 minecraft:diamond_sword net.minecraft.item.ItemSword@4407b042
[20:56:33] [Server thread/TRACE] [FML]:   Registry: 277 minecraft:diamond_shovel net.minecraft.item.ItemSpade@41f686af
[20:56:33] [Server thread/TRACE] [FML]:   Registry: 278 minecraft:diamond_pickaxe net.minecraft.item.ItemPickaxe@3dded90a
[20:56:33] [Server thread/TRACE] [FML]:   Registry: 279 minecraft:diamond_axe net.minecraft.item.ItemAxe@7be3abaa
[20:56:33] [Server thread/TRACE] [FML]:   Registry: 280 minecraft:stick net.minecraft.item.Item@29f8134
[20:56:33] [Server thread/TRACE] [FML]:   Registry: 281 minecraft:bowl net.minecraft.item.Item@77a9ac36
[20:56:33] [Server thread/TRACE] [FML]:   Registry: 282 minecraft:mushroom_stew net.minecraft.item.ItemSoup@335b3d6
[20:56:33] [Server thread/TRACE] [FML]:   Registry: 283 minecraft:golden_sword net.minecraft.item.ItemSword@3a5ce4b8
[20:56:33] [Server thread/TRACE] [FML]:   Registry: 284 minecraft:golden_shovel net.minecraft.item.ItemSpade@38848217
[20:56:33] [Server thread/TRACE] [FML]:   Registry: 285 minecraft:golden_pickaxe net.minecraft.item.ItemPickaxe@1607d391
[20:56:33] [Server thread/TRACE] [FML]:   Registry: 286 minecraft:golden_axe net.minecraft.item.ItemAxe@38826984
[20:56:33] [Server thread/TRACE] [FML]:   Registry: 287 minecraft:string net.minecraft.item.ItemBlockSpecial@2e1291a4
[20:56:33] [Server thread/TRACE] [FML]:   Registry: 288 minecraft:feather net.minecraft.item.Item@23bd2f6e
[20:56:33] [Server thread/TRACE] [FML]:   Registry: 289 minecraft:gunpowder net.minecraft.item.Item@18e8eb59
[20:56:33] [Server thread/TRACE] [FML]:   Registry: 290 minecraft:wooden_hoe net.minecraft.item.ItemHoe@299eca90
[20:56:33] [Server thread/TRACE] [FML]:   Registry: 291 minecraft:stone_hoe net.minecraft.item.ItemHoe@189633f2
[20:56:33] [Server thread/TRACE] [FML]:   Registry: 292 minecraft:iron_hoe net.minecraft.item.ItemHoe@76b05c0
[20:56:33] [Server thread/TRACE] [FML]:   Registry: 293 minecraft:diamond_hoe net.minecraft.item.ItemHoe@2b974137
[20:56:33] [Server thread/TRACE] [FML]:   Registry: 294 minecraft:golden_hoe net.minecraft.item.ItemHoe@7402c49f
[20:56:33] [Server thread/TRACE] [FML]:   Registry: 295 minecraft:wheat_seeds net.minecraft.item.ItemSeeds@3f1d6a13
[20:56:33] [Server thread/TRACE] [FML]:   Registry: 296 minecraft:wheat net.minecraft.item.Item@7cbf4f8c
[20:56:33] [Server thread/TRACE] [FML]:   Registry: 297 minecraft:bread net.minecraft.item.ItemFood@55c46ec1
[20:56:33] [Server thread/TRACE] [FML]:   Registry: 298 minecraft:leather_helmet net.minecraft.item.ItemArmor@50fd739d
[20:56:33] [Server thread/TRACE] [FML]:   Registry: 299 minecraft:leather_chestplate net.minecraft.item.ItemArmor@5e1d1524
[20:56:33] [Server thread/TRACE] [FML]:   Registry: 300 minecraft:leather_leggings net.minecraft.item.ItemArmor@d0a2c82
[20:56:33] [Server thread/TRACE] [FML]:   Registry: 301 minecraft:leather_boots net.minecraft.item.ItemArmor@430aae8e
[20:56:33] [Server thread/TRACE] [FML]:   Registry: 302 minecraft:chainmail_helmet net.minecraft.item.ItemArmor@78504ce9
[20:56:33] [Server thread/TRACE] [FML]:   Registry: 303 minecraft:chainmail_chestplate net.minecraft.item.ItemArmor@4e52d2f2
[20:56:33] [Server thread/TRACE] [FML]:   Registry: 304 minecraft:chainmail_leggings net.minecraft.item.ItemArmor@12608986
[20:56:33] [Server thread/TRACE] [FML]:   Registry: 305 minecraft:chainmail_boots net.minecraft.item.ItemArmor@4882b9a
[20:56:33] [Server thread/TRACE] [FML]:   Registry: 306 minecraft:iron_helmet net.minecraft.item.ItemArmor@7ec508e6
[20:56:33] [Server thread/TRACE] [FML]:   Registry: 307 minecraft:iron_chestplate net.minecraft.item.ItemArmor@26d8908e
[20:56:33] [Server thread/TRACE] [FML]:   Registry: 308 minecraft:iron_leggings net.minecraft.item.ItemArmor@30e2016a
[20:56:33] [Server thread/TRACE] [FML]:   Registry: 309 minecraft:iron_boots net.minecraft.item.ItemArmor@75f32817
[20:56:33] [Server thread/TRACE] [FML]:   Registry: 310 minecraft:diamond_helmet net.minecraft.item.ItemArmor@23a78c77
[20:56:33] [Server thread/TRACE] [FML]:   Registry: 311 minecraft:diamond_chestplate net.minecraft.item.ItemArmor@4119346d
[20:56:33] [Server thread/TRACE] [FML]:   Registry: 312 minecraft:diamond_leggings net.minecraft.item.ItemArmor@61d09475
[20:56:33] [Server thread/TRACE] [FML]:   Registry: 313 minecraft:diamond_boots net.minecraft.item.ItemArmor@d0fabc8
[20:56:33] [Server thread/TRACE] [FML]:   Registry: 314 minecraft:golden_helmet net.minecraft.item.ItemArmor@12d44a2a
[20:56:33] [Server thread/TRACE] [FML]:   Registry: 315 minecraft:golden_chestplate net.minecraft.item.ItemArmor@1a66be41
[20:56:33] [Server thread/TRACE] [FML]:   Registry: 316 minecraft:golden_leggings net.minecraft.item.ItemArmor@7f70e244
[20:56:33] [Server thread/TRACE] [FML]:   Registry: 317 minecraft:golden_boots net.minecraft.item.ItemArmor@fd14789
[20:56:33] [Server thread/TRACE] [FML]:   Registry: 318 minecraft:flint net.minecraft.item.Item@3f64d943
[20:56:33] [Server thread/TRACE] [FML]:   Registry: 319 minecraft:porkchop net.minecraft.item.ItemFood@105ffc58
[20:56:33] [Server thread/TRACE] [FML]:   Registry: 320 minecraft:cooked_porkchop net.minecraft.item.ItemFood@68454ed5
[20:56:33] [Server thread/TRACE] [FML]:   Registry: 321 minecraft:painting net.minecraft.item.ItemHangingEntity@1bb4c431
[20:56:33] [Server thread/TRACE] [FML]:   Registry: 322 minecraft:golden_apple net.minecraft.item.ItemAppleGold@56b66a26
[20:56:33] [Server thread/TRACE] [FML]:   Registry: 323 minecraft:sign net.minecraft.item.ItemSign@6dbb3d7d
[20:56:33] [Server thread/TRACE] [FML]:   Registry: 324 minecraft:wooden_door net.minecraft.item.ItemDoor@16f4a3c0
[20:56:33] [Server thread/TRACE] [FML]:   Registry: 325 minecraft:bucket net.minecraft.item.ItemBucket@69d7bc1a
[20:56:33] [Server thread/TRACE] [FML]:   Registry: 326 minecraft:water_bucket net.minecraft.item.ItemBucket@cb318ac
[20:56:33] [Server thread/TRACE] [FML]:   Registry: 327 minecraft:lava_bucket net.minecraft.item.ItemBucket@6e668322
[20:56:33] [Server thread/TRACE] [FML]:   Registry: 328 minecraft:minecart net.minecraft.item.ItemMinecart@4cef0747
[20:56:33] [Server thread/TRACE] [FML]:   Registry: 329 minecraft:saddle net.minecraft.item.ItemSaddle@4e10a320
[20:56:33] [Server thread/TRACE] [FML]:   Registry: 330 minecraft:iron_door net.minecraft.item.ItemDoor@773f3360
[20:56:33] [Server thread/TRACE] [FML]:   Registry: 331 minecraft:redstone net.minecraft.item.ItemRedstone@5d68954d
[20:56:33] [Server thread/TRACE] [FML]:   Registry: 332 minecraft:snowball net.minecraft.item.ItemSnowball@1f6f0fe2
[20:56:33] [Server thread/TRACE] [FML]:   Registry: 333 minecraft:boat net.minecraft.item.ItemBoat@41f7c02d
[20:56:33] [Server thread/TRACE] [FML]:   Registry: 334 minecraft:leather net.minecraft.item.Item@66314fee
[20:56:33] [Server thread/TRACE] [FML]:   Registry: 335 minecraft:milk_bucket net.minecraft.item.ItemBucketMilk@3d718248
[20:56:33] [Server thread/TRACE] [FML]:   Registry: 336 minecraft:brick net.minecraft.item.Item@2cdb5974
[20:56:33] [Server thread/TRACE] [FML]:   Registry: 337 minecraft:clay_ball net.minecraft.item.Item@8aa5ab4
[20:56:33] [Server thread/TRACE] [FML]:   Registry: 338 minecraft:reeds net.minecraft.item.ItemBlockSpecial@53e4a19e
[20:56:33] [Server thread/TRACE] [FML]:   Registry: 339 minecraft:paper net.minecraft.item.Item@62360a68
[20:56:33] [Server thread/TRACE] [FML]:   Registry: 340 minecraft:book net.minecraft.item.ItemBook@7962a746
[20:56:33] [Server thread/TRACE] [FML]:   Registry: 341 minecraft:slime_ball net.minecraft.item.Item@1c31de5d
[20:56:33] [Server thread/TRACE] [FML]:   Registry: 342 minecraft:chest_minecart net.minecraft.item.ItemMinecart@7a7f9d45
[20:56:33] [Server thread/TRACE] [FML]:   Registry: 343 minecraft:furnace_minecart net.minecraft.item.ItemMinecart@772cf46b
[20:56:33] [Server thread/TRACE] [FML]:   Registry: 344 minecraft:egg net.minecraft.item.ItemEgg@6bdedbbd
[20:56:33] [Server thread/TRACE] [FML]:   Registry: 345 minecraft:compass net.minecraft.item.ItemCompass@380e33c2
[20:56:33] [Server thread/TRACE] [FML]:   Registry: 346 minecraft:fishing_rod net.minecraft.item.ItemFishingRod@8d29719
[20:56:33] [Server thread/TRACE] [FML]:   Registry: 347 minecraft:clock net.minecraft.item.ItemClock@73ddb7ef
[20:56:33] [Server thread/TRACE] [FML]:   Registry: 348 minecraft:glowstone_dust net.minecraft.item.Item@67f8f5a6
[20:56:33] [Server thread/TRACE] [FML]:   Registry: 349 minecraft:fish net.minecraft.item.ItemFishFood@ba0018e
[20:56:33] [Server thread/TRACE] [FML]:   Registry: 350 minecraft:cooked_fish net.minecraft.item.ItemFishFood@45311a99
[20:56:33] [Server thread/TRACE] [FML]:   Registry: 351 minecraft:dye net.minecraft.item.ItemDye@64eeddd8
[20:56:33] [Server thread/TRACE] [FML]:   Registry: 352 minecraft:bone net.minecraft.item.Item@10f8e2d2
[20:56:33] [Server thread/TRACE] [FML]:   Registry: 353 minecraft:sugar net.minecraft.item.Item@66048ac4
[20:56:33] [Server thread/TRACE] [FML]:   Registry: 354 minecraft:cake net.minecraft.item.ItemBlockSpecial@4f525e13
[20:56:33] [Server thread/TRACE] [FML]:   Registry: 355 minecraft:bed net.minecraft.item.ItemBed@4a58e0e9
[20:56:33] [Server thread/TRACE] [FML]:   Registry: 356 minecraft:repeater net.minecraft.item.ItemBlockSpecial@e8c84eb
[20:56:33] [Server thread/TRACE] [FML]:   Registry: 357 minecraft:cookie net.minecraft.item.ItemFood@f44d033
[20:56:33] [Server thread/TRACE] [FML]:   Registry: 358 minecraft:filled_map net.minecraft.item.ItemMap@3a8b9458
[20:56:33] [Server thread/TRACE] [FML]:   Registry: 359 minecraft:shears net.minecraft.item.ItemShears@295f2d1b
[20:56:33] [Server thread/TRACE] [FML]:   Registry: 360 minecraft:melon net.minecraft.item.ItemFood@65015a49
[20:56:33] [Server thread/TRACE] [FML]:   Registry: 361 minecraft:pumpkin_seeds net.minecraft.item.ItemSeeds@44e08a7a
[20:56:33] [Server thread/TRACE] [FML]:   Registry: 362 minecraft:melon_seeds net.minecraft.item.ItemSeeds@78bd02c8
[20:56:33] [Server thread/TRACE] [FML]:   Registry: 363 minecraft:beef net.minecraft.item.ItemFood@28dacf31
[20:56:33] [Server thread/TRACE] [FML]:   Registry: 364 minecraft:cooked_beef net.minecraft.item.ItemFood@47e60b71
[20:56:33] [Server thread/TRACE] [FML]:   Registry: 365 minecraft:chicken net.minecraft.item.ItemFood@27a90ce5
[20:56:33] [Server thread/TRACE] [FML]:   Registry: 366 minecraft:cooked_chicken net.minecraft.item.ItemFood@77f4038c
[20:56:33] [Server thread/TRACE] [FML]:   Registry: 367 minecraft:rotten_flesh net.minecraft.item.ItemFood@49a06087
[20:56:33] [Server thread/TRACE] [FML]:   Registry: 368 minecraft:ender_pearl net.minecraft.item.ItemEnderPearl@3ff26c9
[20:56:33] [Server thread/TRACE] [FML]:   Registry: 369 minecraft:blaze_rod net.minecraft.item.Item@2ecdcfe3
[20:56:33] [Server thread/TRACE] [FML]:   Registry: 370 minecraft:ghast_tear net.minecraft.item.Item@65b73689
[20:56:33] [Server thread/TRACE] [FML]:   Registry: 371 minecraft:gold_nugget net.minecraft.item.Item@2047adea
[20:56:33] [Server thread/TRACE] [FML]:   Registry: 372 minecraft:nether_wart net.minecraft.item.ItemSeeds@5af40e45
[20:56:33] [Server thread/TRACE] [FML]:   Registry: 373 minecraft:potion net.minecraft.item.ItemPotion@46591e98
[20:56:33] [Server thread/TRACE] [FML]:   Registry: 374 minecraft:glass_bottle net.minecraft.item.ItemGlassBottle@3b56947a
[20:56:33] [Server thread/TRACE] [FML]:   Registry: 375 minecraft:spider_eye net.minecraft.item.ItemFood@1926f962
[20:56:33] [Server thread/TRACE] [FML]:   Registry: 376 minecraft:fermented_spider_eye net.minecraft.item.Item@62794582
[20:56:33] [Server thread/TRACE] [FML]:   Registry: 377 minecraft:blaze_powder net.minecraft.item.Item@c82ad22
[20:56:33] [Server thread/TRACE] [FML]:   Registry: 378 minecraft:magma_cream net.minecraft.item.Item@3f80d8c
[20:56:33] [Server thread/TRACE] [FML]:   Registry: 379 minecraft:brewing_stand net.minecraft.item.ItemBlockSpecial@2d3b0978
[20:56:33] [Server thread/TRACE] [FML]:   Registry: 380 minecraft:cauldron net.minecraft.item.ItemBlockSpecial@5c60c08
[20:56:33] [Server thread/TRACE] [FML]:   Registry: 381 minecraft:ender_eye net.minecraft.item.ItemEnderEye@49cceb19
[20:56:33] [Server thread/TRACE] [FML]:   Registry: 382 minecraft:speckled_melon net.minecraft.item.Item@197d5a87
[20:56:33] [Server thread/TRACE] [FML]:   Registry: 383 minecraft:spawn_egg net.minecraft.item.ItemMonsterPlacer@43d6262c
[20:56:33] [Server thread/TRACE] [FML]:   Registry: 384 minecraft:experience_bottle net.minecraft.item.ItemExpBottle@1d2c253
[20:56:33] [Server thread/TRACE] [FML]:   Registry: 385 minecraft:fire_charge net.minecraft.item.ItemFireball@7c47e077
[20:56:33] [Server thread/TRACE] [FML]:   Registry: 386 minecraft:writable_book net.minecraft.item.ItemWritableBook@30bbe83
[20:56:33] [Server thread/TRACE] [FML]:   Registry: 387 minecraft:written_book net.minecraft.item.ItemWrittenBook@2c0fefac
[20:56:33] [Server thread/TRACE] [FML]:   Registry: 388 minecraft:emerald net.minecraft.item.Item@6fbc7853
[20:56:33] [Server thread/TRACE] [FML]:   Registry: 389 minecraft:item_frame net.minecraft.item.ItemHangingEntity@733fa95c
[20:56:33] [Server thread/TRACE] [FML]:   Registry: 390 minecraft:flower_pot net.minecraft.item.ItemBlockSpecial@3b2c8bda
[20:56:33] [Server thread/TRACE] [FML]:   Registry: 391 minecraft:carrot net.minecraft.item.ItemSeedFood@362be0cd
[20:56:33] [Server thread/TRACE] [FML]:   Registry: 392 minecraft:potato net.minecraft.item.ItemSeedFood@2dde0a34
[20:56:33] [Server thread/TRACE] [FML]:   Registry: 393 minecraft:baked_potato net.minecraft.item.ItemFood@61836cd9
[20:56:33] [Server thread/TRACE] [FML]:   Registry: 394 minecraft:poisonous_potato net.minecraft.item.ItemFood@1b632442
[20:56:33] [Server thread/TRACE] [FML]:   Registry: 395 minecraft:map net.minecraft.item.ItemEmptyMap@19d3f6ad
[20:56:33] [Server thread/TRACE] [FML]:   Registry: 396 minecraft:golden_carrot net.minecraft.item.ItemFood@1b69fc07
[20:56:33] [Server thread/TRACE] [FML]:   Registry: 397 minecraft:skull net.minecraft.item.ItemSkull@9cc0505
[20:56:33] [Server thread/TRACE] [FML]:   Registry: 398 minecraft:carrot_on_a_stick net.minecraft.item.ItemCarrotOnAStick@3d3b272a
[20:56:33] [Server thread/TRACE] [FML]:   Registry: 399 minecraft:nether_star net.minecraft.item.ItemSimpleFoiled@707f4647
[20:56:33] [Server thread/TRACE] [FML]:   Registry: 400 minecraft:pumpkin_pie net.minecraft.item.ItemFood@4b8a0d03
[20:56:33] [Server thread/TRACE] [FML]:   Registry: 401 minecraft:fireworks net.minecraft.item.ItemFirework@17f41739
[20:56:33] [Server thread/TRACE] [FML]:   Registry: 402 minecraft:firework_charge net.minecraft.item.ItemFireworkCharge@144440f5
[20:56:33] [Server thread/TRACE] [FML]:   Registry: 403 minecraft:enchanted_book net.minecraft.item.ItemEnchantedBook@43f99817
[20:56:33] [Server thread/TRACE] [FML]:   Registry: 404 minecraft:comparator net.minecraft.item.ItemBlockSpecial@2a2798a2
[20:56:33] [Server thread/TRACE] [FML]:   Registry: 405 minecraft:netherbrick net.minecraft.item.Item@2b9ecd05
[20:56:33] [Server thread/TRACE] [FML]:   Registry: 406 minecraft:quartz net.minecraft.item.Item@31f1b268
[20:56:33] [Server thread/TRACE] [FML]:   Registry: 407 minecraft:tnt_minecart net.minecraft.item.ItemMinecart@3ec7ad61
[20:56:33] [Server thread/TRACE] [FML]:   Registry: 408 minecraft:hopper_minecart net.minecraft.item.ItemMinecart@2833c093
[20:56:33] [Server thread/TRACE] [FML]:   Registry: 409 minecraft:prismarine_shard net.minecraft.item.Item@7598d675
[20:56:33] [Server thread/TRACE] [FML]:   Registry: 410 minecraft:prismarine_crystals net.minecraft.item.Item@4946485c
[20:56:33] [Server thread/TRACE] [FML]:   Registry: 411 minecraft:rabbit net.minecraft.item.ItemFood@4ae958b0
[20:56:33] [Server thread/TRACE] [FML]:   Registry: 412 minecraft:cooked_rabbit net.minecraft.item.ItemFood@7c682e26
[20:56:33] [Server thread/TRACE] [FML]:   Registry: 413 minecraft:rabbit_stew net.minecraft.item.ItemSoup@4ff074a0
[20:56:33] [Server thread/TRACE] [FML]:   Registry: 414 minecraft:rabbit_foot net.minecraft.item.Item@340fc1aa
[20:56:33] [Server thread/TRACE] [FML]:   Registry: 415 minecraft:rabbit_hide net.minecraft.item.Item@34a33343
[20:56:33] [Server thread/TRACE] [FML]:   Registry: 416 minecraft:armor_stand net.minecraft.item.ItemArmorStand@2adc1e84
[20:56:33] [Server thread/TRACE] [FML]:   Registry: 417 minecraft:iron_horse_armor net.minecraft.item.Item@2a99fa07
[20:56:33] [Server thread/TRACE] [FML]:   Registry: 418 minecraft:golden_horse_armor net.minecraft.item.Item@45b8bbbf
[20:56:33] [Server thread/TRACE] [FML]:   Registry: 419 minecraft:diamond_horse_armor net.minecraft.item.Item@1df06ecd
[20:56:33] [Server thread/TRACE] [FML]:   Registry: 420 minecraft:lead net.minecraft.item.ItemLead@7791ff50
[20:56:33] [Server thread/TRACE] [FML]:   Registry: 421 minecraft:name_tag net.minecraft.item.ItemNameTag@4f7ba0af
[20:56:33] [Server thread/TRACE] [FML]:   Registry: 422 minecraft:command_block_minecart net.minecraft.item.ItemMinecart@5b23c1f6
[20:56:33] [Server thread/TRACE] [FML]:   Registry: 423 minecraft:mutton net.minecraft.item.ItemFood@3f4964f2
[20:56:33] [Server thread/TRACE] [FML]:   Registry: 424 minecraft:cooked_mutton net.minecraft.item.ItemFood@3bf01a01
[20:56:33] [Server thread/TRACE] [FML]:   Registry: 425 minecraft:banner net.minecraft.item.ItemBanner@6ffc6ea7
[20:56:33] [Server thread/TRACE] [FML]:   Registry: 426 minecraft:end_crystal net.minecraft.item.ItemEndCrystal@5627b8eb
[20:56:33] [Server thread/TRACE] [FML]:   Registry: 427 minecraft:spruce_door net.minecraft.item.ItemDoor@49fe0bcd
[20:56:33] [Server thread/TRACE] [FML]:   Registry: 428 minecraft:birch_door net.minecraft.item.ItemDoor@3516b881
[20:56:33] [Server thread/TRACE] [FML]:   Registry: 429 minecraft:jungle_door net.minecraft.item.ItemDoor@6be8ce1b
[20:56:33] [Server thread/TRACE] [FML]:   Registry: 430 minecraft:acacia_door net.minecraft.item.ItemDoor@e3c36d
[20:56:33] [Server thread/TRACE] [FML]:   Registry: 431 minecraft:dark_oak_door net.minecraft.item.ItemDoor@397a10df
[20:56:33] [Server thread/TRACE] [FML]:   Registry: 432 minecraft:chorus_fruit net.minecraft.item.ItemChorusFruit@19924f15
[20:56:33] [Server thread/TRACE] [FML]:   Registry: 433 minecraft:chorus_fruit_popped net.minecraft.item.Item@621392ea
[20:56:33] [Server thread/TRACE] [FML]:   Registry: 434 minecraft:beetroot net.minecraft.item.ItemFood@35524549
[20:56:33] [Server thread/TRACE] [FML]:   Registry: 435 minecraft:beetroot_seeds net.minecraft.item.ItemSeeds@23ec63af
[20:56:33] [Server thread/TRACE] [FML]:   Registry: 436 minecraft:beetroot_soup net.minecraft.item.ItemSoup@280d6a20
[20:56:33] [Server thread/TRACE] [FML]:   Registry: 437 minecraft:dragon_breath net.minecraft.item.Item@56f72909
[20:56:33] [Server thread/TRACE] [FML]:   Registry: 438 minecraft:splash_potion net.minecraft.item.ItemSplashPotion@3b347439
[20:56:33] [Server thread/TRACE] [FML]:   Registry: 439 minecraft:spectral_arrow net.minecraft.item.ItemSpectralArrow@53a09566
[20:56:33] [Server thread/TRACE] [FML]:   Registry: 440 minecraft:tipped_arrow net.minecraft.item.ItemTippedArrow@32513dea
[20:56:33] [Server thread/TRACE] [FML]:   Registry: 441 minecraft:lingering_potion net.minecraft.item.ItemLingeringPotion@7ac1b6c0
[20:56:33] [Server thread/TRACE] [FML]:   Registry: 442 minecraft:shield net.minecraft.item.ItemShield@570ed9c
[20:56:33] [Server thread/TRACE] [FML]:   Registry: 443 minecraft:elytra net.minecraft.item.ItemElytra@6ffbf0ac
[20:56:33] [Server thread/TRACE] [FML]:   Registry: 444 minecraft:spruce_boat net.minecraft.item.ItemBoat@ad5cffa
[20:56:33] [Server thread/TRACE] [FML]:   Registry: 445 minecraft:birch_boat net.minecraft.item.ItemBoat@237aa0c7
[20:56:33] [Server thread/TRACE] [FML]:   Registry: 446 minecraft:jungle_boat net.minecraft.item.ItemBoat@1b8ee69d
[20:56:33] [Server thread/TRACE] [FML]:   Registry: 447 minecraft:acacia_boat net.minecraft.item.ItemBoat@2b400bd0
[20:56:33] [Server thread/TRACE] [FML]:   Registry: 448 minecraft:dark_oak_boat net.minecraft.item.ItemBoat@fceab5d
[20:56:33] [Server thread/TRACE] [FML]:   Registry: 449 minecraft:totem_of_undying net.minecraft.item.Item@79445efb
[20:56:33] [Server thread/TRACE] [FML]:   Registry: 450 minecraft:shulker_shell net.minecraft.item.Item@1592e540
[20:56:33] [Server thread/TRACE] [FML]:   Registry: 452 minecraft:iron_nugget net.minecraft.item.Item@3e2772a9
[20:56:33] [Server thread/TRACE] [FML]:   Registry: 453 minecraft:knowledge_book net.minecraft.item.ItemKnowledgeBook@117fb9ba
[20:56:33] [Server thread/TRACE] [FML]:   Registry: 2256 minecraft:record_13 net.minecraft.item.ItemRecord@5b88af70
[20:56:33] [Server thread/TRACE] [FML]:   Registry: 2257 minecraft:record_cat net.minecraft.item.ItemRecord@2739ecc0
[20:56:33] [Server thread/TRACE] [FML]:   Registry: 2258 minecraft:record_blocks net.minecraft.item.ItemRecord@2932e15f
[20:56:33] [Server thread/TRACE] [FML]:   Registry: 2259 minecraft:record_chirp net.minecraft.item.ItemRecord@3d98729a
[20:56:33] [Server thread/TRACE] [FML]:   Registry: 2260 minecraft:record_far net.minecraft.item.ItemRecord@2375a976
[20:56:33] [Server thread/TRACE] [FML]:   Registry: 2261 minecraft:record_mall net.minecraft.item.ItemRecord@4bc21e34
[20:56:33] [Server thread/TRACE] [FML]:   Registry: 2262 minecraft:record_mellohi net.minecraft.item.ItemRecord@7544260a
[20:56:33] [Server thread/TRACE] [FML]:   Registry: 2263 minecraft:record_stal net.minecraft.item.ItemRecord@bb6869a
[20:56:33] [Server thread/TRACE] [FML]:   Registry: 2264 minecraft:record_strad net.minecraft.item.ItemRecord@506b083
[20:56:33] [Server thread/TRACE] [FML]:   Registry: 2265 minecraft:record_ward net.minecraft.item.ItemRecord@5eee3da9
[20:56:33] [Server thread/TRACE] [FML]:   Registry: 2266 minecraft:record_11 net.minecraft.item.ItemRecord@ace2408
[20:56:33] [Server thread/TRACE] [FML]:   Registry: 2267 minecraft:record_wait net.minecraft.item.ItemRecord@3573e19d
[20:56:33] [Server thread/TRACE] [FML]: Registry Name : minecraft:potions
[20:56:33] [Server thread/TRACE] [FML]:   Registry: 1 minecraft:speed net.minecraft.potion.Potion@727dcc64
[20:56:33] [Server thread/TRACE] [FML]:   Registry: 2 minecraft:slowness net.minecraft.potion.Potion@49e62b17
[20:56:33] [Server thread/TRACE] [FML]:   Registry: 3 minecraft:haste net.minecraft.potion.Potion@288409f0
[20:56:33] [Server thread/TRACE] [FML]:   Registry: 4 minecraft:mining_fatigue net.minecraft.potion.Potion@7d685f4e
[20:56:33] [Server thread/TRACE] [FML]:   Registry: 5 minecraft:strength net.minecraft.potion.PotionAttackDamage@1a0ffb9b
[20:56:33] [Server thread/TRACE] [FML]:   Registry: 6 minecraft:instant_health net.minecraft.potion.PotionHealth@319aa9ee
[20:56:33] [Server thread/TRACE] [FML]:   Registry: 7 minecraft:instant_damage net.minecraft.potion.PotionHealth@1d806de6
[20:56:33] [Server thread/TRACE] [FML]:   Registry: 8 minecraft:jump_boost net.minecraft.potion.Potion@2b9d4b0
[20:56:33] [Server thread/TRACE] [FML]:   Registry: 9 minecraft:nausea net.minecraft.potion.Potion@4f541e67
[20:56:33] [Server thread/TRACE] [FML]:   Registry: 10 minecraft:regeneration net.minecraft.potion.Potion@2be50bba
[20:56:33] [Server thread/TRACE] [FML]:   Registry: 11 minecraft:resistance net.minecraft.potion.Potion@3514ac7d
[20:56:33] [Server thread/TRACE] [FML]:   Registry: 12 minecraft:fire_resistance net.minecraft.potion.Potion@79c4f23b
[20:56:33] [Server thread/TRACE] [FML]:   Registry: 13 minecraft:water_breathing net.minecraft.potion.Potion@160c7c42
[20:56:33] [Server thread/TRACE] [FML]:   Registry: 14 minecraft:invisibility net.minecraft.potion.Potion@15371de2
[20:56:33] [Server thread/TRACE] [FML]:   Registry: 15 minecraft:blindness net.minecraft.potion.Potion@5503c7d
[20:56:33] [Server thread/TRACE] [FML]:   Registry: 16 minecraft:night_vision net.minecraft.potion.Potion@5b5b53c6
[20:56:33] [Server thread/TRACE] [FML]:   Registry: 17 minecraft:hunger net.minecraft.potion.Potion@2ec0ca83
[20:56:33] [Server thread/TRACE] [FML]:   Registry: 18 minecraft:weakness net.minecraft.potion.PotionAttackDamage@3350ab4
[20:56:33] [Server thread/TRACE] [FML]:   Registry: 19 minecraft:poison net.minecraft.potion.Potion@7827d7b
[20:56:33] [Server thread/TRACE] [FML]:   Registry: 20 minecraft:wither net.minecraft.potion.Potion@646cb2e
[20:56:33] [Server thread/TRACE] [FML]:   Registry: 21 minecraft:health_boost net.minecraft.potion.PotionHealthBoost@5b0e9e0c
[20:56:33] [Server thread/TRACE] [FML]:   Registry: 22 minecraft:absorption net.minecraft.potion.PotionAbsorption@78e387d6
[20:56:33] [Server thread/TRACE] [FML]:   Registry: 23 minecraft:saturation net.minecraft.potion.PotionHealth@9147ba2
[20:56:33] [Server thread/TRACE] [FML]:   Registry: 24 minecraft:glowing net.minecraft.potion.Potion@3460e4ed
[20:56:33] [Server thread/TRACE] [FML]:   Registry: 25 minecraft:levitation net.minecraft.potion.Potion@2efcc0b3
[20:56:33] [Server thread/TRACE] [FML]:   Registry: 26 minecraft:luck net.minecraft.potion.Potion@4a453f8d
[20:56:33] [Server thread/TRACE] [FML]:   Registry: 27 minecraft:unluck net.minecraft.potion.Potion@60a6840c
[20:56:33] [Server thread/TRACE] [FML]: Registry Name : minecraft:biomes
[20:56:33] [Server thread/TRACE] [FML]:   Registry: 0 minecraft:ocean net.minecraft.world.biome.BiomeOcean@32c6d164
[20:56:33] [Server thread/TRACE] [FML]:   Registry: 1 minecraft:plains net.minecraft.world.biome.BiomePlains@58068b40
[20:56:33] [Server thread/TRACE] [FML]:   Registry: 2 minecraft:desert net.minecraft.world.biome.BiomeDesert@dd060be
[20:56:33] [Server thread/TRACE] [FML]:   Registry: 3 minecraft:extreme_hills net.minecraft.world.biome.BiomeHills@1818d00b
[20:56:33] [Server thread/TRACE] [FML]:   Registry: 4 minecraft:forest net.minecraft.world.biome.BiomeForest@2447940d
[20:56:33] [Server thread/TRACE] [FML]:   Registry: 5 minecraft:taiga net.minecraft.world.biome.BiomeTaiga@41492479
[20:56:33] [Server thread/TRACE] [FML]:   Registry: 6 minecraft:swampland net.minecraft.world.biome.BiomeSwamp@568ef502
[20:56:33] [Server thread/TRACE] [FML]:   Registry: 7 minecraft:river net.minecraft.world.biome.BiomeRiver@3e12c5de
[20:56:33] [Server thread/TRACE] [FML]:   Registry: 8 minecraft:hell net.minecraft.world.biome.BiomeHell@13a9cdae
[20:56:33] [Server thread/TRACE] [FML]:   Registry: 9 minecraft:sky net.minecraft.world.biome.BiomeEnd@61d6c8c4
[20:56:33] [Server thread/TRACE] [FML]:   Registry: 10 minecraft:frozen_ocean net.minecraft.world.biome.BiomeOcean@74e2cfc5
[20:56:33] [Server thread/TRACE] [FML]:   Registry: 11 minecraft:frozen_river net.minecraft.world.biome.BiomeRiver@4a5d5b38
[20:56:33] [Server thread/TRACE] [FML]:   Registry: 12 minecraft:ice_flats net.minecraft.world.biome.BiomeSnow@3dcbbbc
[20:56:33] [Server thread/TRACE] [FML]:   Registry: 13 minecraft:ice_mountains net.minecraft.world.biome.BiomeSnow@4040ccae
[20:56:33] [Server thread/TRACE] [FML]:   Registry: 14 minecraft:mushroom_island net.minecraft.world.biome.BiomeMushroomIsland@18f8ebd4
[20:56:33] [Server thread/TRACE] [FML]:   Registry: 15 minecraft:mushroom_island_shore net.minecraft.world.biome.BiomeMushroomIsland@7e1fb22c
[20:56:33] [Server thread/TRACE] [FML]:   Registry: 16 minecraft:beaches net.minecraft.world.biome.BiomeBeach@7178d811
[20:56:33] [Server thread/TRACE] [FML]:   Registry: 17 minecraft:desert_hills net.minecraft.world.biome.BiomeDesert@2e013ba1
[20:56:33] [Server thread/TRACE] [FML]:   Registry: 18 minecraft:forest_hills net.minecraft.world.biome.BiomeForest@2d8c729f
[20:56:33] [Server thread/TRACE] [FML]:   Registry: 19 minecraft:taiga_hills net.minecraft.world.biome.BiomeTaiga@740ee00f
[20:56:33] [Server thread/TRACE] [FML]:   Registry: 20 minecraft:smaller_extreme_hills net.minecraft.world.biome.BiomeHills@430106cf
[20:56:33] [Server thread/TRACE] [FML]:   Registry: 21 minecraft:jungle net.minecraft.world.biome.BiomeJungle@511d568f
[20:56:33] [Server thread/TRACE] [FML]:   Registry: 22 minecraft:jungle_hills net.minecraft.world.biome.BiomeJungle@1805ca5c
[20:56:33] [Server thread/TRACE] [FML]:   Registry: 23 minecraft:jungle_edge net.minecraft.world.biome.BiomeJungle@3e61cffd
[20:56:33] [Server thread/TRACE] [FML]:   Registry: 24 minecraft:deep_ocean net.minecraft.world.biome.BiomeOcean@3134b261
[20:56:33] [Server thread/TRACE] [FML]:   Registry: 25 minecraft:stone_beach net.minecraft.world.biome.BiomeStoneBeach@3cc74fc4
[20:56:33] [Server thread/TRACE] [FML]:   Registry: 26 minecraft:cold_beach net.minecraft.world.biome.BiomeBeach@c697186
[20:56:33] [Server thread/TRACE] [FML]:   Registry: 27 minecraft:birch_forest net.minecraft.world.biome.BiomeForest@185a7dd0
[20:56:33] [Server thread/TRACE] [FML]:   Registry: 28 minecraft:birch_forest_hills net.minecraft.world.biome.BiomeForest@2358443e
[20:56:33] [Server thread/TRACE] [FML]:   Registry: 29 minecraft:roofed_forest net.minecraft.world.biome.BiomeForest@25e796fe
[20:56:33] [Server thread/TRACE] [FML]:   Registry: 30 minecraft:taiga_cold net.minecraft.world.biome.BiomeTaiga@62c53685
[20:56:33] [Server thread/TRACE] [FML]:   Registry: 31 minecraft:taiga_cold_hills net.minecraft.world.biome.BiomeTaiga@29ba63f0
[20:56:33] [Server thread/TRACE] [FML]:   Registry: 32 minecraft:redwood_taiga net.minecraft.world.biome.BiomeTaiga@4822ab4d
[20:56:33] [Server thread/TRACE] [FML]:   Registry: 33 minecraft:redwood_taiga_hills net.minecraft.world.biome.BiomeTaiga@516b84d1
[20:56:33] [Server thread/TRACE] [FML]:   Registry: 34 minecraft:extreme_hills_with_trees net.minecraft.world.biome.BiomeHills@1ad1f167
[20:56:33] [Server thread/TRACE] [FML]:   Registry: 35 minecraft:savanna net.minecraft.world.biome.BiomeSavanna@3d2b13b1
[20:56:33] [Server thread/TRACE] [FML]:   Registry: 36 minecraft:savanna_rock net.minecraft.world.biome.BiomeSavanna@30eb55c9
[20:56:33] [Server thread/TRACE] [FML]:   Registry: 37 minecraft:mesa net.minecraft.world.biome.BiomeMesa@3c46e6f6
[20:56:33] [Server thread/TRACE] [FML]:   Registry: 38 minecraft:mesa_rock net.minecraft.world.biome.BiomeMesa@7d6019d5
[20:56:33] [Server thread/TRACE] [FML]:   Registry: 39 minecraft:mesa_clear_rock net.minecraft.world.biome.BiomeMesa@40b01718
[20:56:33] [Server thread/TRACE] [FML]:   Registry: 127 minecraft:void net.minecraft.world.biome.BiomeVoid@56a9a7b5
[20:56:33] [Server thread/TRACE] [FML]:   Registry: 129 minecraft:mutated_plains net.minecraft.world.biome.BiomePlains@1dd247b
[20:56:33] [Server thread/TRACE] [FML]:   Registry: 130 minecraft:mutated_desert net.minecraft.world.biome.BiomeDesert@338270ea
[20:56:33] [Server thread/TRACE] [FML]:   Registry: 131 minecraft:mutated_extreme_hills net.minecraft.world.biome.BiomeHills@7f64bd7
[20:56:33] [Server thread/TRACE] [FML]:   Registry: 132 minecraft:mutated_forest net.minecraft.world.biome.BiomeForest@1c79d093
[20:56:33] [Server thread/TRACE] [FML]:   Registry: 133 minecraft:mutated_taiga net.minecraft.world.biome.BiomeTaiga@746fd19b
[20:56:33] [Server thread/TRACE] [FML]:   Registry: 134 minecraft:mutated_swampland net.minecraft.world.biome.BiomeSwamp@54caeadc
[20:56:33] [Server thread/TRACE] [FML]:   Registry: 140 minecraft:mutated_ice_flats net.minecraft.world.biome.BiomeSnow@61d7bb61
[20:56:33] [Server thread/TRACE] [FML]:   Registry: 149 minecraft:mutated_jungle net.minecraft.world.biome.BiomeJungle@33f81280
[20:56:33] [Server thread/TRACE] [FML]:   Registry: 151 minecraft:mutated_jungle_edge net.minecraft.world.biome.BiomeJungle@3991fe6d
[20:56:33] [Server thread/TRACE] [FML]:   Registry: 155 minecraft:mutated_birch_forest net.minecraft.world.biome.BiomeForestMutated@665ed71a
[20:56:33] [Server thread/TRACE] [FML]:   Registry: 156 minecraft:mutated_birch_forest_hills net.minecraft.world.biome.BiomeForestMutated@15c1b543
[20:56:33] [Server thread/TRACE] [FML]:   Registry: 157 minecraft:mutated_roofed_forest net.minecraft.world.biome.BiomeForest@23954300
[20:56:33] [Server thread/TRACE] [FML]:   Registry: 158 minecraft:mutated_taiga_cold net.minecraft.world.biome.BiomeTaiga@6aae82cc
[20:56:33] [Server thread/TRACE] [FML]:   Registry: 160 minecraft:mutated_redwood_taiga net.minecraft.world.biome.BiomeTaiga@7a587e84
[20:56:33] [Server thread/TRACE] [FML]:   Registry: 161 minecraft:mutated_redwood_taiga_hills net.minecraft.world.biome.BiomeTaiga@622ba721
[20:56:33] [Server thread/TRACE] [FML]:   Registry: 162 minecraft:mutated_extreme_hills_with_trees net.minecraft.world.biome.BiomeHills@6b2f7527
[20:56:33] [Server thread/TRACE] [FML]:   Registry: 163 minecraft:mutated_savanna net.minecraft.world.biome.BiomeSavannaMutated@4c9cce17
[20:56:33] [Server thread/TRACE] [FML]:   Registry: 164 minecraft:mutated_savanna_rock net.minecraft.world.biome.BiomeSavannaMutated@73316a0a
[20:56:33] [Server thread/TRACE] [FML]:   Registry: 165 minecraft:mutated_mesa net.minecraft.world.biome.BiomeMesa@63a7af06
[20:56:33] [Server thread/TRACE] [FML]:   Registry: 166 minecraft:mutated_mesa_rock net.minecraft.world.biome.BiomeMesa@5f01fb5c
[20:56:33] [Server thread/TRACE] [FML]:   Registry: 167 minecraft:mutated_mesa_clear_rock net.minecraft.world.biome.BiomeMesa@75c77add
[20:56:33] [Server thread/TRACE] [FML]: Registry Name : minecraft:soundevents
[20:56:33] [Server thread/TRACE] [FML]:   Registry: 0 minecraft:ambient.cave net.minecraft.util.SoundEvent@17410c07
[20:56:33] [Server thread/TRACE] [FML]:   Registry: 1 minecraft:block.anvil.break net.minecraft.util.SoundEvent@46f902e0
[20:56:33] [Server thread/TRACE] [FML]:   Registry: 2 minecraft:block.anvil.destroy net.minecraft.util.SoundEvent@64f981e2
[20:56:33] [Server thread/TRACE] [FML]:   Registry: 3 minecraft:block.anvil.fall net.minecraft.util.SoundEvent@361abd01
[20:56:33] [Server thread/TRACE] [FML]:   Registry: 4 minecraft:block.anvil.hit net.minecraft.util.SoundEvent@575b5f7d
[20:56:33] [Server thread/TRACE] [FML]:   Registry: 5 minecraft:block.anvil.land net.minecraft.util.SoundEvent@59bbb974
[20:56:33] [Server thread/TRACE] [FML]:   Registry: 6 minecraft:block.anvil.place net.minecraft.util.SoundEvent@7165d530
[20:56:33] [Server thread/TRACE] [FML]:   Registry: 7 minecraft:block.anvil.step net.minecraft.util.SoundEvent@12f49ca8
[20:56:33] [Server thread/TRACE] [FML]:   Registry: 8 minecraft:block.anvil.use net.minecraft.util.SoundEvent@1fd9893c
[20:56:33] [Server thread/TRACE] [FML]:   Registry: 9 minecraft:block.brewing_stand.brew net.minecraft.util.SoundEvent@1b2df3aa
[20:56:33] [Server thread/TRACE] [FML]:   Registry: 10 minecraft:block.chest.close net.minecraft.util.SoundEvent@44be69aa
[20:56:33] [Server thread/TRACE] [FML]:   Registry: 11 minecraft:block.chest.locked net.minecraft.util.SoundEvent@7219ac49
[20:56:33] [Server thread/TRACE] [FML]:   Registry: 12 minecraft:block.chest.open net.minecraft.util.SoundEvent@21da4b5f
[20:56:33] [Server thread/TRACE] [FML]:   Registry: 13 minecraft:block.chorus_flower.death net.minecraft.util.SoundEvent@551e4c6d
[20:56:33] [Server thread/TRACE] [FML]:   Registry: 14 minecraft:block.chorus_flower.grow net.minecraft.util.SoundEvent@625a9c5d
[20:56:33] [Server thread/TRACE] [FML]:   Registry: 15 minecraft:block.cloth.break net.minecraft.util.SoundEvent@5d1e0fbb
[20:56:33] [Server thread/TRACE] [FML]:   Registry: 16 minecraft:block.cloth.fall net.minecraft.util.SoundEvent@2eed37f4
[20:56:33] [Server thread/TRACE] [FML]:   Registry: 17 minecraft:block.cloth.hit net.minecraft.util.SoundEvent@9b76b60
[20:56:33] [Server thread/TRACE] [FML]:   Registry: 18 minecraft:block.cloth.place net.minecraft.util.SoundEvent@3fb9a67f
[20:56:33] [Server thread/TRACE] [FML]:   Registry: 19 minecraft:block.cloth.step net.minecraft.util.SoundEvent@127705e4
[20:56:33] [Server thread/TRACE] [FML]:   Registry: 20 minecraft:block.comparator.click net.minecraft.util.SoundEvent@5562c2c9
[20:56:33] [Server thread/TRACE] [FML]:   Registry: 21 minecraft:block.dispenser.dispense net.minecraft.util.SoundEvent@673c4f6e
[20:56:33] [Server thread/TRACE] [FML]:   Registry: 22 minecraft:block.dispenser.fail net.minecraft.util.SoundEvent@15c487a8
[20:56:33] [Server thread/TRACE] [FML]:   Registry: 23 minecraft:block.dispenser.launch net.minecraft.util.SoundEvent@3f36e8d1
[20:56:33] [Server thread/TRACE] [FML]:   Registry: 24 minecraft:block.enchantment_table.use net.minecraft.util.SoundEvent@7c011174
[20:56:33] [Server thread/TRACE] [FML]:   Registry: 25 minecraft:block.end_gateway.spawn net.minecraft.util.SoundEvent@794366a5
[20:56:33] [Server thread/TRACE] [FML]:   Registry: 26 minecraft:block.end_portal.spawn net.minecraft.util.SoundEvent@480b57e2
[20:56:33] [Server thread/TRACE] [FML]:   Registry: 27 minecraft:block.end_portal_frame.fill net.minecraft.util.SoundEvent@40f35e52
[20:56:33] [Server thread/TRACE] [FML]:   Registry: 28 minecraft:block.enderchest.close net.minecraft.util.SoundEvent@340d6d89
[20:56:33] [Server thread/TRACE] [FML]:   Registry: 29 minecraft:block.enderchest.open net.minecraft.util.SoundEvent@561953e3
[20:56:33] [Server thread/TRACE] [FML]:   Registry: 30 minecraft:block.fence_gate.close net.minecraft.util.SoundEvent@443faa85
[20:56:33] [Server thread/TRACE] [FML]:   Registry: 31 minecraft:block.fence_gate.open net.minecraft.util.SoundEvent@1ee47d9e
[20:56:33] [Server thread/TRACE] [FML]:   Registry: 32 minecraft:block.fire.ambient net.minecraft.util.SoundEvent@41da3aee
[20:56:33] [Server thread/TRACE] [FML]:   Registry: 33 minecraft:block.fire.extinguish net.minecraft.util.SoundEvent@5dc0ff7d
[20:56:33] [Server thread/TRACE] [FML]:   Registry: 34 minecraft:block.furnace.fire_crackle net.minecraft.util.SoundEvent@64920dc2
[20:56:33] [Server thread/TRACE] [FML]:   Registry: 35 minecraft:block.glass.break net.minecraft.util.SoundEvent@59a79443
[20:56:33] [Server thread/TRACE] [FML]:   Registry: 36 minecraft:block.glass.fall net.minecraft.util.SoundEvent@493ac8d3
[20:56:33] [Server thread/TRACE] [FML]:   Registry: 37 minecraft:block.glass.hit net.minecraft.util.SoundEvent@13dbed9e
[20:56:33] [Server thread/TRACE] [FML]:   Registry: 38 minecraft:block.glass.place net.minecraft.util.SoundEvent@67531e3a
[20:56:33] [Server thread/TRACE] [FML]:   Registry: 39 minecraft:block.glass.step net.minecraft.util.SoundEvent@2b38b1f
[20:56:33] [Server thread/TRACE] [FML]:   Registry: 40 minecraft:block.grass.break net.minecraft.util.SoundEvent@1d50a7ca
[20:56:33] [Server thread/TRACE] [FML]:   Registry: 41 minecraft:block.grass.fall net.minecraft.util.SoundEvent@51ab1ee3
[20:56:33] [Server thread/TRACE] [FML]:   Registry: 42 minecraft:block.grass.hit net.minecraft.util.SoundEvent@2e766822
[20:56:33] [Server thread/TRACE] [FML]:   Registry: 43 minecraft:block.grass.place net.minecraft.util.SoundEvent@3003e580
[20:56:33] [Server thread/TRACE] [FML]:   Registry: 44 minecraft:block.grass.step net.minecraft.util.SoundEvent@28757abd
[20:56:33] [Server thread/TRACE] [FML]:   Registry: 45 minecraft:block.gravel.break net.minecraft.util.SoundEvent@21a02556
[20:56:33] [Server thread/TRACE] [FML]:   Registry: 46 minecraft:block.gravel.fall net.minecraft.util.SoundEvent@3c8a7e38
[20:56:33] [Server thread/TRACE] [FML]:   Registry: 47 minecraft:block.gravel.hit net.minecraft.util.SoundEvent@138aa3cc
[20:56:33] [Server thread/TRACE] [FML]:   Registry: 48 minecraft:block.gravel.place net.minecraft.util.SoundEvent@10a98392
[20:56:33] [Server thread/TRACE] [FML]:   Registry: 49 minecraft:block.gravel.step net.minecraft.util.SoundEvent@30839e44
[20:56:33] [Server thread/TRACE] [FML]:   Registry: 50 minecraft:block.iron_door.close net.minecraft.util.SoundEvent@5f174dd2
[20:56:33] [Server thread/TRACE] [FML]:   Registry: 51 minecraft:block.iron_door.open net.minecraft.util.SoundEvent@1945113f
[20:56:33] [Server thread/TRACE] [FML]:   Registry: 52 minecraft:block.iron_trapdoor.close net.minecraft.util.SoundEvent@45aca496
[20:56:33] [Server thread/TRACE] [FML]:   Registry: 53 minecraft:block.iron_trapdoor.open net.minecraft.util.SoundEvent@697173d9
[20:56:33] [Server thread/TRACE] [FML]:   Registry: 54 minecraft:block.ladder.break net.minecraft.util.SoundEvent@ceddaf8
[20:56:33] [Server thread/TRACE] [FML]:   Registry: 55 minecraft:block.ladder.fall net.minecraft.util.SoundEvent@3d90eeb3
[20:56:33] [Server thread/TRACE] [FML]:   Registry: 56 minecraft:block.ladder.hit net.minecraft.util.SoundEvent@1db87583
[20:56:33] [Server thread/TRACE] [FML]:   Registry: 57 minecraft:block.ladder.place net.minecraft.util.SoundEvent@7fb53256
[20:56:33] [Server thread/TRACE] [FML]:   Registry: 58 minecraft:block.ladder.step net.minecraft.util.SoundEvent@1d6d1d42
[20:56:33] [Server thread/TRACE] [FML]:   Registry: 59 minecraft:block.lava.ambient net.minecraft.util.SoundEvent@27329d2a
[20:56:33] [Server thread/TRACE] [FML]:   Registry: 60 minecraft:block.lava.extinguish net.minecraft.util.SoundEvent@7978e022
[20:56:33] [Server thread/TRACE] [FML]:   Registry: 61 minecraft:block.lava.pop net.minecraft.util.SoundEvent@2f894ad9
[20:56:33] [Server thread/TRACE] [FML]:   Registry: 62 minecraft:block.lever.click net.minecraft.util.SoundEvent@5afbd567
[20:56:33] [Server thread/TRACE] [FML]:   Registry: 63 minecraft:block.metal.break net.minecraft.util.SoundEvent@6993c8df
[20:56:33] [Server thread/TRACE] [FML]:   Registry: 64 minecraft:block.metal.fall net.minecraft.util.SoundEvent@57545c3f
[20:56:33] [Server thread/TRACE] [FML]:   Registry: 65 minecraft:block.metal.hit net.minecraft.util.SoundEvent@326e0b8e
[20:56:33] [Server thread/TRACE] [FML]:   Registry: 66 minecraft:block.metal.place net.minecraft.util.SoundEvent@36baa049
[20:56:33] [Server thread/TRACE] [FML]:   Registry: 67 minecraft:block.metal.step net.minecraft.util.SoundEvent@41184371
[20:56:33] [Server thread/TRACE] [FML]:   Registry: 68 minecraft:block.metal_pressureplate.click_off net.minecraft.util.SoundEvent@34585ac9
[20:56:33] [Server thread/TRACE] [FML]:   Registry: 69 minecraft:block.metal_pressureplate.click_on net.minecraft.util.SoundEvent@76a805b7
[20:56:33] [Server thread/TRACE] [FML]:   Registry: 70 minecraft:block.note.basedrum net.minecraft.util.SoundEvent@15f35bc3
[20:56:33] [Server thread/TRACE] [FML]:   Registry: 71 minecraft:block.note.bass net.minecraft.util.SoundEvent@167381c7
[20:56:33] [Server thread/TRACE] [FML]:   Registry: 72 minecraft:block.note.bell net.minecraft.util.SoundEvent@608b1fd2
[20:56:33] [Server thread/TRACE] [FML]:   Registry: 73 minecraft:block.note.chime net.minecraft.util.SoundEvent@56382bc9
[20:56:33] [Server thread/TRACE] [FML]:   Registry: 74 minecraft:block.note.flute net.minecraft.util.SoundEvent@591a4f8e
[20:56:33] [Server thread/TRACE] [FML]:   Registry: 75 minecraft:block.note.guitar net.minecraft.util.SoundEvent@53ed80d3
[20:56:33] [Server thread/TRACE] [FML]:   Registry: 76 minecraft:block.note.harp net.minecraft.util.SoundEvent@6ba060f3
[20:56:33] [Server thread/TRACE] [FML]:   Registry: 77 minecraft:block.note.hat net.minecraft.util.SoundEvent@7c51782d
[20:56:33] [Server thread/TRACE] [FML]:   Registry: 78 minecraft:block.note.pling net.minecraft.util.SoundEvent@77bc2e16
[20:56:33] [Server thread/TRACE] [FML]:   Registry: 79 minecraft:block.note.snare net.minecraft.util.SoundEvent@48e8c32a
[20:56:33] [Server thread/TRACE] [FML]:   Registry: 80 minecraft:block.note.xylophone net.minecraft.util.SoundEvent@20a7953c
[20:56:33] [Server thread/TRACE] [FML]:   Registry: 81 minecraft:block.piston.contract net.minecraft.util.SoundEvent@57c00115
[20:56:33] [Server thread/TRACE] [FML]:   Registry: 82 minecraft:block.piston.extend net.minecraft.util.SoundEvent@411a5965
[20:56:33] [Server thread/TRACE] [FML]:   Registry: 83 minecraft:block.portal.ambient net.minecraft.util.SoundEvent@4fe533ff
[20:56:33] [Server thread/TRACE] [FML]:   Registry: 84 minecraft:block.portal.travel net.minecraft.util.SoundEvent@5377414a
[20:56:33] [Server thread/TRACE] [FML]:   Registry: 85 minecraft:block.portal.trigger net.minecraft.util.SoundEvent@4e83a98
[20:56:33] [Server thread/TRACE] [FML]:   Registry: 86 minecraft:block.redstone_torch.burnout net.minecraft.util.SoundEvent@17aa8a11
[20:56:33] [Server thread/TRACE] [FML]:   Registry: 87 minecraft:block.sand.break net.minecraft.util.SoundEvent@71b639d0
[20:56:33] [Server thread/TRACE] [FML]:   Registry: 88 minecraft:block.sand.fall net.minecraft.util.SoundEvent@18a25bbd
[20:56:33] [Server thread/TRACE] [FML]:   Registry: 89 minecraft:block.sand.hit net.minecraft.util.SoundEvent@5d5b9ecb
[20:56:33] [Server thread/TRACE] [FML]:   Registry: 90 minecraft:block.sand.place net.minecraft.util.SoundEvent@1ee27d73
[20:56:33] [Server thread/TRACE] [FML]:   Registry: 91 minecraft:block.sand.step net.minecraft.util.SoundEvent@5e5aafc6
[20:56:33] [Server thread/TRACE] [FML]:   Registry: 92 minecraft:block.shulker_box.close net.minecraft.util.SoundEvent@542f6803
[20:56:33] [Server thread/TRACE] [FML]:   Registry: 93 minecraft:block.shulker_box.open net.minecraft.util.SoundEvent@5583098b
[20:56:33] [Server thread/TRACE] [FML]:   Registry: 94 minecraft:block.slime.break net.minecraft.util.SoundEvent@5807efad
[20:56:33] [Server thread/TRACE] [FML]:   Registry: 95 minecraft:block.slime.fall net.minecraft.util.SoundEvent@53a84ff4
[20:56:33] [Server thread/TRACE] [FML]:   Registry: 96 minecraft:block.slime.hit net.minecraft.util.SoundEvent@7ce85af2
[20:56:33] [Server thread/TRACE] [FML]:   Registry: 97 minecraft:block.slime.place net.minecraft.util.SoundEvent@316acbb5
[20:56:33] [Server thread/TRACE] [FML]:   Registry: 98 minecraft:block.slime.step net.minecraft.util.SoundEvent@56f730b2
[20:56:33] [Server thread/TRACE] [FML]:   Registry: 99 minecraft:block.snow.break net.minecraft.util.SoundEvent@47311277
[20:56:33] [Server thread/TRACE] [FML]:   Registry: 100 minecraft:block.snow.fall net.minecraft.util.SoundEvent@7930ffa9
[20:56:33] [Server thread/TRACE] [FML]:   Registry: 101 minecraft:block.snow.hit net.minecraft.util.SoundEvent@1e60b459
[20:56:33] [Server thread/TRACE] [FML]:   Registry: 102 minecraft:block.snow.place net.minecraft.util.SoundEvent@717d7587
[20:56:33] [Server thread/TRACE] [FML]:   Registry: 103 minecraft:block.snow.step net.minecraft.util.SoundEvent@3e906375
[20:56:33] [Server thread/TRACE] [FML]:   Registry: 104 minecraft:block.stone.break net.minecraft.util.SoundEvent@40230eb9
[20:56:33] [Server thread/TRACE] [FML]:   Registry: 105 minecraft:block.stone.fall net.minecraft.util.SoundEvent@5b7aa898
[20:56:33] [Server thread/TRACE] [FML]:   Registry: 106 minecraft:block.stone.hit net.minecraft.util.SoundEvent@41b13f3d
[20:56:33] [Server thread/TRACE] [FML]:   Registry: 107 minecraft:block.stone.place net.minecraft.util.SoundEvent@7c0777b5
[20:56:33] [Server thread/TRACE] [FML]:   Registry: 108 minecraft:block.stone.step net.minecraft.util.SoundEvent@2489e84a
[20:56:33] [Server thread/TRACE] [FML]:   Registry: 109 minecraft:block.stone_button.click_off net.minecraft.util.SoundEvent@2a39aa2b
[20:56:33] [Server thread/TRACE] [FML]:   Registry: 110 minecraft:block.stone_button.click_on net.minecraft.util.SoundEvent@62b93086
[20:56:33] [Server thread/TRACE] [FML]:   Registry: 111 minecraft:block.stone_pressureplate.click_off net.minecraft.util.SoundEvent@254449bb
[20:56:33] [Server thread/TRACE] [FML]:   Registry: 112 minecraft:block.stone_pressureplate.click_on net.minecraft.util.SoundEvent@4e642ee1
[20:56:33] [Server thread/TRACE] [FML]:   Registry: 113 minecraft:block.tripwire.attach net.minecraft.util.SoundEvent@29ebbdf4
[20:56:33] [Server thread/TRACE] [FML]:   Registry: 114 minecraft:block.tripwire.click_off net.minecraft.util.SoundEvent@2fd954f
[20:56:33] [Server thread/TRACE] [FML]:   Registry: 115 minecraft:block.tripwire.click_on net.minecraft.util.SoundEvent@5731d3a
[20:56:33] [Server thread/TRACE] [FML]:   Registry: 116 minecraft:block.tripwire.detach net.minecraft.util.SoundEvent@6a0f2853
[20:56:33] [Server thread/TRACE] [FML]:   Registry: 117 minecraft:block.water.ambient net.minecraft.util.SoundEvent@1eff3cfb
[20:56:33] [Server thread/TRACE] [FML]:   Registry: 118 minecraft:block.waterlily.place net.minecraft.util.SoundEvent@70c69586
[20:56:33] [Server thread/TRACE] [FML]:   Registry: 119 minecraft:block.wood.break net.minecraft.util.SoundEvent@6dc1dc69
[20:56:33] [Server thread/TRACE] [FML]:   Registry: 120 minecraft:block.wood.fall net.minecraft.util.SoundEvent@7e9f2c32
[20:56:33] [Server thread/TRACE] [FML]:   Registry: 121 minecraft:block.wood.hit net.minecraft.util.SoundEvent@19e0dffe
[20:56:33] [Server thread/TRACE] [FML]:   Registry: 122 minecraft:block.wood.place net.minecraft.util.SoundEvent@5d4e13e1
[20:56:33] [Server thread/TRACE] [FML]:   Registry: 123 minecraft:block.wood.step net.minecraft.util.SoundEvent@3e0fbeb5
[20:56:33] [Server thread/TRACE] [FML]:   Registry: 124 minecraft:block.wood_button.click_off net.minecraft.util.SoundEvent@3976ebfa
[20:56:33] [Server thread/TRACE] [FML]:   Registry: 125 minecraft:block.wood_button.click_on net.minecraft.util.SoundEvent@2676dc05
[20:56:33] [Server thread/TRACE] [FML]:   Registry: 126 minecraft:block.wood_pressureplate.click_off net.minecraft.util.SoundEvent@b0a1231
[20:56:33] [Server thread/TRACE] [FML]:   Registry: 127 minecraft:block.wood_pressureplate.click_on net.minecraft.util.SoundEvent@4833eff3
[20:56:33] [Server thread/TRACE] [FML]:   Registry: 128 minecraft:block.wooden_door.close net.minecraft.util.SoundEvent@4694f434
[20:56:33] [Server thread/TRACE] [FML]:   Registry: 129 minecraft:block.wooden_door.open net.minecraft.util.SoundEvent@56928e17
[20:56:33] [Server thread/TRACE] [FML]:   Registry: 130 minecraft:block.wooden_trapdoor.close net.minecraft.util.SoundEvent@dd2856e
[20:56:33] [Server thread/TRACE] [FML]:   Registry: 131 minecraft:block.wooden_trapdoor.open net.minecraft.util.SoundEvent@5a49af50
[20:56:33] [Server thread/TRACE] [FML]:   Registry: 132 minecraft:enchant.thorns.hit net.minecraft.util.SoundEvent@3b1dc579
[20:56:33] [Server thread/TRACE] [FML]:   Registry: 133 minecraft:entity.armorstand.break net.minecraft.util.SoundEvent@793d163b
[20:56:33] [Server thread/TRACE] [FML]:   Registry: 134 minecraft:entity.armorstand.fall net.minecraft.util.SoundEvent@60dd0587
[20:56:33] [Server thread/TRACE] [FML]:   Registry: 135 minecraft:entity.armorstand.hit net.minecraft.util.SoundEvent@77f905e3
[20:56:33] [Server thread/TRACE] [FML]:   Registry: 136 minecraft:entity.armorstand.place net.minecraft.util.SoundEvent@221a2068
[20:56:33] [Server thread/TRACE] [FML]:   Registry: 137 minecraft:entity.arrow.hit net.minecraft.util.SoundEvent@338766de
[20:56:33] [Server thread/TRACE] [FML]:   Registry: 138 minecraft:entity.arrow.hit_player net.minecraft.util.SoundEvent@3b7eac14
[20:56:33] [Server thread/TRACE] [FML]:   Registry: 139 minecraft:entity.arrow.shoot net.minecraft.util.SoundEvent@4976085
[20:56:33] [Server thread/TRACE] [FML]:   Registry: 140 minecraft:entity.bat.ambient net.minecraft.util.SoundEvent@777d191f
[20:56:33] [Server thread/TRACE] [FML]:   Registry: 141 minecraft:entity.bat.death net.minecraft.util.SoundEvent@7fc420b8
[20:56:33] [Server thread/TRACE] [FML]:   Registry: 142 minecraft:entity.bat.hurt net.minecraft.util.SoundEvent@31142d58
[20:56:33] [Server thread/TRACE] [FML]:   Registry: 143 minecraft:entity.bat.loop net.minecraft.util.SoundEvent@e38f0b7
[20:56:33] [Server thread/TRACE] [FML]:   Registry: 144 minecraft:entity.bat.takeoff net.minecraft.util.SoundEvent@1192b58e
[20:56:33] [Server thread/TRACE] [FML]:   Registry: 145 minecraft:entity.blaze.ambient net.minecraft.util.SoundEvent@4f8d86e4
[20:56:33] [Server thread/TRACE] [FML]:   Registry: 146 minecraft:entity.blaze.burn net.minecraft.util.SoundEvent@5f631ca0
[20:56:33] [Server thread/TRACE] [FML]:   Registry: 147 minecraft:entity.blaze.death net.minecraft.util.SoundEvent@1697f2b3
[20:56:33] [Server thread/TRACE] [FML]:   Registry: 148 minecraft:entity.blaze.hurt net.minecraft.util.SoundEvent@12ad1b2a
[20:56:33] [Server thread/TRACE] [FML]:   Registry: 149 minecraft:entity.blaze.shoot net.minecraft.util.SoundEvent@3134153d
[20:56:33] [Server thread/TRACE] [FML]:   Registry: 150 minecraft:entity.boat.paddle_land net.minecraft.util.SoundEvent@767599a7
[20:56:33] [Server thread/TRACE] [FML]:   Registry: 151 minecraft:entity.boat.paddle_water net.minecraft.util.SoundEvent@5f5effb0
[20:56:33] [Server thread/TRACE] [FML]:   Registry: 152 minecraft:entity.bobber.retrieve net.minecraft.util.SoundEvent@25d0cb3a
[20:56:33] [Server thread/TRACE] [FML]:   Registry: 153 minecraft:entity.bobber.splash net.minecraft.util.SoundEvent@345cbf40
[20:56:33] [Server thread/TRACE] [FML]:   Registry: 154 minecraft:entity.bobber.throw net.minecraft.util.SoundEvent@6e3eb0cd
[20:56:33] [Server thread/TRACE] [FML]:   Registry: 155 minecraft:entity.cat.ambient net.minecraft.util.SoundEvent@463561c5
[20:56:33] [Server thread/TRACE] [FML]:   Registry: 156 minecraft:entity.cat.death net.minecraft.util.SoundEvent@659feb22
[20:56:33] [Server thread/TRACE] [FML]:   Registry: 157 minecraft:entity.cat.hiss net.minecraft.util.SoundEvent@3468ee6e
[20:56:33] [Server thread/TRACE] [FML]:   Registry: 158 minecraft:entity.cat.hurt net.minecraft.util.SoundEvent@2f4b98f6
[20:56:33] [Server thread/TRACE] [FML]:   Registry: 159 minecraft:entity.cat.purr net.minecraft.util.SoundEvent@421def93
[20:56:33] [Server thread/TRACE] [FML]:   Registry: 160 minecraft:entity.cat.purreow net.minecraft.util.SoundEvent@58c1da09
[20:56:33] [Server thread/TRACE] [FML]:   Registry: 161 minecraft:entity.chicken.ambient net.minecraft.util.SoundEvent@2b2954e1
[20:56:33] [Server thread/TRACE] [FML]:   Registry: 162 minecraft:entity.chicken.death net.minecraft.util.SoundEvent@58d6e55a
[20:56:33] [Server thread/TRACE] [FML]:   Registry: 163 minecraft:entity.chicken.egg net.minecraft.util.SoundEvent@751ae8a4
[20:56:33] [Server thread/TRACE] [FML]:   Registry: 164 minecraft:entity.chicken.hurt net.minecraft.util.SoundEvent@235d659c
[20:56:33] [Server thread/TRACE] [FML]:   Registry: 165 minecraft:entity.chicken.step net.minecraft.util.SoundEvent@4232b34a
[20:56:33] [Server thread/TRACE] [FML]:   Registry: 166 minecraft:entity.cow.ambient net.minecraft.util.SoundEvent@2da16263
[20:56:33] [Server thread/TRACE] [FML]:   Registry: 167 minecraft:entity.cow.death net.minecraft.util.SoundEvent@f5ce0bb
[20:56:33] [Server thread/TRACE] [FML]:   Registry: 168 minecraft:entity.cow.hurt net.minecraft.util.SoundEvent@47e51549
[20:56:33] [Server thread/TRACE] [FML]:   Registry: 169 minecraft:entity.cow.milk net.minecraft.util.SoundEvent@101a461c
[20:56:33] [Server thread/TRACE] [FML]:   Registry: 170 minecraft:entity.cow.step net.minecraft.util.SoundEvent@360e9c06
[20:56:33] [Server thread/TRACE] [FML]:   Registry: 171 minecraft:entity.creeper.death net.minecraft.util.SoundEvent@5ebffb44
[20:56:33] [Server thread/TRACE] [FML]:   Registry: 172 minecraft:entity.creeper.hurt net.minecraft.util.SoundEvent@311ff287
[20:56:33] [Server thread/TRACE] [FML]:   Registry: 173 minecraft:entity.creeper.primed net.minecraft.util.SoundEvent@7377781e
[20:56:33] [Server thread/TRACE] [FML]:   Registry: 174 minecraft:entity.donkey.ambient net.minecraft.util.SoundEvent@31db34da
[20:56:33] [Server thread/TRACE] [FML]:   Registry: 175 minecraft:entity.donkey.angry net.minecraft.util.SoundEvent@109f8c7e
[20:56:33] [Server thread/TRACE] [FML]:   Registry: 176 minecraft:entity.donkey.chest net.minecraft.util.SoundEvent@5edacf20
[20:56:33] [Server thread/TRACE] [FML]:   Registry: 177 minecraft:entity.donkey.death net.minecraft.util.SoundEvent@16a5eb6d
[20:56:33] [Server thread/TRACE] [FML]:   Registry: 178 minecraft:entity.donkey.hurt net.minecraft.util.SoundEvent@7e307087
[20:56:33] [Server thread/TRACE] [FML]:   Registry: 179 minecraft:entity.egg.throw net.minecraft.util.SoundEvent@1220ef43
[20:56:33] [Server thread/TRACE] [FML]:   Registry: 180 minecraft:entity.elder_guardian.ambient net.minecraft.util.SoundEvent@1a8b81e8
[20:56:33] [Server thread/TRACE] [FML]:   Registry: 181 minecraft:entity.elder_guardian.ambient_land net.minecraft.util.SoundEvent@234cff57
[20:56:33] [Server thread/TRACE] [FML]:   Registry: 182 minecraft:entity.elder_guardian.curse net.minecraft.util.SoundEvent@5e8507f1
[20:56:33] [Server thread/TRACE] [FML]:   Registry: 183 minecraft:entity.elder_guardian.death net.minecraft.util.SoundEvent@4bcaa195
[20:56:33] [Server thread/TRACE] [FML]:   Registry: 184 minecraft:entity.elder_guardian.death_land net.minecraft.util.SoundEvent@d08edc5
[20:56:33] [Server thread/TRACE] [FML]:   Registry: 185 minecraft:entity.elder_guardian.flop net.minecraft.util.SoundEvent@49fa1d74
[20:56:33] [Server thread/TRACE] [FML]:   Registry: 186 minecraft:entity.elder_guardian.hurt net.minecraft.util.SoundEvent@3f362135
[20:56:33] [Server thread/TRACE] [FML]:   Registry: 187 minecraft:entity.elder_guardian.hurt_land net.minecraft.util.SoundEvent@21eee94f
[20:56:33] [Server thread/TRACE] [FML]:   Registry: 188 minecraft:entity.enderdragon.ambient net.minecraft.util.SoundEvent@6bc24e72
[20:56:33] [Server thread/TRACE] [FML]:   Registry: 189 minecraft:entity.enderdragon.death net.minecraft.util.SoundEvent@724aefc3
[20:56:33] [Server thread/TRACE] [FML]:   Registry: 190 minecraft:entity.enderdragon.flap net.minecraft.util.SoundEvent@7cfb4736
[20:56:33] [Server thread/TRACE] [FML]:   Registry: 191 minecraft:entity.enderdragon.growl net.minecraft.util.SoundEvent@2a097d77
[20:56:33] [Server thread/TRACE] [FML]:   Registry: 192 minecraft:entity.enderdragon.hurt net.minecraft.util.SoundEvent@53c1179a
[20:56:33] [Server thread/TRACE] [FML]:   Registry: 193 minecraft:entity.enderdragon.shoot net.minecraft.util.SoundEvent@7650ded6
[20:56:33] [Server thread/TRACE] [FML]:   Registry: 194 minecraft:entity.enderdragon_fireball.explode net.minecraft.util.SoundEvent@5034f5dd
[20:56:33] [Server thread/TRACE] [FML]:   Registry: 195 minecraft:entity.endereye.death net.minecraft.util.SoundEvent@31b7d869
[20:56:33] [Server thread/TRACE] [FML]:   Registry: 196 minecraft:entity.endereye.launch net.minecraft.util.SoundEvent@6a916402
[20:56:33] [Server thread/TRACE] [FML]:   Registry: 197 minecraft:entity.endermen.ambient net.minecraft.util.SoundEvent@1a47a1e8
[20:56:33] [Server thread/TRACE] [FML]:   Registry: 198 minecraft:entity.endermen.death net.minecraft.util.SoundEvent@6d2a2560
[20:56:33] [Server thread/TRACE] [FML]:   Registry: 199 minecraft:entity.endermen.hurt net.minecraft.util.SoundEvent@62d1dc3c
[20:56:33] [Server thread/TRACE] [FML]:   Registry: 200 minecraft:entity.endermen.scream net.minecraft.util.SoundEvent@3811510
[20:56:33] [Server thread/TRACE] [FML]:   Registry: 201 minecraft:entity.endermen.stare net.minecraft.util.SoundEvent@24eeac69
[20:56:33] [Server thread/TRACE] [FML]:   Registry: 202 minecraft:entity.endermen.teleport net.minecraft.util.SoundEvent@18539cb1
[20:56:33] [Server thread/TRACE] [FML]:   Registry: 203 minecraft:entity.endermite.ambient net.minecraft.util.SoundEvent@748f93bb
[20:56:33] [Server thread/TRACE] [FML]:   Registry: 204 minecraft:entity.endermite.death net.minecraft.util.SoundEvent@7f2d31af
[20:56:33] [Server thread/TRACE] [FML]:   Registry: 205 minecraft:entity.endermite.hurt net.minecraft.util.SoundEvent@2e7157c7
[20:56:33] [Server thread/TRACE] [FML]:   Registry: 206 minecraft:entity.endermite.step net.minecraft.util.SoundEvent@2a43e0ac
[20:56:33] [Server thread/TRACE] [FML]:   Registry: 207 minecraft:entity.enderpearl.throw net.minecraft.util.SoundEvent@22d9bc14
[20:56:33] [Server thread/TRACE] [FML]:   Registry: 208 minecraft:entity.evocation_fangs.attack net.minecraft.util.SoundEvent@346f41a9
[20:56:33] [Server thread/TRACE] [FML]:   Registry: 209 minecraft:entity.evocation_illager.ambient net.minecraft.util.SoundEvent@1084f78c
[20:56:33] [Server thread/TRACE] [FML]:   Registry: 210 minecraft:entity.evocation_illager.cast_spell net.minecraft.util.SoundEvent@25f723b0
[20:56:33] [Server thread/TRACE] [FML]:   Registry: 211 minecraft:entity.evocation_illager.death net.minecraft.util.SoundEvent@4aa11206
[20:56:33] [Server thread/TRACE] [FML]:   Registry: 212 minecraft:entity.evocation_illager.hurt net.minecraft.util.SoundEvent@40d60f2
[20:56:33] [Server thread/TRACE] [FML]:   Registry: 213 minecraft:entity.evocation_illager.prepare_attack net.minecraft.util.SoundEvent@3382cf68
[20:56:33] [Server thread/TRACE] [FML]:   Registry: 214 minecraft:entity.evocation_illager.prepare_summon net.minecraft.util.SoundEvent@2f74900b
[20:56:33] [Server thread/TRACE] [FML]:   Registry: 215 minecraft:entity.evocation_illager.prepare_wololo net.minecraft.util.SoundEvent@6d8796c1
[20:56:33] [Server thread/TRACE] [FML]:   Registry: 216 minecraft:entity.experience_bottle.throw net.minecraft.util.SoundEvent@2e26173
[20:56:33] [Server thread/TRACE] [FML]:   Registry: 217 minecraft:entity.experience_orb.pickup net.minecraft.util.SoundEvent@27be17c8
[20:56:33] [Server thread/TRACE] [FML]:   Registry: 218 minecraft:entity.firework.blast net.minecraft.util.SoundEvent@2c413ffc
[20:56:33] [Server thread/TRACE] [FML]:   Registry: 219 minecraft:entity.firework.blast_far net.minecraft.util.SoundEvent@7d21852b
[20:56:33] [Server thread/TRACE] [FML]:   Registry: 220 minecraft:entity.firework.large_blast net.minecraft.util.SoundEvent@6cd98a05
[20:56:33] [Server thread/TRACE] [FML]:   Registry: 221 minecraft:entity.firework.large_blast_far net.minecraft.util.SoundEvent@3b8ec001
[20:56:33] [Server thread/TRACE] [FML]:   Registry: 222 minecraft:entity.firework.launch net.minecraft.util.SoundEvent@1e95b653
[20:56:33] [Server thread/TRACE] [FML]:   Registry: 223 minecraft:entity.firework.shoot net.minecraft.util.SoundEvent@6f6c6077
[20:56:33] [Server thread/TRACE] [FML]:   Registry: 224 minecraft:entity.firework.twinkle net.minecraft.util.SoundEvent@4fc5563d
[20:56:33] [Server thread/TRACE] [FML]:   Registry: 225 minecraft:entity.firework.twinkle_far net.minecraft.util.SoundEvent@286090c
[20:56:33] [Server thread/TRACE] [FML]:   Registry: 226 minecraft:entity.generic.big_fall net.minecraft.util.SoundEvent@31120021
[20:56:33] [Server thread/TRACE] [FML]:   Registry: 227 minecraft:entity.generic.burn net.minecraft.util.SoundEvent@3df1a1ac
[20:56:33] [Server thread/TRACE] [FML]:   Registry: 228 minecraft:entity.generic.death net.minecraft.util.SoundEvent@58606c91
[20:56:33] [Server thread/TRACE] [FML]:   Registry: 229 minecraft:entity.generic.drink net.minecraft.util.SoundEvent@6a9cd0f8
[20:56:33] [Server thread/TRACE] [FML]:   Registry: 230 minecraft:entity.generic.eat net.minecraft.util.SoundEvent@4baed682
[20:56:33] [Server thread/TRACE] [FML]:   Registry: 231 minecraft:entity.generic.explode net.minecraft.util.SoundEvent@7be2f29a
[20:56:33] [Server thread/TRACE] [FML]:   Registry: 232 minecraft:entity.generic.extinguish_fire net.minecraft.util.SoundEvent@203d1d93
[20:56:33] [Server thread/TRACE] [FML]:   Registry: 233 minecraft:entity.generic.hurt net.minecraft.util.SoundEvent@2c2a027c
[20:56:33] [Server thread/TRACE] [FML]:   Registry: 234 minecraft:entity.generic.small_fall net.minecraft.util.SoundEvent@118dcbbd
[20:56:33] [Server thread/TRACE] [FML]:   Registry: 235 minecraft:entity.generic.splash net.minecraft.util.SoundEvent@7d979d34
[20:56:33] [Server thread/TRACE] [FML]:   Registry: 236 minecraft:entity.generic.swim net.minecraft.util.SoundEvent@350ec690
[20:56:33] [Server thread/TRACE] [FML]:   Registry: 237 minecraft:entity.ghast.ambient net.minecraft.util.SoundEvent@49cb1baf
[20:56:33] [Server thread/TRACE] [FML]:   Registry: 238 minecraft:entity.ghast.death net.minecraft.util.SoundEvent@3664f108
[20:56:33] [Server thread/TRACE] [FML]:   Registry: 239 minecraft:entity.ghast.hurt net.minecraft.util.SoundEvent@77dba4cd
[20:56:33] [Server thread/TRACE] [FML]:   Registry: 240 minecraft:entity.ghast.scream net.minecraft.util.SoundEvent@34a2d6e0
[20:56:33] [Server thread/TRACE] [FML]:   Registry: 241 minecraft:entity.ghast.shoot net.minecraft.util.SoundEvent@2525a5b8
[20:56:33] [Server thread/TRACE] [FML]:   Registry: 242 minecraft:entity.ghast.warn net.minecraft.util.SoundEvent@3458eca5
[20:56:33] [Server thread/TRACE] [FML]:   Registry: 243 minecraft:entity.guardian.ambient net.minecraft.util.SoundEvent@1e0fdb2f
[20:56:33] [Server thread/TRACE] [FML]:   Registry: 244 minecraft:entity.guardian.ambient_land net.minecraft.util.SoundEvent@3c380bd8
[20:56:33] [Server thread/TRACE] [FML]:   Registry: 245 minecraft:entity.guardian.attack net.minecraft.util.SoundEvent@34b87182
[20:56:33] [Server thread/TRACE] [FML]:   Registry: 246 minecraft:entity.guardian.death net.minecraft.util.SoundEvent@47768e74
[20:56:33] [Server thread/TRACE] [FML]:   Registry: 247 minecraft:entity.guardian.death_land net.minecraft.util.SoundEvent@2740e316
[20:56:33] [Server thread/TRACE] [FML]:   Registry: 248 minecraft:entity.guardian.flop net.minecraft.util.SoundEvent@5b5a4aed
[20:56:33] [Server thread/TRACE] [FML]:   Registry: 249 minecraft:entity.guardian.hurt net.minecraft.util.SoundEvent@2c991465
[20:56:33] [Server thread/TRACE] [FML]:   Registry: 250 minecraft:entity.guardian.hurt_land net.minecraft.util.SoundEvent@5fef2aac
[20:56:33] [Server thread/TRACE] [FML]:   Registry: 251 minecraft:entity.horse.ambient net.minecraft.util.SoundEvent@7f973a14
[20:56:33] [Server thread/TRACE] [FML]:   Registry: 252 minecraft:entity.horse.angry net.minecraft.util.SoundEvent@76130a29
[20:56:33] [Server thread/TRACE] [FML]:   Registry: 253 minecraft:entity.horse.armor net.minecraft.util.SoundEvent@124d02b2
[20:56:33] [Server thread/TRACE] [FML]:   Registry: 254 minecraft:entity.horse.breathe net.minecraft.util.SoundEvent@3451f01d
[20:56:33] [Server thread/TRACE] [FML]:   Registry: 255 minecraft:entity.horse.death net.minecraft.util.SoundEvent@72503b19
[20:56:33] [Server thread/TRACE] [FML]:   Registry: 256 minecraft:entity.horse.eat net.minecraft.util.SoundEvent@1cfc2538
[20:56:33] [Server thread/TRACE] [FML]:   Registry: 257 minecraft:entity.horse.gallop net.minecraft.util.SoundEvent@66deec87
[20:56:33] [Server thread/TRACE] [FML]:   Registry: 258 minecraft:entity.horse.hurt net.minecraft.util.SoundEvent@5d342959
[20:56:33] [Server thread/TRACE] [FML]:   Registry: 259 minecraft:entity.horse.jump net.minecraft.util.SoundEvent@2ecf5915
[20:56:33] [Server thread/TRACE] [FML]:   Registry: 260 minecraft:entity.horse.land net.minecraft.util.SoundEvent@53e76c11
[20:56:33] [Server thread/TRACE] [FML]:   Registry: 261 minecraft:entity.horse.saddle net.minecraft.util.SoundEvent@42cc183e
[20:56:33] [Server thread/TRACE] [FML]:   Registry: 262 minecraft:entity.horse.step net.minecraft.util.SoundEvent@3e4e8fdf
[20:56:33] [Server thread/TRACE] [FML]:   Registry: 263 minecraft:entity.horse.step_wood net.minecraft.util.SoundEvent@6a1d6ef2
[20:56:33] [Server thread/TRACE] [FML]:   Registry: 264 minecraft:entity.hostile.big_fall net.minecraft.util.SoundEvent@2721044
[20:56:33] [Server thread/TRACE] [FML]:   Registry: 265 minecraft:entity.hostile.death net.minecraft.util.SoundEvent@205df5dc
[20:56:33] [Server thread/TRACE] [FML]:   Registry: 266 minecraft:entity.hostile.hurt net.minecraft.util.SoundEvent@6aa7b67f
[20:56:33] [Server thread/TRACE] [FML]:   Registry: 267 minecraft:entity.hostile.small_fall net.minecraft.util.SoundEvent@6bcc3f27
[20:56:33] [Server thread/TRACE] [FML]:   Registry: 268 minecraft:entity.hostile.splash net.minecraft.util.SoundEvent@79aee22a
[20:56:33] [Server thread/TRACE] [FML]:   Registry: 269 minecraft:entity.hostile.swim net.minecraft.util.SoundEvent@36920bd6
[20:56:33] [Server thread/TRACE] [FML]:   Registry: 270 minecraft:entity.husk.ambient net.minecraft.util.SoundEvent@61514735
[20:56:33] [Server thread/TRACE] [FML]:   Registry: 271 minecraft:entity.husk.death net.minecraft.util.SoundEvent@6bee793f
[20:56:33] [Server thread/TRACE] [FML]:   Registry: 272 minecraft:entity.husk.hurt net.minecraft.util.SoundEvent@655f69da
[20:56:33] [Server thread/TRACE] [FML]:   Registry: 273 minecraft:entity.husk.step net.minecraft.util.SoundEvent@43b5021c
[20:56:33] [Server thread/TRACE] [FML]:   Registry: 274 minecraft:entity.illusion_illager.ambient net.minecraft.util.SoundEvent@28369db0
[20:56:33] [Server thread/TRACE] [FML]:   Registry: 275 minecraft:entity.illusion_illager.cast_spell net.minecraft.util.SoundEvent@30893e08
[20:56:33] [Server thread/TRACE] [FML]:   Registry: 276 minecraft:entity.illusion_illager.death net.minecraft.util.SoundEvent@2e86807a
[20:56:33] [Server thread/TRACE] [FML]:   Registry: 277 minecraft:entity.illusion_illager.hurt net.minecraft.util.SoundEvent@4548d254
[20:56:33] [Server thread/TRACE] [FML]:   Registry: 278 minecraft:entity.illusion_illager.mirror_move net.minecraft.util.SoundEvent@590f0c50
[20:56:33] [Server thread/TRACE] [FML]:   Registry: 279 minecraft:entity.illusion_illager.prepare_blindness net.minecraft.util.SoundEvent@208f0007
[20:56:33] [Server thread/TRACE] [FML]:   Registry: 280 minecraft:entity.illusion_illager.prepare_mirror net.minecraft.util.SoundEvent@3a90c13c
[20:56:33] [Server thread/TRACE] [FML]:   Registry: 281 minecraft:entity.irongolem.attack net.minecraft.util.SoundEvent@39c96e48
[20:56:33] [Server thread/TRACE] [FML]:   Registry: 282 minecraft:entity.irongolem.death net.minecraft.util.SoundEvent@188598ad
[20:56:33] [Server thread/TRACE] [FML]:   Registry: 283 minecraft:entity.irongolem.hurt net.minecraft.util.SoundEvent@40d23c82
[20:56:33] [Server thread/TRACE] [FML]:   Registry: 284 minecraft:entity.irongolem.step net.minecraft.util.SoundEvent@7cf78c85
[20:56:33] [Server thread/TRACE] [FML]:   Registry: 285 minecraft:entity.item.break net.minecraft.util.SoundEvent@ebe067d
[20:56:33] [Server thread/TRACE] [FML]:   Registry: 286 minecraft:entity.item.pickup net.minecraft.util.SoundEvent@3a4ab7f7
[20:56:33] [Server thread/TRACE] [FML]:   Registry: 287 minecraft:entity.itemframe.add_item net.minecraft.util.SoundEvent@6badba10
[20:56:33] [Server thread/TRACE] [FML]:   Registry: 288 minecraft:entity.itemframe.break net.minecraft.util.SoundEvent@2b7e8044
[20:56:33] [Server thread/TRACE] [FML]:   Registry: 289 minecraft:entity.itemframe.place net.minecraft.util.SoundEvent@550de6b8
[20:56:33] [Server thread/TRACE] [FML]:   Registry: 290 minecraft:entity.itemframe.remove_item net.minecraft.util.SoundEvent@3a1706e1
[20:56:33] [Server thread/TRACE] [FML]:   Registry: 291 minecraft:entity.itemframe.rotate_item net.minecraft.util.SoundEvent@3c6c4689
[20:56:33] [Server thread/TRACE] [FML]:   Registry: 292 minecraft:entity.leashknot.break net.minecraft.util.SoundEvent@63cf9de0
[20:56:33] [Server thread/TRACE] [FML]:   Registry: 293 minecraft:entity.leashknot.place net.minecraft.util.SoundEvent@594d9f07
[20:56:33] [Server thread/TRACE] [FML]:   Registry: 294 minecraft:entity.lightning.impact net.minecraft.util.SoundEvent@5befbac1
[20:56:33] [Server thread/TRACE] [FML]:   Registry: 295 minecraft:entity.lightning.thunder net.minecraft.util.SoundEvent@5e9f73b
[20:56:33] [Server thread/TRACE] [FML]:   Registry: 296 minecraft:entity.lingeringpotion.throw net.minecraft.util.SoundEvent@1a565afb
[20:56:33] [Server thread/TRACE] [FML]:   Registry: 297 minecraft:entity.llama.ambient net.minecraft.util.SoundEvent@2fd64b11
[20:56:33] [Server thread/TRACE] [FML]:   Registry: 298 minecraft:entity.llama.angry net.minecraft.util.SoundEvent@949c598
[20:56:33] [Server thread/TRACE] [FML]:   Registry: 299 minecraft:entity.llama.chest net.minecraft.util.SoundEvent@43d3aba5
[20:56:33] [Server thread/TRACE] [FML]:   Registry: 300 minecraft:entity.llama.death net.minecraft.util.SoundEvent@6bfaa0a6
[20:56:33] [Server thread/TRACE] [FML]:   Registry: 301 minecraft:entity.llama.eat net.minecraft.util.SoundEvent@76e9f00b
[20:56:33] [Server thread/TRACE] [FML]:   Registry: 302 minecraft:entity.llama.hurt net.minecraft.util.SoundEvent@314b9e4b
[20:56:33] [Server thread/TRACE] [FML]:   Registry: 303 minecraft:entity.llama.spit net.minecraft.util.SoundEvent@6f1b8544
[20:56:33] [Server thread/TRACE] [FML]:   Registry: 304 minecraft:entity.llama.step net.minecraft.util.SoundEvent@51dae791
[20:56:33] [Server thread/TRACE] [FML]:   Registry: 305 minecraft:entity.llama.swag net.minecraft.util.SoundEvent@688a2c09
[20:56:33] [Server thread/TRACE] [FML]:   Registry: 306 minecraft:entity.magmacube.death net.minecraft.util.SoundEvent@5de5e95
[20:56:33] [Server thread/TRACE] [FML]:   Registry: 307 minecraft:entity.magmacube.hurt net.minecraft.util.SoundEvent@365cdacf
[20:56:33] [Server thread/TRACE] [FML]:   Registry: 308 minecraft:entity.magmacube.jump net.minecraft.util.SoundEvent@303c55fa
[20:56:33] [Server thread/TRACE] [FML]:   Registry: 309 minecraft:entity.magmacube.squish net.minecraft.util.SoundEvent@9efcd90
[20:56:33] [Server thread/TRACE] [FML]:   Registry: 310 minecraft:entity.minecart.inside net.minecraft.util.SoundEvent@7eb200ce
[20:56:33] [Server thread/TRACE] [FML]:   Registry: 311 minecraft:entity.minecart.riding net.minecraft.util.SoundEvent@2ee83775
[20:56:33] [Server thread/TRACE] [FML]:   Registry: 312 minecraft:entity.mooshroom.shear net.minecraft.util.SoundEvent@7c2924d7
[20:56:33] [Server thread/TRACE] [FML]:   Registry: 313 minecraft:entity.mule.ambient net.minecraft.util.SoundEvent@b5de58f
[20:56:33] [Server thread/TRACE] [FML]:   Registry: 314 minecraft:entity.mule.chest net.minecraft.util.SoundEvent@6587305a
[20:56:33] [Server thread/TRACE] [FML]:   Registry: 315 minecraft:entity.mule.death net.minecraft.util.SoundEvent@abbe000
[20:56:33] [Server thread/TRACE] [FML]:   Registry: 316 minecraft:entity.mule.hurt net.minecraft.util.SoundEvent@3f81621c
[20:56:33] [Server thread/TRACE] [FML]:   Registry: 317 minecraft:entity.painting.break net.minecraft.util.SoundEvent@5b9499fe
[20:56:33] [Server thread/TRACE] [FML]:   Registry: 318 minecraft:entity.painting.place net.minecraft.util.SoundEvent@74d6736
[20:56:33] [Server thread/TRACE] [FML]:   Registry: 319 minecraft:entity.parrot.ambient net.minecraft.util.SoundEvent@52a33c3f
[20:56:33] [Server thread/TRACE] [FML]:   Registry: 320 minecraft:entity.parrot.death net.minecraft.util.SoundEvent@668625f5
[20:56:33] [Server thread/TRACE] [FML]:   Registry: 321 minecraft:entity.parrot.eat net.minecraft.util.SoundEvent@19a20bb2
[20:56:33] [Server thread/TRACE] [FML]:   Registry: 322 minecraft:entity.parrot.fly net.minecraft.util.SoundEvent@75babb67
[20:56:33] [Server thread/TRACE] [FML]:   Registry: 323 minecraft:entity.parrot.hurt net.minecraft.util.SoundEvent@3eb3232b
[20:56:33] [Server thread/TRACE] [FML]:   Registry: 324 minecraft:entity.parrot.imitate.blaze net.minecraft.util.SoundEvent@69cd1085
[20:56:33] [Server thread/TRACE] [FML]:   Registry: 325 minecraft:entity.parrot.imitate.creeper net.minecraft.util.SoundEvent@60bb7995
[20:56:33] [Server thread/TRACE] [FML]:   Registry: 326 minecraft:entity.parrot.imitate.elder_guardian net.minecraft.util.SoundEvent@40fa8766
[20:56:33] [Server thread/TRACE] [FML]:   Registry: 327 minecraft:entity.parrot.imitate.enderdragon net.minecraft.util.SoundEvent@67774e29
[20:56:33] [Server thread/TRACE] [FML]:   Registry: 328 minecraft:entity.parrot.imitate.enderman net.minecraft.util.SoundEvent@663f237a
[20:56:33] [Server thread/TRACE] [FML]:   Registry: 329 minecraft:entity.parrot.imitate.endermite net.minecraft.util.SoundEvent@5d7399f9
[20:56:33] [Server thread/TRACE] [FML]:   Registry: 330 minecraft:entity.parrot.imitate.evocation_illager net.minecraft.util.SoundEvent@49a6f486
[20:56:33] [Server thread/TRACE] [FML]:   Registry: 331 minecraft:entity.parrot.imitate.ghast net.minecraft.util.SoundEvent@14fded9d
[20:56:33] [Server thread/TRACE] [FML]:   Registry: 332 minecraft:entity.parrot.imitate.husk net.minecraft.util.SoundEvent@bc6288b
[20:56:33] [Server thread/TRACE] [FML]:   Registry: 333 minecraft:entity.parrot.imitate.illusion_illager net.minecraft.util.SoundEvent@4a3bd45b
[20:56:33] [Server thread/TRACE] [FML]:   Registry: 334 minecraft:entity.parrot.imitate.magmacube net.minecraft.util.SoundEvent@34c70b5e
[20:56:33] [Server thread/TRACE] [FML]:   Registry: 335 minecraft:entity.parrot.imitate.polar_bear net.minecraft.util.SoundEvent@4f2d995e
[20:56:33] [Server thread/TRACE] [FML]:   Registry: 336 minecraft:entity.parrot.imitate.shulker net.minecraft.util.SoundEvent@75156240
[20:56:33] [Server thread/TRACE] [FML]:   Registry: 337 minecraft:entity.parrot.imitate.silverfish net.minecraft.util.SoundEvent@6198e9b5
[20:56:33] [Server thread/TRACE] [FML]:   Registry: 338 minecraft:entity.parrot.imitate.skeleton net.minecraft.util.SoundEvent@6d099323
[20:56:33] [Server thread/TRACE] [FML]:   Registry: 339 minecraft:entity.parrot.imitate.slime net.minecraft.util.SoundEvent@4ecd00b5
[20:56:33] [Server thread/TRACE] [FML]:   Registry: 340 minecraft:entity.parrot.imitate.spider net.minecraft.util.SoundEvent@10947c4e
[20:56:33] [Server thread/TRACE] [FML]:   Registry: 341 minecraft:entity.parrot.imitate.stray net.minecraft.util.SoundEvent@3667faa8
[20:56:33] [Server thread/TRACE] [FML]:   Registry: 342 minecraft:entity.parrot.imitate.vex net.minecraft.util.SoundEvent@1756f7cc
[20:56:33] [Server thread/TRACE] [FML]:   Registry: 343 minecraft:entity.parrot.imitate.vindication_illager net.minecraft.util.SoundEvent@3138953b
[20:56:33] [Server thread/TRACE] [FML]:   Registry: 344 minecraft:entity.parrot.imitate.witch net.minecraft.util.SoundEvent@27df95e
[20:56:33] [Server thread/TRACE] [FML]:   Registry: 345 minecraft:entity.parrot.imitate.wither net.minecraft.util.SoundEvent@b46e103
[20:56:33] [Server thread/TRACE] [FML]:   Registry: 346 minecraft:entity.parrot.imitate.wither_skeleton net.minecraft.util.SoundEvent@2b0e9f30
[20:56:33] [Server thread/TRACE] [FML]:   Registry: 347 minecraft:entity.parrot.imitate.wolf net.minecraft.util.SoundEvent@5eea5627
[20:56:33] [Server thread/TRACE] [FML]:   Registry: 348 minecraft:entity.parrot.imitate.zombie net.minecraft.util.SoundEvent@3330f3ad
[20:56:33] [Server thread/TRACE] [FML]:   Registry: 349 minecraft:entity.parrot.imitate.zombie_pigman net.minecraft.util.SoundEvent@f425231
[20:56:33] [Server thread/TRACE] [FML]:   Registry: 350 minecraft:entity.parrot.imitate.zombie_villager net.minecraft.util.SoundEvent@506aabf6
[20:56:33] [Server thread/TRACE] [FML]:   Registry: 351 minecraft:entity.parrot.step net.minecraft.util.SoundEvent@5cbd94b2
[20:56:33] [Server thread/TRACE] [FML]:   Registry: 352 minecraft:entity.pig.ambient net.minecraft.util.SoundEvent@6824b913
[20:56:33] [Server thread/TRACE] [FML]:   Registry: 353 minecraft:entity.pig.death net.minecraft.util.SoundEvent@756aadfc
[20:56:33] [Server thread/TRACE] [FML]:   Registry: 354 minecraft:entity.pig.hurt net.minecraft.util.SoundEvent@705a8dbc
[20:56:33] [Server thread/TRACE] [FML]:   Registry: 355 minecraft:entity.pig.saddle net.minecraft.util.SoundEvent@40729f01
[20:56:33] [Server thread/TRACE] [FML]:   Registry: 356 minecraft:entity.pig.step net.minecraft.util.SoundEvent@d535a3d
[20:56:33] [Server thread/TRACE] [FML]:   Registry: 357 minecraft:entity.player.attack.crit net.minecraft.util.SoundEvent@2d760326
[20:56:33] [Server thread/TRACE] [FML]:   Registry: 358 minecraft:entity.player.attack.knockback net.minecraft.util.SoundEvent@9e54c59
[20:56:33] [Server thread/TRACE] [FML]:   Registry: 359 minecraft:entity.player.attack.nodamage net.minecraft.util.SoundEvent@5dbb50f3
[20:56:33] [Server thread/TRACE] [FML]:   Registry: 360 minecraft:entity.player.attack.strong net.minecraft.util.SoundEvent@4a2e7bcb
[20:56:33] [Server thread/TRACE] [FML]:   Registry: 361 minecraft:entity.player.attack.sweep net.minecraft.util.SoundEvent@575c3e9b
[20:56:33] [Server thread/TRACE] [FML]:   Registry: 362 minecraft:entity.player.attack.weak net.minecraft.util.SoundEvent@74f827ad
[20:56:33] [Server thread/TRACE] [FML]:   Registry: 363 minecraft:entity.player.big_fall net.minecraft.util.SoundEvent@73c3cd09
[20:56:33] [Server thread/TRACE] [FML]:   Registry: 364 minecraft:entity.player.breath net.minecraft.util.SoundEvent@4a8a0099
[20:56:33] [Server thread/TRACE] [FML]:   Registry: 365 minecraft:entity.player.burp net.minecraft.util.SoundEvent@7c1447b5
[20:56:33] [Server thread/TRACE] [FML]:   Registry: 366 minecraft:entity.player.death net.minecraft.util.SoundEvent@49e4c2d5
[20:56:33] [Server thread/TRACE] [FML]:   Registry: 367 minecraft:entity.player.hurt net.minecraft.util.SoundEvent@24a2e565
[20:56:33] [Server thread/TRACE] [FML]:   Registry: 368 minecraft:entity.player.hurt_drown net.minecraft.util.SoundEvent@3e36b7a0
[20:56:33] [Server thread/TRACE] [FML]:   Registry: 369 minecraft:entity.player.hurt_on_fire net.minecraft.util.SoundEvent@60c1663c
[20:56:33] [Server thread/TRACE] [FML]:   Registry: 370 minecraft:entity.player.levelup net.minecraft.util.SoundEvent@f5cf29b
[20:56:33] [Server thread/TRACE] [FML]:   Registry: 371 minecraft:entity.player.small_fall net.minecraft.util.SoundEvent@3c66b7d8
[20:56:33] [Server thread/TRACE] [FML]:   Registry: 372 minecraft:entity.player.splash net.minecraft.util.SoundEvent@37e69c43
[20:56:33] [Server thread/TRACE] [FML]:   Registry: 373 minecraft:entity.player.swim net.minecraft.util.SoundEvent@5c7dfc05
[20:56:33] [Server thread/TRACE] [FML]:   Registry: 374 minecraft:entity.polar_bear.ambient net.minecraft.util.SoundEvent@345d053b
[20:56:33] [Server thread/TRACE] [FML]:   Registry: 375 minecraft:entity.polar_bear.baby_ambient net.minecraft.util.SoundEvent@3d0cac1f
[20:56:33] [Server thread/TRACE] [FML]:   Registry: 376 minecraft:entity.polar_bear.death net.minecraft.util.SoundEvent@3e8b3b79
[20:56:33] [Server thread/TRACE] [FML]:   Registry: 377 minecraft:entity.polar_bear.hurt net.minecraft.util.SoundEvent@d257579
[20:56:33] [Server thread/TRACE] [FML]:   Registry: 378 minecraft:entity.polar_bear.step net.minecraft.util.SoundEvent@518ddd3b
[20:56:33] [Server thread/TRACE] [FML]:   Registry: 379 minecraft:entity.polar_bear.warning net.minecraft.util.SoundEvent@939ff41
[20:56:33] [Server thread/TRACE] [FML]:   Registry: 380 minecraft:entity.rabbit.ambient net.minecraft.util.SoundEvent@6e0e5dec
[20:56:33] [Server thread/TRACE] [FML]:   Registry: 381 minecraft:entity.rabbit.attack net.minecraft.util.SoundEvent@48a663e9
[20:56:33] [Server thread/TRACE] [FML]:   Registry: 382 minecraft:entity.rabbit.death net.minecraft.util.SoundEvent@777d0bc3
[20:56:33] [Server thread/TRACE] [FML]:   Registry: 383 minecraft:entity.rabbit.hurt net.minecraft.util.SoundEvent@3178219a
[20:56:33] [Server thread/TRACE] [FML]:   Registry: 384 minecraft:entity.rabbit.jump net.minecraft.util.SoundEvent@2d85fb64
[20:56:33] [Server thread/TRACE] [FML]:   Registry: 385 minecraft:entity.sheep.ambient net.minecraft.util.SoundEvent@56476c16
[20:56:33] [Server thread/TRACE] [FML]:   Registry: 386 minecraft:entity.sheep.death net.minecraft.util.SoundEvent@497b560e
[20:56:33] [Server thread/TRACE] [FML]:   Registry: 387 minecraft:entity.sheep.hurt net.minecraft.util.SoundEvent@39ffda4a
[20:56:33] [Server thread/TRACE] [FML]:   Registry: 388 minecraft:entity.sheep.shear net.minecraft.util.SoundEvent@3ba348ca
[20:56:33] [Server thread/TRACE] [FML]:   Registry: 389 minecraft:entity.sheep.step net.minecraft.util.SoundEvent@56e9a474
[20:56:33] [Server thread/TRACE] [FML]:   Registry: 390 minecraft:entity.shulker.ambient net.minecraft.util.SoundEvent@45b15381
[20:56:33] [Server thread/TRACE] [FML]:   Registry: 391 minecraft:entity.shulker.close net.minecraft.util.SoundEvent@2dbfcf7
[20:56:33] [Server thread/TRACE] [FML]:   Registry: 392 minecraft:entity.shulker.death net.minecraft.util.SoundEvent@239f017e
[20:56:33] [Server thread/TRACE] [FML]:   Registry: 393 minecraft:entity.shulker.hurt net.minecraft.util.SoundEvent@38cedb7d
[20:56:33] [Server thread/TRACE] [FML]:   Registry: 394 minecraft:entity.shulker.hurt_closed net.minecraft.util.SoundEvent@772caabe
[20:56:33] [Server thread/TRACE] [FML]:   Registry: 395 minecraft:entity.shulker.open net.minecraft.util.SoundEvent@2acdcce8
[20:56:33] [Server thread/TRACE] [FML]:   Registry: 396 minecraft:entity.shulker.shoot net.minecraft.util.SoundEvent@7102ac3e
[20:56:33] [Server thread/TRACE] [FML]:   Registry: 397 minecraft:entity.shulker.teleport net.minecraft.util.SoundEvent@3f598450
[20:56:33] [Server thread/TRACE] [FML]:   Registry: 398 minecraft:entity.shulker_bullet.hit net.minecraft.util.SoundEvent@2db2a05f
[20:56:33] [Server thread/TRACE] [FML]:   Registry: 399 minecraft:entity.shulker_bullet.hurt net.minecraft.util.SoundEvent@695c938d
[20:56:33] [Server thread/TRACE] [FML]:   Registry: 400 minecraft:entity.silverfish.ambient net.minecraft.util.SoundEvent@d5bb1c4
[20:56:33] [Server thread/TRACE] [FML]:   Registry: 401 minecraft:entity.silverfish.death net.minecraft.util.SoundEvent@7ed3df3b
[20:56:33] [Server thread/TRACE] [FML]:   Registry: 402 minecraft:entity.silverfish.hurt net.minecraft.util.SoundEvent@465b38e6
[20:56:33] [Server thread/TRACE] [FML]:   Registry: 403 minecraft:entity.silverfish.step net.minecraft.util.SoundEvent@4b960b5b
[20:56:33] [Server thread/TRACE] [FML]:   Registry: 404 minecraft:entity.skeleton.ambient net.minecraft.util.SoundEvent@1b13467c
[20:56:33] [Server thread/TRACE] [FML]:   Registry: 405 minecraft:entity.skeleton.death net.minecraft.util.SoundEvent@7bd96822
[20:56:33] [Server thread/TRACE] [FML]:   Registry: 406 minecraft:entity.skeleton.hurt net.minecraft.util.SoundEvent@64dae3b7
[20:56:33] [Server thread/TRACE] [FML]:   Registry: 407 minecraft:entity.skeleton.shoot net.minecraft.util.SoundEvent@1fedf0a4
[20:56:33] [Server thread/TRACE] [FML]:   Registry: 408 minecraft:entity.skeleton.step net.minecraft.util.SoundEvent@1e4c6583
[20:56:33] [Server thread/TRACE] [FML]:   Registry: 409 minecraft:entity.skeleton_horse.ambient net.minecraft.util.SoundEvent@2ee48610
[20:56:33] [Server thread/TRACE] [FML]:   Registry: 410 minecraft:entity.skeleton_horse.death net.minecraft.util.SoundEvent@1d901f20
[20:56:33] [Server thread/TRACE] [FML]:   Registry: 411 minecraft:entity.skeleton_horse.hurt net.minecraft.util.SoundEvent@6d08b4e6
[20:56:33] [Server thread/TRACE] [FML]:   Registry: 412 minecraft:entity.slime.attack net.minecraft.util.SoundEvent@1015a4b9
[20:56:33] [Server thread/TRACE] [FML]:   Registry: 413 minecraft:entity.slime.death net.minecraft.util.SoundEvent@1acb74ad
[20:56:33] [Server thread/TRACE] [FML]:   Registry: 414 minecraft:entity.slime.hurt net.minecraft.util.SoundEvent@7bf01cb
[20:56:33] [Server thread/TRACE] [FML]:   Registry: 415 minecraft:entity.slime.jump net.minecraft.util.SoundEvent@2f382a5e
[20:56:33] [Server thread/TRACE] [FML]:   Registry: 416 minecraft:entity.slime.squish net.minecraft.util.SoundEvent@12b5736c
[20:56:33] [Server thread/TRACE] [FML]:   Registry: 417 minecraft:entity.small_magmacube.death net.minecraft.util.SoundEvent@539a138b
[20:56:33] [Server thread/TRACE] [FML]:   Registry: 418 minecraft:entity.small_magmacube.hurt net.minecraft.util.SoundEvent@2cd4e16a
[20:56:33] [Server thread/TRACE] [FML]:   Registry: 419 minecraft:entity.small_magmacube.squish net.minecraft.util.SoundEvent@42505474
[20:56:33] [Server thread/TRACE] [FML]:   Registry: 420 minecraft:entity.small_slime.death net.minecraft.util.SoundEvent@7b477141
[20:56:33] [Server thread/TRACE] [FML]:   Registry: 421 minecraft:entity.small_slime.hurt net.minecraft.util.SoundEvent@784223e9
[20:56:33] [Server thread/TRACE] [FML]:   Registry: 422 minecraft:entity.small_slime.jump net.minecraft.util.SoundEvent@7316523a
[20:56:33] [Server thread/TRACE] [FML]:   Registry: 423 minecraft:entity.small_slime.squish net.minecraft.util.SoundEvent@33a55bd8
[20:56:33] [Server thread/TRACE] [FML]:   Registry: 424 minecraft:entity.snowball.throw net.minecraft.util.SoundEvent@73a8e994
[20:56:33] [Server thread/TRACE] [FML]:   Registry: 425 minecraft:entity.snowman.ambient net.minecraft.util.SoundEvent@1a1cc163
[20:56:33] [Server thread/TRACE] [FML]:   Registry: 426 minecraft:entity.snowman.death net.minecraft.util.SoundEvent@5b5ac798
[20:56:33] [Server thread/TRACE] [FML]:   Registry: 427 minecraft:entity.snowman.hurt net.minecraft.util.SoundEvent@42383cb0
[20:56:33] [Server thread/TRACE] [FML]:   Registry: 428 minecraft:entity.snowman.shoot net.minecraft.util.SoundEvent@7668892a
[20:56:33] [Server thread/TRACE] [FML]:   Registry: 429 minecraft:entity.spider.ambient net.minecraft.util.SoundEvent@a83495d
[20:56:33] [Server thread/TRACE] [FML]:   Registry: 430 minecraft:entity.spider.death net.minecraft.util.SoundEvent@7e83992
[20:56:33] [Server thread/TRACE] [FML]:   Registry: 431 minecraft:entity.spider.hurt net.minecraft.util.SoundEvent@4364863
[20:56:33] [Server thread/TRACE] [FML]:   Registry: 432 minecraft:entity.spider.step net.minecraft.util.SoundEvent@3625a016
[20:56:33] [Server thread/TRACE] [FML]:   Registry: 433 minecraft:entity.splash_potion.break net.minecraft.util.SoundEvent@267cde2e
[20:56:33] [Server thread/TRACE] [FML]:   Registry: 434 minecraft:entity.splash_potion.throw net.minecraft.util.SoundEvent@609e57da
[20:56:33] [Server thread/TRACE] [FML]:   Registry: 435 minecraft:entity.squid.ambient net.minecraft.util.SoundEvent@56dd6efa
[20:56:33] [Server thread/TRACE] [FML]:   Registry: 436 minecraft:entity.squid.death net.minecraft.util.SoundEvent@4d634127
[20:56:33] [Server thread/TRACE] [FML]:   Registry: 437 minecraft:entity.squid.hurt net.minecraft.util.SoundEvent@d2e6b0b
[20:56:33] [Server thread/TRACE] [FML]:   Registry: 438 minecraft:entity.stray.ambient net.minecraft.util.SoundEvent@1f1cddf3
[20:56:33] [Server thread/TRACE] [FML]:   Registry: 439 minecraft:entity.stray.death net.minecraft.util.SoundEvent@228bda54
[20:56:33] [Server thread/TRACE] [FML]:   Registry: 440 minecraft:entity.stray.hurt net.minecraft.util.SoundEvent@75b6dd5b
[20:56:33] [Server thread/TRACE] [FML]:   Registry: 441 minecraft:entity.stray.step net.minecraft.util.SoundEvent@b3e86d5
[20:56:33] [Server thread/TRACE] [FML]:   Registry: 442 minecraft:entity.tnt.primed net.minecraft.util.SoundEvent@72b43104
[20:56:33] [Server thread/TRACE] [FML]:   Registry: 443 minecraft:entity.vex.ambient net.minecraft.util.SoundEvent@e111c7c
[20:56:33] [Server thread/TRACE] [FML]:   Registry: 444 minecraft:entity.vex.charge net.minecraft.util.SoundEvent@4d0e54e0
[20:56:33] [Server thread/TRACE] [FML]:   Registry: 445 minecraft:entity.vex.death net.minecraft.util.SoundEvent@32f96bba
[20:56:33] [Server thread/TRACE] [FML]:   Registry: 446 minecraft:entity.vex.hurt net.minecraft.util.SoundEvent@611640f0
[20:56:33] [Server thread/TRACE] [FML]:   Registry: 447 minecraft:entity.villager.ambient net.minecraft.util.SoundEvent@67e25252
[20:56:33] [Server thread/TRACE] [FML]:   Registry: 448 minecraft:entity.villager.death net.minecraft.util.SoundEvent@58f4b31a
[20:56:33] [Server thread/TRACE] [FML]:   Registry: 449 minecraft:entity.villager.hurt net.minecraft.util.SoundEvent@21a9a705
[20:56:33] [Server thread/TRACE] [FML]:   Registry: 450 minecraft:entity.villager.no net.minecraft.util.SoundEvent@72eb6200
[20:56:33] [Server thread/TRACE] [FML]:   Registry: 451 minecraft:entity.villager.trading net.minecraft.util.SoundEvent@76ececd
[20:56:33] [Server thread/TRACE] [FML]:   Registry: 452 minecraft:entity.villager.yes net.minecraft.util.SoundEvent@7affc159
[20:56:33] [Server thread/TRACE] [FML]:   Registry: 453 minecraft:entity.vindication_illager.ambient net.minecraft.util.SoundEvent@1682c08c
[20:56:33] [Server thread/TRACE] [FML]:   Registry: 454 minecraft:entity.vindication_illager.death net.minecraft.util.SoundEvent@3fd05b3e
[20:56:33] [Server thread/TRACE] [FML]:   Registry: 455 minecraft:entity.vindication_illager.hurt net.minecraft.util.SoundEvent@4eb9f2af
[20:56:33] [Server thread/TRACE] [FML]:   Registry: 456 minecraft:entity.witch.ambient net.minecraft.util.SoundEvent@4a481728
[20:56:33] [Server thread/TRACE] [FML]:   Registry: 457 minecraft:entity.witch.death net.minecraft.util.SoundEvent@4ace284d
[20:56:33] [Server thread/TRACE] [FML]:   Registry: 458 minecraft:entity.witch.drink net.minecraft.util.SoundEvent@77fa9381
[20:56:33] [Server thread/TRACE] [FML]:   Registry: 459 minecraft:entity.witch.hurt net.minecraft.util.SoundEvent@76d72b5b
[20:56:33] [Server thread/TRACE] [FML]:   Registry: 460 minecraft:entity.witch.throw net.minecraft.util.SoundEvent@7cac93fe
[20:56:33] [Server thread/TRACE] [FML]:   Registry: 461 minecraft:entity.wither.ambient net.minecraft.util.SoundEvent@479b5066
[20:56:33] [Server thread/TRACE] [FML]:   Registry: 462 minecraft:entity.wither.break_block net.minecraft.util.SoundEvent@64deb58f
[20:56:33] [Server thread/TRACE] [FML]:   Registry: 463 minecraft:entity.wither.death net.minecraft.util.SoundEvent@2b1cd7bc
[20:56:33] [Server thread/TRACE] [FML]:   Registry: 464 minecraft:entity.wither.hurt net.minecraft.util.SoundEvent@33379242
[20:56:33] [Server thread/TRACE] [FML]:   Registry: 465 minecraft:entity.wither.shoot net.minecraft.util.SoundEvent@2e32fc22
[20:56:33] [Server thread/TRACE] [FML]:   Registry: 466 minecraft:entity.wither.spawn net.minecraft.util.SoundEvent@3f5156a6
[20:56:33] [Server thread/TRACE] [FML]:   Registry: 467 minecraft:entity.wither_skeleton.ambient net.minecraft.util.SoundEvent@72bdd7c7
[20:56:33] [Server thread/TRACE] [FML]:   Registry: 468 minecraft:entity.wither_skeleton.death net.minecraft.util.SoundEvent@7d17ee50
[20:56:33] [Server thread/TRACE] [FML]:   Registry: 469 minecraft:entity.wither_skeleton.hurt net.minecraft.util.SoundEvent@44fdce3c
[20:56:33] [Server thread/TRACE] [FML]:   Registry: 470 minecraft:entity.wither_skeleton.step net.minecraft.util.SoundEvent@712c5463
[20:56:33] [Server thread/TRACE] [FML]:   Registry: 471 minecraft:entity.wolf.ambient net.minecraft.util.SoundEvent@6d33a66e
[20:56:33] [Server thread/TRACE] [FML]:   Registry: 472 minecraft:entity.wolf.death net.minecraft.util.SoundEvent@2f14b0f6
[20:56:33] [Server thread/TRACE] [FML]:   Registry: 473 minecraft:entity.wolf.growl net.minecraft.util.SoundEvent@5b20706
[20:56:33] [Server thread/TRACE] [FML]:   Registry: 474 minecraft:entity.wolf.howl net.minecraft.util.SoundEvent@16aed49f
[20:56:33] [Server thread/TRACE] [FML]:   Registry: 475 minecraft:entity.wolf.hurt net.minecraft.util.SoundEvent@66de00f2
[20:56:33] [Server thread/TRACE] [FML]:   Registry: 476 minecraft:entity.wolf.pant net.minecraft.util.SoundEvent@6c479fdf
[20:56:33] [Server thread/TRACE] [FML]:   Registry: 477 minecraft:entity.wolf.shake net.minecraft.util.SoundEvent@79d82f66
[20:56:33] [Server thread/TRACE] [FML]:   Registry: 478 minecraft:entity.wolf.step net.minecraft.util.SoundEvent@19b206ee
[20:56:33] [Server thread/TRACE] [FML]:   Registry: 479 minecraft:entity.wolf.whine net.minecraft.util.SoundEvent@ffd4cba
[20:56:33] [Server thread/TRACE] [FML]:   Registry: 480 minecraft:entity.zombie.ambient net.minecraft.util.SoundEvent@5f1483fd
[20:56:33] [Server thread/TRACE] [FML]:   Registry: 481 minecraft:entity.zombie.attack_door_wood net.minecraft.util.SoundEvent@670f2466
[20:56:33] [Server thread/TRACE] [FML]:   Registry: 482 minecraft:entity.zombie.attack_iron_door net.minecraft.util.SoundEvent@6e03db1f
[20:56:33] [Server thread/TRACE] [FML]:   Registry: 483 minecraft:entity.zombie.break_door_wood net.minecraft.util.SoundEvent@bfec2f9
[20:56:33] [Server thread/TRACE] [FML]:   Registry: 484 minecraft:entity.zombie.death net.minecraft.util.SoundEvent@708eb310
[20:56:33] [Server thread/TRACE] [FML]:   Registry: 485 minecraft:entity.zombie.hurt net.minecraft.util.SoundEvent@6ebc9573
[20:56:33] [Server thread/TRACE] [FML]:   Registry: 486 minecraft:entity.zombie.infect net.minecraft.util.SoundEvent@1e977098
[20:56:33] [Server thread/TRACE] [FML]:   Registry: 487 minecraft:entity.zombie.step net.minecraft.util.SoundEvent@630390b9
[20:56:33] [Server thread/TRACE] [FML]:   Registry: 488 minecraft:entity.zombie_horse.ambient net.minecraft.util.SoundEvent@6690b9fa
[20:56:33] [Server thread/TRACE] [FML]:   Registry: 489 minecraft:entity.zombie_horse.death net.minecraft.util.SoundEvent@6c8dbf56
[20:56:33] [Server thread/TRACE] [FML]:   Registry: 490 minecraft:entity.zombie_horse.hurt net.minecraft.util.SoundEvent@493b01ef
[20:56:33] [Server thread/TRACE] [FML]:   Registry: 491 minecraft:entity.zombie_pig.ambient net.minecraft.util.SoundEvent@36c2d629
[20:56:33] [Server thread/TRACE] [FML]:   Registry: 492 minecraft:entity.zombie_pig.angry net.minecraft.util.SoundEvent@55fee662
[20:56:33] [Server thread/TRACE] [FML]:   Registry: 493 minecraft:entity.zombie_pig.death net.minecraft.util.SoundEvent@54089484
[20:56:33] [Server thread/TRACE] [FML]:   Registry: 494 minecraft:entity.zombie_pig.hurt net.minecraft.util.SoundEvent@45adc393
[20:56:33] [Server thread/TRACE] [FML]:   Registry: 495 minecraft:entity.zombie_villager.ambient net.minecraft.util.SoundEvent@65fe2691
[20:56:33] [Server thread/TRACE] [FML]:   Registry: 496 minecraft:entity.zombie_villager.converted net.minecraft.util.SoundEvent@479111ba
[20:56:33] [Server thread/TRACE] [FML]:   Registry: 497 minecraft:entity.zombie_villager.cure net.minecraft.util.SoundEvent@57ad1178
[20:56:33] [Server thread/TRACE] [FML]:   Registry: 498 minecraft:entity.zombie_villager.death net.minecraft.util.SoundEvent@7c37f145
[20:56:33] [Server thread/TRACE] [FML]:   Registry: 499 minecraft:entity.zombie_villager.hurt net.minecraft.util.SoundEvent@68699afc
[20:56:33] [Server thread/TRACE] [FML]:   Registry: 500 minecraft:entity.zombie_villager.step net.minecraft.util.SoundEvent@273a5a8a
[20:56:33] [Server thread/TRACE] [FML]:   Registry: 501 minecraft:item.armor.equip_chain net.minecraft.util.SoundEvent@1823b9c4
[20:56:33] [Server thread/TRACE] [FML]:   Registry: 502 minecraft:item.armor.equip_diamond net.minecraft.util.SoundEvent@5b5dce5c
[20:56:33] [Server thread/TRACE] [FML]:   Registry: 503 minecraft:item.armor.equip_elytra net.minecraft.util.SoundEvent@7f4701b1
[20:56:33] [Server thread/TRACE] [FML]:   Registry: 504 minecraft:item.armor.equip_generic net.minecraft.util.SoundEvent@adcfad9
[20:56:33] [Server thread/TRACE] [FML]:   Registry: 505 minecraft:item.armor.equip_gold net.minecraft.util.SoundEvent@fb49fdf
[20:56:33] [Server thread/TRACE] [FML]:   Registry: 506 minecraft:item.armor.equip_iron net.minecraft.util.SoundEvent@3a2e9f5b
[20:56:33] [Server thread/TRACE] [FML]:   Registry: 507 minecraft:item.armor.equip_leather net.minecraft.util.SoundEvent@7da34b26
[20:56:33] [Server thread/TRACE] [FML]:   Registry: 508 minecraft:item.bottle.empty net.minecraft.util.SoundEvent@10c47c79
[20:56:33] [Server thread/TRACE] [FML]:   Registry: 509 minecraft:item.bottle.fill net.minecraft.util.SoundEvent@3b2553d9
[20:56:33] [Server thread/TRACE] [FML]:   Registry: 510 minecraft:item.bottle.fill_dragonbreath net.minecraft.util.SoundEvent@753fd7a1
[20:56:33] [Server thread/TRACE] [FML]:   Registry: 511 minecraft:item.bucket.empty net.minecraft.util.SoundEvent@12a2585b
[20:56:33] [Server thread/TRACE] [FML]:   Registry: 512 minecraft:item.bucket.empty_lava net.minecraft.util.SoundEvent@21b6c9c2
[20:56:33] [Server thread/TRACE] [FML]:   Registry: 513 minecraft:item.bucket.fill net.minecraft.util.SoundEvent@309cedb6
[20:56:33] [Server thread/TRACE] [FML]:   Registry: 514 minecraft:item.bucket.fill_lava net.minecraft.util.SoundEvent@3b95a6db
[20:56:33] [Server thread/TRACE] [FML]:   Registry: 515 minecraft:item.chorus_fruit.teleport net.minecraft.util.SoundEvent@3bf54172
[20:56:33] [Server thread/TRACE] [FML]:   Registry: 516 minecraft:item.elytra.flying net.minecraft.util.SoundEvent@2c9a6717
[20:56:33] [Server thread/TRACE] [FML]:   Registry: 517 minecraft:item.firecharge.use net.minecraft.util.SoundEvent@7b3cde6f
[20:56:33] [Server thread/TRACE] [FML]:   Registry: 518 minecraft:item.flintandsteel.use net.minecraft.util.SoundEvent@6d091cad
[20:56:33] [Server thread/TRACE] [FML]:   Registry: 519 minecraft:item.hoe.till net.minecraft.util.SoundEvent@7c663eaf
[20:56:33] [Server thread/TRACE] [FML]:   Registry: 520 minecraft:item.shield.block net.minecraft.util.SoundEvent@3bb5ceb
[20:56:33] [Server thread/TRACE] [FML]:   Registry: 521 minecraft:item.shield.break net.minecraft.util.SoundEvent@1e692555
[20:56:33] [Server thread/TRACE] [FML]:   Registry: 522 minecraft:item.shovel.flatten net.minecraft.util.SoundEvent@3ba0ae41
[20:56:33] [Server thread/TRACE] [FML]:   Registry: 523 minecraft:item.totem.use net.minecraft.util.SoundEvent@76fe6cdc
[20:56:33] [Server thread/TRACE] [FML]:   Registry: 524 minecraft:music.creative net.minecraft.util.SoundEvent@2ffb3aec
[20:56:33] [Server thread/TRACE] [FML]:   Registry: 525 minecraft:music.credits net.minecraft.util.SoundEvent@786ff1cb
[20:56:33] [Server thread/TRACE] [FML]:   Registry: 526 minecraft:music.dragon net.minecraft.util.SoundEvent@46039a21
[20:56:33] [Server thread/TRACE] [FML]:   Registry: 527 minecraft:music.end net.minecraft.util.SoundEvent@431e86b1
[20:56:33] [Server thread/TRACE] [FML]:   Registry: 528 minecraft:music.game net.minecraft.util.SoundEvent@35c4e864
[20:56:33] [Server thread/TRACE] [FML]:   Registry: 529 minecraft:music.menu net.minecraft.util.SoundEvent@32a2a6be
[20:56:33] [Server thread/TRACE] [FML]:   Registry: 530 minecraft:music.nether net.minecraft.util.SoundEvent@682af059
[20:56:33] [Server thread/TRACE] [FML]:   Registry: 531 minecraft:record.11 net.minecraft.util.SoundEvent@5f36c8e3
[20:56:33] [Server thread/TRACE] [FML]:   Registry: 532 minecraft:record.13 net.minecraft.util.SoundEvent@4da39ca9
[20:56:33] [Server thread/TRACE] [FML]:   Registry: 533 minecraft:record.blocks net.minecraft.util.SoundEvent@6a9344f5
[20:56:33] [Server thread/TRACE] [FML]:   Registry: 534 minecraft:record.cat net.minecraft.util.SoundEvent@5584d9c6
[20:56:33] [Server thread/TRACE] [FML]:   Registry: 535 minecraft:record.chirp net.minecraft.util.SoundEvent@3c9c6245
[20:56:33] [Server thread/TRACE] [FML]:   Registry: 536 minecraft:record.far net.minecraft.util.SoundEvent@6d0be7ab
[20:56:33] [Server thread/TRACE] [FML]:   Registry: 537 minecraft:record.mall net.minecraft.util.SoundEvent@1d4fb213
[20:56:33] [Server thread/TRACE] [FML]:   Registry: 538 minecraft:record.mellohi net.minecraft.util.SoundEvent@6ef60295
[20:56:33] [Server thread/TRACE] [FML]:   Registry: 539 minecraft:record.stal net.minecraft.util.SoundEvent@3127cb44
[20:56:33] [Server thread/TRACE] [FML]:   Registry: 540 minecraft:record.strad net.minecraft.util.SoundEvent@3234474
[20:56:33] [Server thread/TRACE] [FML]:   Registry: 541 minecraft:record.wait net.minecraft.util.SoundEvent@631cb129
[20:56:33] [Server thread/TRACE] [FML]:   Registry: 542 minecraft:record.ward net.minecraft.util.SoundEvent@3d20e575
[20:56:33] [Server thread/TRACE] [FML]:   Registry: 543 minecraft:ui.button.click net.minecraft.util.SoundEvent@3252747e
[20:56:33] [Server thread/TRACE] [FML]:   Registry: 544 minecraft:ui.toast.in net.minecraft.util.SoundEvent@2b4b96a4
[20:56:33] [Server thread/TRACE] [FML]:   Registry: 545 minecraft:ui.toast.out net.minecraft.util.SoundEvent@2dd8ff1d
[20:56:33] [Server thread/TRACE] [FML]:   Registry: 546 minecraft:ui.toast.challenge_complete net.minecraft.util.SoundEvent@17e9bc9e
[20:56:33] [Server thread/TRACE] [FML]:   Registry: 547 minecraft:weather.rain net.minecraft.util.SoundEvent@36b9cb99
[20:56:33] [Server thread/TRACE] [FML]:   Registry: 548 minecraft:weather.rain.above net.minecraft.util.SoundEvent@4130955c
[20:56:33] [Server thread/TRACE] [FML]: Registry Name : minecraft:potiontypes
[20:56:33] [Server thread/TRACE] [FML]:   Registry: 0 minecraft:empty net.minecraft.potion.PotionType@5c1dd18
[20:56:33] [Server thread/TRACE] [FML]:   Registry: 1 minecraft:water net.minecraft.potion.PotionType@2a6dbb7c
[20:56:33] [Server thread/TRACE] [FML]:   Registry: 2 minecraft:mundane net.minecraft.potion.PotionType@5178345d
[20:56:33] [Server thread/TRACE] [FML]:   Registry: 3 minecraft:thick net.minecraft.potion.PotionType@7b2d58e6
[20:56:33] [Server thread/TRACE] [FML]:   Registry: 4 minecraft:awkward net.minecraft.potion.PotionType@708f7386
[20:56:33] [Server thread/TRACE] [FML]:   Registry: 5 minecraft:night_vision net.minecraft.potion.PotionType@377e90b0
[20:56:33] [Server thread/TRACE] [FML]:   Registry: 6 minecraft:long_night_vision net.minecraft.potion.PotionType@27b490de
[20:56:33] [Server thread/TRACE] [FML]:   Registry: 7 minecraft:invisibility net.minecraft.potion.PotionType@36cf16a6
[20:56:33] [Server thread/TRACE] [FML]:   Registry: 8 minecraft:long_invisibility net.minecraft.potion.PotionType@3dd750ba
[20:56:33] [Server thread/TRACE] [FML]:   Registry: 9 minecraft:leaping net.minecraft.potion.PotionType@7eefaca0
[20:56:33] [Server thread/TRACE] [FML]:   Registry: 10 minecraft:long_leaping net.minecraft.potion.PotionType@7d5ef1c3
[20:56:33] [Server thread/TRACE] [FML]:   Registry: 11 minecraft:strong_leaping net.minecraft.potion.PotionType@33eab2e8
[20:56:33] [Server thread/TRACE] [FML]:   Registry: 12 minecraft:fire_resistance net.minecraft.potion.PotionType@34bf66af
[20:56:33] [Server thread/TRACE] [FML]:   Registry: 13 minecraft:long_fire_resistance net.minecraft.potion.PotionType@37364634
[20:56:33] [Server thread/TRACE] [FML]:   Registry: 14 minecraft:swiftness net.minecraft.potion.PotionType@3dec79f8
[20:56:33] [Server thread/TRACE] [FML]:   Registry: 15 minecraft:long_swiftness net.minecraft.potion.PotionType@5bf7f15f
[20:56:33] [Server thread/TRACE] [FML]:   Registry: 16 minecraft:strong_swiftness net.minecraft.potion.PotionType@14b26e90
[20:56:33] [Server thread/TRACE] [FML]:   Registry: 17 minecraft:slowness net.minecraft.potion.PotionType@11309dd4
[20:56:33] [Server thread/TRACE] [FML]:   Registry: 18 minecraft:long_slowness net.minecraft.potion.PotionType@4f4d05b3
[20:56:33] [Server thread/TRACE] [FML]:   Registry: 19 minecraft:water_breathing net.minecraft.potion.PotionType@2bd4780c
[20:56:33] [Server thread/TRACE] [FML]:   Registry: 20 minecraft:long_water_breathing net.minecraft.potion.PotionType@2c154508
[20:56:33] [Server thread/TRACE] [FML]:   Registry: 21 minecraft:healing net.minecraft.potion.PotionType@395eb363
[20:56:33] [Server thread/TRACE] [FML]:   Registry: 22 minecraft:strong_healing net.minecraft.potion.PotionType@1e194966
[20:56:33] [Server thread/TRACE] [FML]:   Registry: 23 minecraft:harming net.minecraft.potion.PotionType@160546b1
[20:56:33] [Server thread/TRACE] [FML]:   Registry: 24 minecraft:strong_harming net.minecraft.potion.PotionType@103e7c7c
[20:56:33] [Server thread/TRACE] [FML]:   Registry: 25 minecraft:poison net.minecraft.potion.PotionType@5c3710b3
[20:56:33] [Server thread/TRACE] [FML]:   Registry: 26 minecraft:long_poison net.minecraft.potion.PotionType@8b1202a
[20:56:33] [Server thread/TRACE] [FML]:   Registry: 27 minecraft:strong_poison net.minecraft.potion.PotionType@34bddf43
[20:56:33] [Server thread/TRACE] [FML]:   Registry: 28 minecraft:regeneration net.minecraft.potion.PotionType@57839834
[20:56:33] [Server thread/TRACE] [FML]:   Registry: 29 minecraft:long_regeneration net.minecraft.potion.PotionType@3355b8ff
[20:56:33] [Server thread/TRACE] [FML]:   Registry: 30 minecraft:strong_regeneration net.minecraft.potion.PotionType@32646ecf
[20:56:33] [Server thread/TRACE] [FML]:   Registry: 31 minecraft:strength net.minecraft.potion.PotionType@68f9e807
[20:56:33] [Server thread/TRACE] [FML]:   Registry: 32 minecraft:long_strength net.minecraft.potion.PotionType@23708f14
[20:56:33] [Server thread/TRACE] [FML]:   Registry: 33 minecraft:strong_strength net.minecraft.potion.PotionType@3dfc59c5
[20:56:33] [Server thread/TRACE] [FML]:   Registry: 34 minecraft:weakness net.minecraft.potion.PotionType@2cff5aa3
[20:56:33] [Server thread/TRACE] [FML]:   Registry: 35 minecraft:long_weakness net.minecraft.potion.PotionType@b6136eb
[20:56:33] [Server thread/TRACE] [FML]:   Registry: 36 minecraft:luck net.minecraft.potion.PotionType@2cce10bc
[20:56:33] [Server thread/TRACE] [FML]: Registry Name : minecraft:enchantments
[20:56:33] [Server thread/TRACE] [FML]:   Registry: 0 minecraft:protection net.minecraft.enchantment.EnchantmentProtection@5bb99d1d
[20:56:33] [Server thread/TRACE] [FML]:   Registry: 1 minecraft:fire_protection net.minecraft.enchantment.EnchantmentProtection@3006bfb
[20:56:33] [Server thread/TRACE] [FML]:   Registry: 2 minecraft:feather_falling net.minecraft.enchantment.EnchantmentProtection@4fd37449
[20:56:33] [Server thread/TRACE] [FML]:   Registry: 3 minecraft:blast_protection net.minecraft.enchantment.EnchantmentProtection@5402612e
[20:56:33] [Server thread/TRACE] [FML]:   Registry: 4 minecraft:projectile_protection net.minecraft.enchantment.EnchantmentProtection@43445fc6
[20:56:33] [Server thread/TRACE] [FML]:   Registry: 5 minecraft:respiration net.minecraft.enchantment.EnchantmentOxygen@2f73f0c7
[20:56:33] [Server thread/TRACE] [FML]:   Registry: 6 minecraft:aqua_affinity net.minecraft.enchantment.EnchantmentWaterWorker@5950054d
[20:56:33] [Server thread/TRACE] [FML]:   Registry: 7 minecraft:thorns net.minecraft.enchantment.EnchantmentThorns@4c2bea52
[20:56:33] [Server thread/TRACE] [FML]:   Registry: 8 minecraft:depth_strider net.minecraft.enchantment.EnchantmentWaterWalker@58f290bc
[20:56:33] [Server thread/TRACE] [FML]:   Registry: 9 minecraft:frost_walker net.minecraft.enchantment.EnchantmentFrostWalker@1fa98a22
[20:56:33] [Server thread/TRACE] [FML]:   Registry: 10 minecraft:binding_curse net.minecraft.enchantment.EnchantmentBindingCurse@67e11bda
[20:56:33] [Server thread/TRACE] [FML]:   Registry: 16 minecraft:sharpness net.minecraft.enchantment.EnchantmentDamage@10a0a1e
[20:56:33] [Server thread/TRACE] [FML]:   Registry: 17 minecraft:smite net.minecraft.enchantment.EnchantmentDamage@2976ef56
[20:56:33] [Server thread/TRACE] [FML]:   Registry: 18 minecraft:bane_of_arthropods net.minecraft.enchantment.EnchantmentDamage@4345fd45
[20:56:33] [Server thread/TRACE] [FML]:   Registry: 19 minecraft:knockback net.minecraft.enchantment.EnchantmentKnockback@36665c11
[20:56:33] [Server thread/TRACE] [FML]:   Registry: 20 minecraft:fire_aspect net.minecraft.enchantment.EnchantmentFireAspect@3e4f2300
[20:56:33] [Server thread/TRACE] [FML]:   Registry: 21 minecraft:looting net.minecraft.enchantment.EnchantmentLootBonus@6906be0f
[20:56:33] [Server thread/TRACE] [FML]:   Registry: 22 minecraft:sweeping net.minecraft.enchantment.EnchantmentSweepingEdge@e91facf
[20:56:33] [Server thread/TRACE] [FML]:   Registry: 32 minecraft:efficiency net.minecraft.enchantment.EnchantmentDigging@74830d73
[20:56:33] [Server thread/TRACE] [FML]:   Registry: 33 minecraft:silk_touch net.minecraft.enchantment.EnchantmentUntouching@644947ee
[20:56:33] [Server thread/TRACE] [FML]:   Registry: 34 minecraft:unbreaking net.minecraft.enchantment.EnchantmentDurability@71262020
[20:56:33] [Server thread/TRACE] [FML]:   Registry: 35 minecraft:fortune net.minecraft.enchantment.EnchantmentLootBonus@5f3ddc86
[20:56:33] [Server thread/TRACE] [FML]:   Registry: 48 minecraft:power net.minecraft.enchantment.EnchantmentArrowDamage@38e7860c
[20:56:33] [Server thread/TRACE] [FML]:   Registry: 49 minecraft:punch net.minecraft.enchantment.EnchantmentArrowKnockback@5891b7c5
[20:56:33] [Server thread/TRACE] [FML]:   Registry: 50 minecraft:flame net.minecraft.enchantment.EnchantmentArrowFire@2965dd88
[20:56:33] [Server thread/TRACE] [FML]:   Registry: 51 minecraft:infinity net.minecraft.enchantment.EnchantmentArrowInfinite@d13379e
[20:56:33] [Server thread/TRACE] [FML]:   Registry: 61 minecraft:luck_of_the_sea net.minecraft.enchantment.EnchantmentLootBonus@7c8df667
[20:56:33] [Server thread/TRACE] [FML]:   Registry: 62 minecraft:lure net.minecraft.enchantment.EnchantmentFishingSpeed@37c87fcc
[20:56:33] [Server thread/TRACE] [FML]:   Registry: 70 minecraft:mending net.minecraft.enchantment.EnchantmentMending@1d622556
[20:56:33] [Server thread/TRACE] [FML]:   Registry: 71 minecraft:vanishing_curse net.minecraft.enchantment.EnchantmentVanishingCurse@129b69b2
[20:56:33] [Server thread/TRACE] [FML]: Registry Name : minecraft:recipes
[20:56:33] [Server thread/TRACE] [FML]:   Registry: 0 minecraft:armordye net.minecraft.item.crafting.RecipesArmorDyes@4de93edd
[20:56:33] [Server thread/TRACE] [FML]:   Registry: 1 minecraft:bookcloning net.minecraft.item.crafting.RecipeBookCloning@5de243bb
[20:56:33] [Server thread/TRACE] [FML]:   Registry: 2 minecraft:mapcloning net.minecraft.item.crafting.RecipesMapCloning@72d0196d
[20:56:33] [Server thread/TRACE] [FML]:   Registry: 3 minecraft:mapextending net.minecraft.item.crafting.RecipesMapExtending@2d2133fd
[20:56:33] [Server thread/TRACE] [FML]:   Registry: 4 minecraft:fireworks net.minecraft.item.crafting.RecipeFireworks@5d6d424d
[20:56:33] [Server thread/TRACE] [FML]:   Registry: 5 minecraft:repairitem net.minecraft.item.crafting.RecipeRepairItem@18ff1520
[20:56:33] [Server thread/TRACE] [FML]:   Registry: 6 minecraft:tippedarrow net.minecraft.item.crafting.RecipeTippedArrow@51cd2d2
[20:56:33] [Server thread/TRACE] [FML]:   Registry: 7 minecraft:bannerduplicate net.minecraft.item.crafting.RecipesBanners$RecipeDuplicatePattern@3b8b5b40
[20:56:33] [Server thread/TRACE] [FML]:   Registry: 8 minecraft:banneraddpattern net.minecraft.item.crafting.RecipesBanners$RecipeAddPattern@418d1c03
[20:56:33] [Server thread/TRACE] [FML]:   Registry: 9 minecraft:shielddecoration net.minecraft.item.crafting.ShieldRecipes$Decoration@443253a6
[20:56:33] [Server thread/TRACE] [FML]:   Registry: 10 minecraft:shulkerboxcoloring net.minecraft.item.crafting.ShulkerBoxRecipes$ShulkerBoxColoring@6723e6b3
[20:56:33] [Server thread/TRACE] [FML]:   Registry: 11 minecraft:yellow_wool net.minecraft.item.crafting.ShapelessRecipes@6942ee48
[20:56:33] [Server thread/TRACE] [FML]:   Registry: 12 minecraft:yellow_stained_hardened_clay net.minecraft.item.crafting.ShapedRecipes@5fd4e67f
[20:56:33] [Server thread/TRACE] [FML]:   Registry: 13 minecraft:yellow_stained_glass_pane net.minecraft.item.crafting.ShapedRecipes@2b1a1a37
[20:56:33] [Server thread/TRACE] [FML]:   Registry: 14 minecraft:yellow_stained_glass net.minecraft.item.crafting.ShapedRecipes@119f072c
[20:56:33] [Server thread/TRACE] [FML]:   Registry: 15 minecraft:yellow_dye_from_sunflower net.minecraft.item.crafting.ShapelessRecipes@771afdd5
[20:56:33] [Server thread/TRACE] [FML]:   Registry: 16 minecraft:yellow_dye_from_dandelion net.minecraft.item.crafting.ShapelessRecipes@667dd150
[20:56:33] [Server thread/TRACE] [FML]:   Registry: 17 minecraft:yellow_concrete_powder net.minecraft.item.crafting.ShapelessRecipes@666b91db
[20:56:33] [Server thread/TRACE] [FML]:   Registry: 18 minecraft:yellow_carpet net.minecraft.item.crafting.ShapedRecipes@2b6ee447
[20:56:33] [Server thread/TRACE] [FML]:   Registry: 19 minecraft:yellow_bed_from_white_bed net.minecraft.item.crafting.ShapelessRecipes@1ab85862
[20:56:33] [Server thread/TRACE] [FML]:   Registry: 20 minecraft:yellow_bed net.minecraft.item.crafting.ShapedRecipes@62c47480
[20:56:33] [Server thread/TRACE] [FML]:   Registry: 21 minecraft:yellow_banner net.minecraft.item.crafting.ShapedRecipes@1554eaa4
[20:56:33] [Server thread/TRACE] [FML]:   Registry: 22 minecraft:writable_book net.minecraft.item.crafting.ShapelessRecipes@3e55eeb9
[20:56:33] [Server thread/TRACE] [FML]:   Registry: 23 minecraft:wooden_sword net.minecraft.item.crafting.ShapedRecipes@4e14d520
[20:56:33] [Server thread/TRACE] [FML]:   Registry: 24 minecraft:wooden_shovel net.minecraft.item.crafting.ShapedRecipes@3ee68377
[20:56:33] [Server thread/TRACE] [FML]:   Registry: 25 minecraft:wooden_pressure_plate net.minecraft.item.crafting.ShapedRecipes@9499643
[20:56:33] [Server thread/TRACE] [FML]:   Registry: 26 minecraft:wooden_pickaxe net.minecraft.item.crafting.ShapedRecipes@55b45ea1
[20:56:33] [Server thread/TRACE] [FML]:   Registry: 27 minecraft:wooden_hoe net.minecraft.item.crafting.ShapedRecipes@12d35bc9
[20:56:33] [Server thread/TRACE] [FML]:   Registry: 28 minecraft:wooden_door net.minecraft.item.crafting.ShapedRecipes@52035328
[20:56:33] [Server thread/TRACE] [FML]:   Registry: 29 minecraft:wooden_button net.minecraft.item.crafting.ShapedRecipes@749ee0e3
[20:56:33] [Server thread/TRACE] [FML]:   Registry: 30 minecraft:wooden_axe net.minecraft.item.crafting.ShapedRecipes@78a165db
[20:56:33] [Server thread/TRACE] [FML]:   Registry: 31 minecraft:white_stained_hardened_clay net.minecraft.item.crafting.ShapedRecipes@7744195
[20:56:33] [Server thread/TRACE] [FML]:   Registry: 32 minecraft:white_stained_glass_pane net.minecraft.item.crafting.ShapedRecipes@40cb95c1
[20:56:33] [Server thread/TRACE] [FML]:   Registry: 33 minecraft:white_stained_glass net.minecraft.item.crafting.ShapedRecipes@6068cda1
[20:56:33] [Server thread/TRACE] [FML]:   Registry: 34 minecraft:white_concrete_powder net.minecraft.item.crafting.ShapelessRecipes@113c4ad6
[20:56:33] [Server thread/TRACE] [FML]:   Registry: 35 minecraft:white_carpet net.minecraft.item.crafting.ShapedRecipes@cb1c58c
[20:56:33] [Server thread/TRACE] [FML]:   Registry: 36 minecraft:white_bed net.minecraft.item.crafting.ShapedRecipes@684a802a
[20:56:33] [Server thread/TRACE] [FML]:   Registry: 37 minecraft:white_banner net.minecraft.item.crafting.ShapedRecipes@23c00420
[20:56:33] [Server thread/TRACE] [FML]:   Registry: 38 minecraft:wheat net.minecraft.item.crafting.ShapedRecipes@21c5c68a
[20:56:33] [Server thread/TRACE] [FML]:   Registry: 39 minecraft:tripwire_hook net.minecraft.item.crafting.ShapedRecipes@1f57666b
[20:56:33] [Server thread/TRACE] [FML]:   Registry: 40 minecraft:trapped_chest net.minecraft.item.crafting.ShapelessRecipes@4153a832
[20:56:33] [Server thread/TRACE] [FML]:   Registry: 41 minecraft:trapdoor net.minecraft.item.crafting.ShapedRecipes@30ed4034
[20:56:33] [Server thread/TRACE] [FML]:   Registry: 42 minecraft:torch net.minecraft.item.crafting.ShapedRecipes@3bb4c2b2
[20:56:33] [Server thread/TRACE] [FML]:   Registry: 43 minecraft:tnt_minecart net.minecraft.item.crafting.ShapedRecipes@15d0b458
[20:56:33] [Server thread/TRACE] [FML]:   Registry: 44 minecraft:tnt net.minecraft.item.crafting.ShapedRecipes@6fd97fd1
[20:56:33] [Server thread/TRACE] [FML]:   Registry: 45 minecraft:sugar net.minecraft.item.crafting.ShapedRecipes@361fa478
[20:56:33] [Server thread/TRACE] [FML]:   Registry: 46 minecraft:string_to_wool net.minecraft.item.crafting.ShapedRecipes@3b4f1eb
[20:56:33] [Server thread/TRACE] [FML]:   Registry: 47 minecraft:stonebrick net.minecraft.item.crafting.ShapedRecipes@5e3405a1
[20:56:33] [Server thread/TRACE] [FML]:   Registry: 48 minecraft:stone_sword net.minecraft.item.crafting.ShapedRecipes@7cd25bf5
[20:56:33] [Server thread/TRACE] [FML]:   Registry: 49 minecraft:stone_stairs net.minecraft.item.crafting.ShapedRecipes@2697c156
[20:56:33] [Server thread/TRACE] [FML]:   Registry: 50 minecraft:stone_slab net.minecraft.item.crafting.ShapedRecipes@22ee7fdc
[20:56:33] [Server thread/TRACE] [FML]:   Registry: 51 minecraft:stone_shovel net.minecraft.item.crafting.ShapedRecipes@278c998
[20:56:33] [Server thread/TRACE] [FML]:   Registry: 52 minecraft:stone_pressure_plate net.minecraft.item.crafting.ShapedRecipes@3cfab340
[20:56:33] [Server thread/TRACE] [FML]:   Registry: 53 minecraft:stone_pickaxe net.minecraft.item.crafting.ShapedRecipes@4203529f
[20:56:33] [Server thread/TRACE] [FML]:   Registry: 54 minecraft:stone_hoe net.minecraft.item.crafting.ShapedRecipes@69ac5752
[20:56:33] [Server thread/TRACE] [FML]:   Registry: 55 minecraft:stone_button net.minecraft.item.crafting.ShapedRecipes@3df6494f
[20:56:33] [Server thread/TRACE] [FML]:   Registry: 56 minecraft:stone_brick_stairs net.minecraft.item.crafting.ShapedRecipes@361f1647
[20:56:33] [Server thread/TRACE] [FML]:   Registry: 57 minecraft:stone_brick_slab net.minecraft.item.crafting.ShapedRecipes@7cd8831c
[20:56:33] [Server thread/TRACE] [FML]:   Registry: 58 minecraft:stone_axe net.minecraft.item.crafting.ShapedRecipes@1e9d721
[20:56:33] [Server thread/TRACE] [FML]:   Registry: 59 minecraft:sticky_piston net.minecraft.item.crafting.ShapedRecipes@3ae91ab3
[20:56:33] [Server thread/TRACE] [FML]:   Registry: 60 minecraft:stick net.minecraft.item.crafting.ShapedRecipes@57867d96
[20:56:33] [Server thread/TRACE] [FML]:   Registry: 61 minecraft:spruce_wooden_slab net.minecraft.item.crafting.ShapedRecipes@c2f7c63
[20:56:33] [Server thread/TRACE] [FML]:   Registry: 62 minecraft:spruce_stairs net.minecraft.item.crafting.ShapedRecipes@4d770bcd
[20:56:33] [Server thread/TRACE] [FML]:   Registry: 63 minecraft:spruce_planks net.minecraft.item.crafting.ShapedRecipes@2d705998
[20:56:33] [Server thread/TRACE] [FML]:   Registry: 64 minecraft:spruce_fence_gate net.minecraft.item.crafting.ShapedRecipes@55317c63
[20:56:33] [Server thread/TRACE] [FML]:   Registry: 65 minecraft:spruce_fence net.minecraft.item.crafting.ShapedRecipes@288b73c1
[20:56:33] [Server thread/TRACE] [FML]:   Registry: 66 minecraft:spruce_door net.minecraft.item.crafting.ShapedRecipes@582ea164
[20:56:33] [Server thread/TRACE] [FML]:   Registry: 67 minecraft:spruce_boat net.minecraft.item.crafting.ShapedRecipes@3ac406d4
[20:56:33] [Server thread/TRACE] [FML]:   Registry: 68 minecraft:spectral_arrow net.minecraft.item.crafting.ShapedRecipes@57cff804
[20:56:33] [Server thread/TRACE] [FML]:   Registry: 69 minecraft:speckled_melon net.minecraft.item.crafting.ShapedRecipes@3de383f7
[20:56:33] [Server thread/TRACE] [FML]:   Registry: 70 minecraft:snow_layer net.minecraft.item.crafting.ShapedRecipes@341964d0
[20:56:33] [Server thread/TRACE] [FML]:   Registry: 71 minecraft:snow net.minecraft.item.crafting.ShapedRecipes@31de27c
[20:56:33] [Server thread/TRACE] [FML]:   Registry: 72 minecraft:smooth_sandstone net.minecraft.item.crafting.ShapedRecipes@6cd7dc74
[20:56:33] [Server thread/TRACE] [FML]:   Registry: 73 minecraft:smooth_red_sandstone net.minecraft.item.crafting.ShapedRecipes@5ca8bd01
[20:56:33] [Server thread/TRACE] [FML]:   Registry: 74 minecraft:slime_ball net.minecraft.item.crafting.ShapedRecipes@10ad95cd
[20:56:33] [Server thread/TRACE] [FML]:   Registry: 75 minecraft:slime net.minecraft.item.crafting.ShapedRecipes@64f33dee
[20:56:33] [Server thread/TRACE] [FML]:   Registry: 76 minecraft:sign net.minecraft.item.crafting.ShapedRecipes@5ee0cf64
[20:56:33] [Server thread/TRACE] [FML]:   Registry: 77 minecraft:shield net.minecraft.item.crafting.ShapedRecipes@3e71a1f8
[20:56:33] [Server thread/TRACE] [FML]:   Registry: 78 minecraft:shears net.minecraft.item.crafting.ShapedRecipes@2d3d4a54
[20:56:33] [Server thread/TRACE] [FML]:   Registry: 79 minecraft:sea_lantern net.minecraft.item.crafting.ShapedRecipes@3205610d
[20:56:33] [Server thread/TRACE] [FML]:   Registry: 80 minecraft:sandstone_stairs net.minecraft.item.crafting.ShapedRecipes@4e45fbd0
[20:56:33] [Server thread/TRACE] [FML]:   Registry: 81 minecraft:sandstone_slab net.minecraft.item.crafting.ShapedRecipes@2a5efbb9
[20:56:33] [Server thread/TRACE] [FML]:   Registry: 82 minecraft:sandstone net.minecraft.item.crafting.ShapedRecipes@456b140f
[20:56:33] [Server thread/TRACE] [FML]:   Registry: 83 minecraft:repeater net.minecraft.item.crafting.ShapedRecipes@1b9c716f
[20:56:33] [Server thread/TRACE] [FML]:   Registry: 84 minecraft:redstone_torch net.minecraft.item.crafting.ShapedRecipes@22854f2b
[20:56:33] [Server thread/TRACE] [FML]:   Registry: 85 minecraft:redstone_lamp net.minecraft.item.crafting.ShapedRecipes@7845ee8a
[20:56:33] [Server thread/TRACE] [FML]:   Registry: 86 minecraft:redstone_block net.minecraft.item.crafting.ShapedRecipes@27d6267e
[20:56:33] [Server thread/TRACE] [FML]:   Registry: 87 minecraft:redstone net.minecraft.item.crafting.ShapedRecipes@637506d8
[20:56:33] [Server thread/TRACE] [FML]:   Registry: 88 minecraft:red_wool net.minecraft.item.crafting.ShapelessRecipes@43cbafa6
[20:56:33] [Server thread/TRACE] [FML]:   Registry: 89 minecraft:red_stained_hardened_clay net.minecraft.item.crafting.ShapedRecipes@6bd2f039
[20:56:33] [Server thread/TRACE] [FML]:   Registry: 90 minecraft:red_stained_glass_pane net.minecraft.item.crafting.ShapedRecipes@4fc71437
[20:56:33] [Server thread/TRACE] [FML]:   Registry: 91 minecraft:red_stained_glass net.minecraft.item.crafting.ShapedRecipes@1b10f60e
[20:56:33] [Server thread/TRACE] [FML]:   Registry: 92 minecraft:red_sandstone_stairs net.minecraft.item.crafting.ShapedRecipes@2e02cc37
[20:56:33] [Server thread/TRACE] [FML]:   Registry: 93 minecraft:red_sandstone_slab net.minecraft.item.crafting.ShapedRecipes@186d6033
[20:56:33] [Server thread/TRACE] [FML]:   Registry: 94 minecraft:red_sandstone net.minecraft.item.crafting.ShapedRecipes@96075c0
[20:56:33] [Server thread/TRACE] [FML]:   Registry: 95 minecraft:red_nether_brick net.minecraft.item.crafting.ShapedRecipes@57e57dc5
[20:56:33] [Server thread/TRACE] [FML]:   Registry: 96 minecraft:red_dye_from_tulip net.minecraft.item.crafting.ShapelessRecipes@838e109
[20:56:33] [Server thread/TRACE] [FML]:   Registry: 97 minecraft:red_dye_from_rose_bush net.minecraft.item.crafting.ShapelessRecipes@57df09a7
[20:56:33] [Server thread/TRACE] [FML]:   Registry: 98 minecraft:red_dye_from_poppy net.minecraft.item.crafting.ShapelessRecipes@3b046e64
[20:56:33] [Server thread/TRACE] [FML]:   Registry: 99 minecraft:red_dye_from_beetroot net.minecraft.item.crafting.ShapelessRecipes@3921135e
[20:56:33] [Server thread/TRACE] [FML]:   Registry: 100 minecraft:red_concrete_powder net.minecraft.item.crafting.ShapelessRecipes@3093b9ff
[20:56:33] [Server thread/TRACE] [FML]:   Registry: 101 minecraft:red_carpet net.minecraft.item.crafting.ShapedRecipes@72bce309
[20:56:33] [Server thread/TRACE] [FML]:   Registry: 102 minecraft:red_bed_from_white_bed net.minecraft.item.crafting.ShapelessRecipes@5487a8f1
[20:56:33] [Server thread/TRACE] [FML]:   Registry: 103 minecraft:red_bed net.minecraft.item.crafting.ShapedRecipes@17dbca0a
[20:56:33] [Server thread/TRACE] [FML]:   Registry: 104 minecraft:red_banner net.minecraft.item.crafting.ShapedRecipes@5d00b469
[20:56:33] [Server thread/TRACE] [FML]:   Registry: 105 minecraft:rail net.minecraft.item.crafting.ShapedRecipes@228958a
[20:56:33] [Server thread/TRACE] [FML]:   Registry: 106 minecraft:rabbit_stew_from_red_mushroom net.minecraft.item.crafting.ShapedRecipes@2cc97e47
[20:56:33] [Server thread/TRACE] [FML]:   Registry: 107 minecraft:rabbit_stew_from_brown_mushroom net.minecraft.item.crafting.ShapedRecipes@7112fa5
[20:56:33] [Server thread/TRACE] [FML]:   Registry: 108 minecraft:quartz_stairs net.minecraft.item.crafting.ShapedRecipes@26feccf7
[20:56:33] [Server thread/TRACE] [FML]:   Registry: 109 minecraft:quartz_slab net.minecraft.item.crafting.ShapedRecipes@253b1cbd
[20:56:33] [Server thread/TRACE] [FML]:   Registry: 110 minecraft:quartz_block net.minecraft.item.crafting.ShapedRecipes@28c7fd9d
[20:56:33] [Server thread/TRACE] [FML]:   Registry: 111 minecraft:purpur_stairs net.minecraft.item.crafting.ShapedRecipes@788a0513
[20:56:33] [Server thread/TRACE] [FML]:   Registry: 112 minecraft:purpur_slab net.minecraft.item.crafting.ShapedRecipes@320fc4b0
[20:56:33] [Server thread/TRACE] [FML]:   Registry: 113 minecraft:purpur_pillar net.minecraft.item.crafting.ShapedRecipes@5cd6719d
[20:56:33] [Server thread/TRACE] [FML]:   Registry: 114 minecraft:purpur_block net.minecraft.item.crafting.ShapedRecipes@1ecec098
[20:56:33] [Server thread/TRACE] [FML]:   Registry: 115 minecraft:purple_wool net.minecraft.item.crafting.ShapelessRecipes@7ebaf0d
[20:56:33] [Server thread/TRACE] [FML]:   Registry: 116 minecraft:purple_stained_hardened_clay net.minecraft.item.crafting.ShapedRecipes@7cbfbcd1
[20:56:33] [Server thread/TRACE] [FML]:   Registry: 117 minecraft:purple_stained_glass_pane net.minecraft.item.crafting.ShapedRecipes@3ddac0b6
[20:56:33] [Server thread/TRACE] [FML]:   Registry: 118 minecraft:purple_stained_glass net.minecraft.item.crafting.ShapedRecipes@366b4a7b
[20:56:33] [Server thread/TRACE] [FML]:   Registry: 119 minecraft:purple_shulker_box net.minecraft.item.crafting.ShapedRecipes@a30dbc0
[20:56:33] [Server thread/TRACE] [FML]:   Registry: 120 minecraft:purple_dye net.minecraft.item.crafting.ShapelessRecipes@47772462
[20:56:33] [Server thread/TRACE] [FML]:   Registry: 121 minecraft:purple_concrete_powder net.minecraft.item.crafting.ShapelessRecipes@696105c4
[20:56:33] [Server thread/TRACE] [FML]:   Registry: 122 minecraft:purple_carpet net.minecraft.item.crafting.ShapedRecipes@3c17794e
[20:56:33] [Server thread/TRACE] [FML]:   Registry: 123 minecraft:purple_bed_from_white_bed net.minecraft.item.crafting.ShapelessRecipes@49ea13b6
[20:56:33] [Server thread/TRACE] [FML]:   Registry: 124 minecraft:purple_bed net.minecraft.item.crafting.ShapedRecipes@5dd6f517
[20:56:33] [Server thread/TRACE] [FML]:   Registry: 125 minecraft:purple_banner net.minecraft.item.crafting.ShapedRecipes@807c1e8
[20:56:33] [Server thread/TRACE] [FML]:   Registry: 126 minecraft:pumpkin_seeds net.minecraft.item.crafting.ShapedRecipes@33bfe6d3
[20:56:33] [Server thread/TRACE] [FML]:   Registry: 127 minecraft:pumpkin_pie net.minecraft.item.crafting.ShapelessRecipes@2d5c160e
[20:56:33] [Server thread/TRACE] [FML]:   Registry: 128 minecraft:prismarine_bricks net.minecraft.item.crafting.ShapedRecipes@2a73a64f
[20:56:33] [Server thread/TRACE] [FML]:   Registry: 129 minecraft:prismarine net.minecraft.item.crafting.ShapedRecipes@654db80b
[20:56:33] [Server thread/TRACE] [FML]:   Registry: 130 minecraft:polished_granite net.minecraft.item.crafting.ShapedRecipes@3be50b2c
[20:56:33] [Server thread/TRACE] [FML]:   Registry: 131 minecraft:polished_diorite net.minecraft.item.crafting.ShapedRecipes@3dec769
[20:56:33] [Server thread/TRACE] [FML]:   Registry: 132 minecraft:polished_andesite net.minecraft.item.crafting.ShapedRecipes@433b546f
[20:56:33] [Server thread/TRACE] [FML]:   Registry: 133 minecraft:piston net.minecraft.item.crafting.ShapedRecipes@68550d86
[20:56:33] [Server thread/TRACE] [FML]:   Registry: 134 minecraft:pink_wool net.minecraft.item.crafting.ShapelessRecipes@3436d3d7
[20:56:33] [Server thread/TRACE] [FML]:   Registry: 135 minecraft:pink_stained_hardened_clay net.minecraft.item.crafting.ShapedRecipes@8d7718e
[20:56:33] [Server thread/TRACE] [FML]:   Registry: 136 minecraft:pink_stained_glass_pane net.minecraft.item.crafting.ShapedRecipes@7c871ce4
[20:56:33] [Server thread/TRACE] [FML]:   Registry: 137 minecraft:pink_stained_glass net.minecraft.item.crafting.ShapedRecipes@4be7acd9
[20:56:33] [Server thread/TRACE] [FML]:   Registry: 138 minecraft:pink_dye_from_red_bonemeal net.minecraft.item.crafting.ShapelessRecipes@6f7b8ae1
[20:56:33] [Server thread/TRACE] [FML]:   Registry: 139 minecraft:pink_dye_from_pink_tulip net.minecraft.item.crafting.ShapelessRecipes@163fbbc9
[20:56:33] [Server thread/TRACE] [FML]:   Registry: 140 minecraft:pink_dye_from_peony net.minecraft.item.crafting.ShapelessRecipes@206bd7a0
[20:56:33] [Server thread/TRACE] [FML]:   Registry: 141 minecraft:pink_concrete_powder net.minecraft.item.crafting.ShapelessRecipes@350e3fb4
[20:56:33] [Server thread/TRACE] [FML]:   Registry: 142 minecraft:pink_carpet net.minecraft.item.crafting.ShapedRecipes@699bb304
[20:56:33] [Server thread/TRACE] [FML]:   Registry: 143 minecraft:pink_bed_from_white_bed net.minecraft.item.crafting.ShapelessRecipes@13cc31df
[20:56:33] [Server thread/TRACE] [FML]:   Registry: 144 minecraft:pink_bed net.minecraft.item.crafting.ShapedRecipes@440461ef
[20:56:33] [Server thread/TRACE] [FML]:   Registry: 145 minecraft:pink_banner net.minecraft.item.crafting.ShapedRecipes@2cd52eda
[20:56:33] [Server thread/TRACE] [FML]:   Registry: 146 minecraft:pillar_quartz_block net.minecraft.item.crafting.ShapedRecipes@6ed7b9c5
[20:56:33] [Server thread/TRACE] [FML]:   Registry: 147 minecraft:paper net.minecraft.item.crafting.ShapedRecipes@2c465259
[20:56:33] [Server thread/TRACE] [FML]:   Registry: 148 minecraft:painting net.minecraft.item.crafting.ShapedRecipes@87f6ab5
[20:56:33] [Server thread/TRACE] [FML]:   Registry: 149 minecraft:orange_wool net.minecraft.item.crafting.ShapelessRecipes@3494a35e
[20:56:33] [Server thread/TRACE] [FML]:   Registry: 150 minecraft:orange_stained_hardened_clay net.minecraft.item.crafting.ShapedRecipes@4a3bf37c
[20:56:33] [Server thread/TRACE] [FML]:   Registry: 151 minecraft:orange_stained_glass_pane net.minecraft.item.crafting.ShapedRecipes@328e50eb
[20:56:33] [Server thread/TRACE] [FML]:   Registry: 152 minecraft:orange_stained_glass net.minecraft.item.crafting.ShapedRecipes@1e1ea16d
[20:56:33] [Server thread/TRACE] [FML]:   Registry: 153 minecraft:orange_dye_from_red_yellow net.minecraft.item.crafting.ShapelessRecipes@29394966
[20:56:33] [Server thread/TRACE] [FML]:   Registry: 154 minecraft:orange_dye_from_orange_tulip net.minecraft.item.crafting.ShapelessRecipes@4a45ca1c
[20:56:33] [Server thread/TRACE] [FML]:   Registry: 155 minecraft:orange_concrete_powder net.minecraft.item.crafting.ShapelessRecipes@38093ffe
[20:56:33] [Server thread/TRACE] [FML]:   Registry: 156 minecraft:orange_carpet net.minecraft.item.crafting.ShapedRecipes@1cca3e8c
[20:56:33] [Server thread/TRACE] [FML]:   Registry: 157 minecraft:orange_bed_from_white_bed net.minecraft.item.crafting.ShapelessRecipes@4e4af370
[20:56:33] [Server thread/TRACE] [FML]:   Registry: 158 minecraft:orange_bed net.minecraft.item.crafting.ShapedRecipes@5617168c
[20:56:33] [Server thread/TRACE] [FML]:   Registry: 159 minecraft:orange_banner net.minecraft.item.crafting.ShapedRecipes@1826475
[20:56:33] [Server thread/TRACE] [FML]:   Registry: 160 minecraft:observer net.minecraft.item.crafting.ShapedRecipes@59d0fac9
[20:56:33] [Server thread/TRACE] [FML]:   Registry: 161 minecraft:oak_wooden_slab net.minecraft.item.crafting.ShapedRecipes@593f7d2e
[20:56:33] [Server thread/TRACE] [FML]:   Registry: 162 minecraft:oak_stairs net.minecraft.item.crafting.ShapedRecipes@42cf5a6f
[20:56:33] [Server thread/TRACE] [FML]:   Registry: 163 minecraft:oak_planks net.minecraft.item.crafting.ShapedRecipes@6738e8b2
[20:56:33] [Server thread/TRACE] [FML]:   Registry: 164 minecraft:noteblock net.minecraft.item.crafting.ShapedRecipes@229514ff
[20:56:33] [Server thread/TRACE] [FML]:   Registry: 165 minecraft:nether_wart_block net.minecraft.item.crafting.ShapedRecipes@24f5e9e8
[20:56:33] [Server thread/TRACE] [FML]:   Registry: 166 minecraft:nether_brick_stairs net.minecraft.item.crafting.ShapedRecipes@3661b732
[20:56:33] [Server thread/TRACE] [FML]:   Registry: 167 minecraft:nether_brick_slab net.minecraft.item.crafting.ShapedRecipes@727f36dd
[20:56:33] [Server thread/TRACE] [FML]:   Registry: 168 minecraft:nether_brick_fence net.minecraft.item.crafting.ShapedRecipes@2e91cf69
[20:56:33] [Server thread/TRACE] [FML]:   Registry: 169 minecraft:nether_brick net.minecraft.item.crafting.ShapedRecipes@2c224096
[20:56:33] [Server thread/TRACE] [FML]:   Registry: 170 minecraft:mushroom_stew net.minecraft.item.crafting.ShapelessRecipes@33c9f1ac
[20:56:33] [Server thread/TRACE] [FML]:   Registry: 171 minecraft:mossy_stonebrick net.minecraft.item.crafting.ShapelessRecipes@23263ba
[20:56:33] [Server thread/TRACE] [FML]:   Registry: 172 minecraft:mossy_cobblestone_wall net.minecraft.item.crafting.ShapedRecipes@178ba69f
[20:56:33] [Server thread/TRACE] [FML]:   Registry: 173 minecraft:mossy_cobblestone net.minecraft.item.crafting.ShapelessRecipes@36ab69d9
[20:56:33] [Server thread/TRACE] [FML]:   Registry: 174 minecraft:minecart net.minecraft.item.crafting.ShapedRecipes@56a9b662
[20:56:33] [Server thread/TRACE] [FML]:   Registry: 175 minecraft:melon_seeds net.minecraft.item.crafting.ShapedRecipes@76134251
[20:56:33] [Server thread/TRACE] [FML]:   Registry: 176 minecraft:melon_block net.minecraft.item.crafting.ShapedRecipes@6dc2e473
[20:56:33] [Server thread/TRACE] [FML]:   Registry: 177 minecraft:map net.minecraft.item.crafting.ShapedRecipes@55f23335
[20:56:33] [Server thread/TRACE] [FML]:   Registry: 178 minecraft:magma_cream net.minecraft.item.crafting.ShapelessRecipes@79ee779c
[20:56:33] [Server thread/TRACE] [FML]:   Registry: 179 minecraft:magma net.minecraft.item.crafting.ShapedRecipes@23365142
[20:56:33] [Server thread/TRACE] [FML]:   Registry: 180 minecraft:magenta_wool net.minecraft.item.crafting.ShapelessRecipes@14bf9fd0
[20:56:33] [Server thread/TRACE] [FML]:   Registry: 181 minecraft:magenta_stained_hardened_clay net.minecraft.item.crafting.ShapedRecipes@64887fbc
[20:56:33] [Server thread/TRACE] [FML]:   Registry: 182 minecraft:magenta_stained_glass_pane net.minecraft.item.crafting.ShapedRecipes@7836c79
[20:56:33] [Server thread/TRACE] [FML]:   Registry: 183 minecraft:magenta_stained_glass net.minecraft.item.crafting.ShapedRecipes@20f99c18
[20:56:33] [Server thread/TRACE] [FML]:   Registry: 184 minecraft:magenta_dye_from_purple_and_pink net.minecraft.item.crafting.ShapelessRecipes@152035eb
[20:56:33] [Server thread/TRACE] [FML]:   Registry: 185 minecraft:magenta_dye_from_lilac net.minecraft.item.crafting.ShapelessRecipes@24d0c6a4
[20:56:33] [Server thread/TRACE] [FML]:   Registry: 186 minecraft:magenta_dye_from_lapis_red_pink net.minecraft.item.crafting.ShapelessRecipes@29dfc68f
[20:56:33] [Server thread/TRACE] [FML]:   Registry: 187 minecraft:magenta_dye_from_lapis_ink_bonemeal net.minecraft.item.crafting.ShapelessRecipes@344a065a
[20:56:33] [Server thread/TRACE] [FML]:   Registry: 188 minecraft:magenta_dye_from_allium net.minecraft.item.crafting.ShapelessRecipes@9825465
[20:56:33] [Server thread/TRACE] [FML]:   Registry: 189 minecraft:magenta_concrete_powder net.minecraft.item.crafting.ShapelessRecipes@afb7b03
[20:56:33] [Server thread/TRACE] [FML]:   Registry: 190 minecraft:magenta_carpet net.minecraft.item.crafting.ShapedRecipes@5d98364c
[20:56:33] [Server thread/TRACE] [FML]:   Registry: 191 minecraft:magenta_bed_from_white_bed net.minecraft.item.crafting.ShapelessRecipes@6ee1ddcf
[20:56:33] [Server thread/TRACE] [FML]:   Registry: 192 minecraft:magenta_bed net.minecraft.item.crafting.ShapedRecipes@574f9e36
[20:56:33] [Server thread/TRACE] [FML]:   Registry: 193 minecraft:magenta_banner net.minecraft.item.crafting.ShapedRecipes@6fc6f68f
[20:56:33] [Server thread/TRACE] [FML]:   Registry: 194 minecraft:lit_pumpkin net.minecraft.item.crafting.ShapedRecipes@30ed2a26
[20:56:33] [Server thread/TRACE] [FML]:   Registry: 195 minecraft:lime_wool net.minecraft.item.crafting.ShapelessRecipes@5e34a84b
[20:56:33] [Server thread/TRACE] [FML]:   Registry: 196 minecraft:lime_stained_hardened_clay net.minecraft.item.crafting.ShapedRecipes@6f4f2cc0
[20:56:33] [Server thread/TRACE] [FML]:   Registry: 197 minecraft:lime_stained_glass_pane net.minecraft.item.crafting.ShapedRecipes@522f0bb8
[20:56:33] [Server thread/TRACE] [FML]:   Registry: 198 minecraft:lime_stained_glass net.minecraft.item.crafting.ShapedRecipes@3be369fc
[20:56:33] [Server thread/TRACE] [FML]:   Registry: 199 minecraft:lime_dye net.minecraft.item.crafting.ShapelessRecipes@75c0cd39
[20:56:33] [Server thread/TRACE] [FML]:   Registry: 200 minecraft:lime_concrete_powder net.minecraft.item.crafting.ShapelessRecipes@34e68840
[20:56:33] [Server thread/TRACE] [FML]:   Registry: 201 minecraft:lime_carpet net.minecraft.item.crafting.ShapedRecipes@62615be
[20:56:33] [Server thread/TRACE] [FML]:   Registry: 202 minecraft:lime_bed_from_white_bed net.minecraft.item.crafting.ShapelessRecipes@6493f780
[20:56:33] [Server thread/TRACE] [FML]:   Registry: 203 minecraft:lime_bed net.minecraft.item.crafting.ShapedRecipes@67a3dd86
[20:56:33] [Server thread/TRACE] [FML]:   Registry: 204 minecraft:lime_banner net.minecraft.item.crafting.ShapedRecipes@34e4fb39
[20:56:33] [Server thread/TRACE] [FML]:   Registry: 205 minecraft:light_weighted_pressure_plate net.minecraft.item.crafting.ShapedRecipes@5cb6abc8
[20:56:33] [Server thread/TRACE] [FML]:   Registry: 206 minecraft:light_gray_wool net.minecraft.item.crafting.ShapelessRecipes@a97a895
[20:56:33] [Server thread/TRACE] [FML]:   Registry: 207 minecraft:light_gray_stained_hardened_clay net.minecraft.item.crafting.ShapedRecipes@5895c065
[20:56:33] [Server thread/TRACE] [FML]:   Registry: 208 minecraft:light_gray_stained_glass_pane net.minecraft.item.crafting.ShapedRecipes@f837c11
[20:56:33] [Server thread/TRACE] [FML]:   Registry: 209 minecraft:light_gray_stained_glass net.minecraft.item.crafting.ShapedRecipes@bc4a9b0
[20:56:33] [Server thread/TRACE] [FML]:   Registry: 210 minecraft:light_gray_dye_from_white_tulip net.minecraft.item.crafting.ShapelessRecipes@35995029
[20:56:33] [Server thread/TRACE] [FML]:   Registry: 211 minecraft:light_gray_dye_from_oxeye_daisy net.minecraft.item.crafting.ShapelessRecipes@2212e291
[20:56:33] [Server thread/TRACE] [FML]:   Registry: 212 minecraft:light_gray_dye_from_ink_bonemeal net.minecraft.item.crafting.ShapelessRecipes@10830d50
[20:56:33] [Server thread/TRACE] [FML]:   Registry: 213 minecraft:light_gray_dye_from_gray_bonemeal net.minecraft.item.crafting.ShapelessRecipes@239d9cb7
[20:56:33] [Server thread/TRACE] [FML]:   Registry: 214 minecraft:light_gray_dye_from_azure_bluet net.minecraft.item.crafting.ShapelessRecipes@169d4aba
[20:56:33] [Server thread/TRACE] [FML]:   Registry: 215 minecraft:light_gray_concrete_powder net.minecraft.item.crafting.ShapelessRecipes@19fc0ef7
[20:56:33] [Server thread/TRACE] [FML]:   Registry: 216 minecraft:light_gray_carpet net.minecraft.item.crafting.ShapedRecipes@6f0ae0ee
[20:56:33] [Server thread/TRACE] [FML]:   Registry: 217 minecraft:light_gray_bed_from_white_bed net.minecraft.item.crafting.ShapelessRecipes@6e23ba17
[20:56:33] [Server thread/TRACE] [FML]:   Registry: 218 minecraft:light_gray_bed net.minecraft.item.crafting.ShapedRecipes@5eef8a16
[20:56:33] [Server thread/TRACE] [FML]:   Registry: 219 minecraft:light_gray_banner net.minecraft.item.crafting.ShapedRecipes@7b58d678
[20:56:33] [Server thread/TRACE] [FML]:   Registry: 220 minecraft:light_blue_wool net.minecraft.item.crafting.ShapelessRecipes@2078bf0a
[20:56:33] [Server thread/TRACE] [FML]:   Registry: 221 minecraft:light_blue_stained_hardened_clay net.minecraft.item.crafting.ShapedRecipes@4c579b5b
[20:56:33] [Server thread/TRACE] [FML]:   Registry: 222 minecraft:light_blue_stained_glass_pane net.minecraft.item.crafting.ShapedRecipes@64af5454
[20:56:33] [Server thread/TRACE] [FML]:   Registry: 223 minecraft:light_blue_stained_glass net.minecraft.item.crafting.ShapedRecipes@4f22fd5d
[20:56:33] [Server thread/TRACE] [FML]:   Registry: 224 minecraft:light_blue_dye_from_lapis_bonemeal net.minecraft.item.crafting.ShapelessRecipes@7bebad0d
[20:56:33] [Server thread/TRACE] [FML]:   Registry: 225 minecraft:light_blue_dye_from_blue_orchid net.minecraft.item.crafting.ShapelessRecipes@14eb96e9
[20:56:33] [Server thread/TRACE] [FML]:   Registry: 226 minecraft:light_blue_concrete_powder net.minecraft.item.crafting.ShapelessRecipes@6ad198c9
[20:56:33] [Server thread/TRACE] [FML]:   Registry: 227 minecraft:light_blue_carpet net.minecraft.item.crafting.ShapedRecipes@2a60981c
[20:56:33] [Server thread/TRACE] [FML]:   Registry: 228 minecraft:light_blue_bed_from_white_bed net.minecraft.item.crafting.ShapelessRecipes@5aeebccc
[20:56:33] [Server thread/TRACE] [FML]:   Registry: 229 minecraft:light_blue_bed net.minecraft.item.crafting.ShapedRecipes@3e73f5e7
[20:56:33] [Server thread/TRACE] [FML]:   Registry: 230 minecraft:light_blue_banner net.minecraft.item.crafting.ShapedRecipes@6e7fa4b0
[20:56:33] [Server thread/TRACE] [FML]:   Registry: 231 minecraft:lever net.minecraft.item.crafting.ShapedRecipes@26be0d23
[20:56:33] [Server thread/TRACE] [FML]:   Registry: 232 minecraft:leather_leggings net.minecraft.item.crafting.ShapedRecipes@59aa2fba
[20:56:33] [Server thread/TRACE] [FML]:   Registry: 233 minecraft:leather_helmet net.minecraft.item.crafting.ShapedRecipes@2fb70301
[20:56:33] [Server thread/TRACE] [FML]:   Registry: 234 minecraft:leather_chestplate net.minecraft.item.crafting.ShapedRecipes@16c9e378
[20:56:33] [Server thread/TRACE] [FML]:   Registry: 235 minecraft:leather_boots net.minecraft.item.crafting.ShapedRecipes@594c66c3
[20:56:33] [Server thread/TRACE] [FML]:   Registry: 236 minecraft:leather net.minecraft.item.crafting.ShapedRecipes@5606d537
[20:56:33] [Server thread/TRACE] [FML]:   Registry: 237 minecraft:lead net.minecraft.item.crafting.ShapedRecipes@397dfbe8
[20:56:33] [Server thread/TRACE] [FML]:   Registry: 238 minecraft:lapis_lazuli net.minecraft.item.crafting.ShapedRecipes@308be1a3
[20:56:33] [Server thread/TRACE] [FML]:   Registry: 239 minecraft:lapis_block net.minecraft.item.crafting.ShapedRecipes@78e50fca
[20:56:33] [Server thread/TRACE] [FML]:   Registry: 240 minecraft:ladder net.minecraft.item.crafting.ShapedRecipes@5265a8dd
[20:56:33] [Server thread/TRACE] [FML]:   Registry: 241 minecraft:jungle_wooden_slab net.minecraft.item.crafting.ShapedRecipes@e3692ca
[20:56:33] [Server thread/TRACE] [FML]:   Registry: 242 minecraft:jungle_stairs net.minecraft.item.crafting.ShapedRecipes@40d370fa
[20:56:33] [Server thread/TRACE] [FML]:   Registry: 243 minecraft:jungle_planks net.minecraft.item.crafting.ShapedRecipes@1ce57bbb
[20:56:33] [Server thread/TRACE] [FML]:   Registry: 244 minecraft:jungle_fence_gate net.minecraft.item.crafting.ShapedRecipes@362c48c
[20:56:33] [Server thread/TRACE] [FML]:   Registry: 245 minecraft:jungle_fence net.minecraft.item.crafting.ShapedRecipes@2914a328
[20:56:33] [Server thread/TRACE] [FML]:   Registry: 246 minecraft:jungle_door net.minecraft.item.crafting.ShapedRecipes@2b540131
[20:56:33] [Server thread/TRACE] [FML]:   Registry: 247 minecraft:jungle_boat net.minecraft.item.crafting.ShapedRecipes@4fc256ec
[20:56:33] [Server thread/TRACE] [FML]:   Registry: 248 minecraft:jukebox net.minecraft.item.crafting.ShapedRecipes@60e80279
[20:56:33] [Server thread/TRACE] [FML]:   Registry: 249 minecraft:item_frame net.minecraft.item.crafting.ShapedRecipes@14d53884
[20:56:33] [Server thread/TRACE] [FML]:   Registry: 250 minecraft:iron_trapdoor net.minecraft.item.crafting.ShapedRecipes@568c9ee1
[20:56:33] [Server thread/TRACE] [FML]:   Registry: 251 minecraft:iron_sword net.minecraft.item.crafting.ShapedRecipes@74d53d63
[20:56:33] [Server thread/TRACE] [FML]:   Registry: 252 minecraft:iron_shovel net.minecraft.item.crafting.ShapedRecipes@33827b88
[20:56:33] [Server thread/TRACE] [FML]:   Registry: 253 minecraft:iron_pickaxe net.minecraft.item.crafting.ShapedRecipes@507f7cd1
[20:56:33] [Server thread/TRACE] [FML]:   Registry: 254 minecraft:iron_nugget net.minecraft.item.crafting.ShapedRecipes@4c1b4e07
[20:56:33] [Server thread/TRACE] [FML]:   Registry: 255 minecraft:iron_leggings net.minecraft.item.crafting.ShapedRecipes@24731caf
[20:56:33] [Server thread/TRACE] [FML]:   Registry: 256 minecraft:iron_ingot_from_nuggets net.minecraft.item.crafting.ShapedRecipes@36b761e3
[20:56:33] [Server thread/TRACE] [FML]:   Registry: 257 minecraft:iron_ingot_from_block net.minecraft.item.crafting.ShapedRecipes@4301fa39
[20:56:33] [Server thread/TRACE] [FML]:   Registry: 258 minecraft:iron_hoe net.minecraft.item.crafting.ShapedRecipes@3faa55
[20:56:33] [Server thread/TRACE] [FML]:   Registry: 259 minecraft:iron_helmet net.minecraft.item.crafting.ShapedRecipes@4cd51e4e
[20:56:33] [Server thread/TRACE] [FML]:   Registry: 260 minecraft:iron_door net.minecraft.item.crafting.ShapedRecipes@5b32e0b1
[20:56:33] [Server thread/TRACE] [FML]:   Registry: 261 minecraft:iron_chestplate net.minecraft.item.crafting.ShapedRecipes@6f1163f7
[20:56:33] [Server thread/TRACE] [FML]:   Registry: 262 minecraft:iron_boots net.minecraft.item.crafting.ShapedRecipes@5a99543b
[20:56:33] [Server thread/TRACE] [FML]:   Registry: 263 minecraft:iron_block net.minecraft.item.crafting.ShapedRecipes@7857cb1d
[20:56:33] [Server thread/TRACE] [FML]:   Registry: 264 minecraft:iron_bars net.minecraft.item.crafting.ShapedRecipes@2e64ae1a
[20:56:33] [Server thread/TRACE] [FML]:   Registry: 265 minecraft:iron_axe net.minecraft.item.crafting.ShapedRecipes@3f5ac587
[20:56:33] [Server thread/TRACE] [FML]:   Registry: 266 minecraft:hopper_minecart net.minecraft.item.crafting.ShapedRecipes@35f6f105
[20:56:33] [Server thread/TRACE] [FML]:   Registry: 267 minecraft:hopper net.minecraft.item.crafting.ShapedRecipes@47f39279
[20:56:33] [Server thread/TRACE] [FML]:   Registry: 268 minecraft:heavy_weighted_pressure_plate net.minecraft.item.crafting.ShapedRecipes@5f65e0c0
[20:56:33] [Server thread/TRACE] [FML]:   Registry: 269 minecraft:hay_block net.minecraft.item.crafting.ShapedRecipes@f9cd1e6
[20:56:33] [Server thread/TRACE] [FML]:   Registry: 270 minecraft:green_wool net.minecraft.item.crafting.ShapelessRecipes@4e933cf1
[20:56:33] [Server thread/TRACE] [FML]:   Registry: 271 minecraft:green_stained_hardened_clay net.minecraft.item.crafting.ShapedRecipes@3d01ea33
[20:56:33] [Server thread/TRACE] [FML]:   Registry: 272 minecraft:green_stained_glass_pane net.minecraft.item.crafting.ShapedRecipes@8f589d7
[20:56:33] [Server thread/TRACE] [FML]:   Registry: 273 minecraft:green_stained_glass net.minecraft.item.crafting.ShapedRecipes@c7269ad
[20:56:33] [Server thread/TRACE] [FML]:   Registry: 274 minecraft:green_concrete_powder net.minecraft.item.crafting.ShapelessRecipes@3023f157
[20:56:33] [Server thread/TRACE] [FML]:   Registry: 275 minecraft:green_carpet net.minecraft.item.crafting.ShapedRecipes@6f4029e9
[20:56:33] [Server thread/TRACE] [FML]:   Registry: 276 minecraft:green_bed_from_white_bed net.minecraft.item.crafting.ShapelessRecipes@cda144a
[20:56:33] [Server thread/TRACE] [FML]:   Registry: 277 minecraft:green_bed net.minecraft.item.crafting.ShapedRecipes@102aa5fc
[20:56:33] [Server thread/TRACE] [FML]:   Registry: 278 minecraft:green_banner net.minecraft.item.crafting.ShapedRecipes@7a0f43dc
[20:56:33] [Server thread/TRACE] [FML]:   Registry: 279 minecraft:gray_wool net.minecraft.item.crafting.ShapelessRecipes@796cf2b5
[20:56:33] [Server thread/TRACE] [FML]:   Registry: 280 minecraft:gray_stained_hardened_clay net.minecraft.item.crafting.ShapedRecipes@1c5d376c
[20:56:33] [Server thread/TRACE] [FML]:   Registry: 281 minecraft:gray_stained_glass_pane net.minecraft.item.crafting.ShapedRecipes@144dc2f7
[20:56:33] [Server thread/TRACE] [FML]:   Registry: 282 minecraft:gray_stained_glass net.minecraft.item.crafting.ShapedRecipes@56976b8b
[20:56:33] [Server thread/TRACE] [FML]:   Registry: 283 minecraft:gray_dye net.minecraft.item.crafting.ShapelessRecipes@34b462e0
[20:56:33] [Server thread/TRACE] [FML]:   Registry: 284 minecraft:gray_concrete_powder net.minecraft.item.crafting.ShapelessRecipes@2b82018
[20:56:33] [Server thread/TRACE] [FML]:   Registry: 285 minecraft:gray_carpet net.minecraft.item.crafting.ShapedRecipes@7df5549e
[20:56:33] [Server thread/TRACE] [FML]:   Registry: 286 minecraft:gray_bed_from_white_bed net.minecraft.item.crafting.ShapelessRecipes@7a522157
[20:56:33] [Server thread/TRACE] [FML]:   Registry: 287 minecraft:gray_bed net.minecraft.item.crafting.ShapedRecipes@6b92a0d1
[20:56:33] [Server thread/TRACE] [FML]:   Registry: 288 minecraft:gray_banner net.minecraft.item.crafting.ShapedRecipes@7d43f1c9
[20:56:33] [Server thread/TRACE] [FML]:   Registry: 289 minecraft:granite net.minecraft.item.crafting.ShapelessRecipes@279ab15e
[20:56:33] [Server thread/TRACE] [FML]:   Registry: 290 minecraft:golden_sword net.minecraft.item.crafting.ShapedRecipes@a926db4
[20:56:33] [Server thread/TRACE] [FML]:   Registry: 291 minecraft:golden_shovel net.minecraft.item.crafting.ShapedRecipes@7e63374b
[20:56:33] [Server thread/TRACE] [FML]:   Registry: 292 minecraft:golden_rail net.minecraft.item.crafting.ShapedRecipes@1ca0aa40
[20:56:33] [Server thread/TRACE] [FML]:   Registry: 293 minecraft:golden_pickaxe net.minecraft.item.crafting.ShapedRecipes@301770d9
[20:56:33] [Server thread/TRACE] [FML]:   Registry: 294 minecraft:golden_leggings net.minecraft.item.crafting.ShapedRecipes@8e8ceb3
[20:56:33] [Server thread/TRACE] [FML]:   Registry: 295 minecraft:golden_hoe net.minecraft.item.crafting.ShapedRecipes@6c2f8ecb
[20:56:33] [Server thread/TRACE] [FML]:   Registry: 296 minecraft:golden_helmet net.minecraft.item.crafting.ShapedRecipes@4c614d8c
[20:56:33] [Server thread/TRACE] [FML]:   Registry: 297 minecraft:golden_chestplate net.minecraft.item.crafting.ShapedRecipes@65b19e5c
[20:56:33] [Server thread/TRACE] [FML]:   Registry: 298 minecraft:golden_carrot net.minecraft.item.crafting.ShapedRecipes@66596c4c
[20:56:33] [Server thread/TRACE] [FML]:   Registry: 299 minecraft:golden_boots net.minecraft.item.crafting.ShapedRecipes@141229f6
[20:56:33] [Server thread/TRACE] [FML]:   Registry: 300 minecraft:golden_axe net.minecraft.item.crafting.ShapedRecipes@becb93a
[20:56:33] [Server thread/TRACE] [FML]:   Registry: 301 minecraft:golden_apple net.minecraft.item.crafting.ShapedRecipes@2b506a79
[20:56:33] [Server thread/TRACE] [FML]:   Registry: 302 minecraft:gold_nugget net.minecraft.item.crafting.ShapedRecipes@5443086a
[20:56:33] [Server thread/TRACE] [FML]:   Registry: 303 minecraft:gold_ingot_from_nuggets net.minecraft.item.crafting.ShapedRecipes@35840ecc
[20:56:33] [Server thread/TRACE] [FML]:   Registry: 304 minecraft:gold_ingot_from_block net.minecraft.item.crafting.ShapedRecipes@4bf89d3d
[20:56:33] [Server thread/TRACE] [FML]:   Registry: 305 minecraft:gold_block net.minecraft.item.crafting.ShapedRecipes@1e54e900
[20:56:33] [Server thread/TRACE] [FML]:   Registry: 306 minecraft:glowstone net.minecraft.item.crafting.ShapedRecipes@417751d3
[20:56:33] [Server thread/TRACE] [FML]:   Registry: 307 minecraft:glass_pane net.minecraft.item.crafting.ShapedRecipes@1e27bb89
[20:56:33] [Server thread/TRACE] [FML]:   Registry: 308 minecraft:glass_bottle net.minecraft.item.crafting.ShapedRecipes@1ee22768
[20:56:33] [Server thread/TRACE] [FML]:   Registry: 309 minecraft:furnace_minecart net.minecraft.item.crafting.ShapedRecipes@4219a4cc
[20:56:33] [Server thread/TRACE] [FML]:   Registry: 310 minecraft:furnace net.minecraft.item.crafting.ShapedRecipes@184bb873
[20:56:33] [Server thread/TRACE] [FML]:   Registry: 311 minecraft:flower_pot net.minecraft.item.crafting.ShapedRecipes@564d3940
[20:56:33] [Server thread/TRACE] [FML]:   Registry: 312 minecraft:flint_and_steel net.minecraft.item.crafting.ShapelessRecipes@4aea57dc
[20:56:33] [Server thread/TRACE] [FML]:   Registry: 313 minecraft:fishing_rod net.minecraft.item.crafting.ShapedRecipes@3c9971af
[20:56:33] [Server thread/TRACE] [FML]:   Registry: 314 minecraft:fire_charge net.minecraft.item.crafting.ShapelessRecipes@731fae
[20:56:33] [Server thread/TRACE] [FML]:   Registry: 315 minecraft:fermented_spider_eye net.minecraft.item.crafting.ShapelessRecipes@7dfec0bc
[20:56:33] [Server thread/TRACE] [FML]:   Registry: 316 minecraft:fence_gate net.minecraft.item.crafting.ShapedRecipes@67cd84f9
[20:56:33] [Server thread/TRACE] [FML]:   Registry: 317 minecraft:fence net.minecraft.item.crafting.ShapedRecipes@42734b71
[20:56:33] [Server thread/TRACE] [FML]:   Registry: 318 minecraft:ender_eye net.minecraft.item.crafting.ShapelessRecipes@776a7ec6
[20:56:33] [Server thread/TRACE] [FML]:   Registry: 319 minecraft:ender_chest net.minecraft.item.crafting.ShapedRecipes@666b1244
[20:56:33] [Server thread/TRACE] [FML]:   Registry: 320 minecraft:end_rod net.minecraft.item.crafting.ShapedRecipes@44e4cf8a
[20:56:33] [Server thread/TRACE] [FML]:   Registry: 321 minecraft:end_crystal net.minecraft.item.crafting.ShapedRecipes@c86c486
[20:56:33] [Server thread/TRACE] [FML]:   Registry: 322 minecraft:end_bricks net.minecraft.item.crafting.ShapedRecipes@55c341d0
[20:56:33] [Server thread/TRACE] [FML]:   Registry: 323 minecraft:enchanting_table net.minecraft.item.crafting.ShapedRecipes@c96c497
[20:56:33] [Server thread/TRACE] [FML]:   Registry: 324 minecraft:emerald_block net.minecraft.item.crafting.ShapedRecipes@28654aff
[20:56:33] [Server thread/TRACE] [FML]:   Registry: 325 minecraft:emerald net.minecraft.item.crafting.ShapedRecipes@7978550b
[20:56:33] [Server thread/TRACE] [FML]:   Registry: 326 minecraft:dropper net.minecraft.item.crafting.ShapedRecipes@2e7e84f8
[20:56:33] [Server thread/TRACE] [FML]:   Registry: 327 minecraft:dispenser net.minecraft.item.crafting.ShapedRecipes@6e6f5842
[20:56:33] [Server thread/TRACE] [FML]:   Registry: 328 minecraft:diorite net.minecraft.item.crafting.ShapedRecipes@21a0795f
[20:56:33] [Server thread/TRACE] [FML]:   Registry: 329 minecraft:diamond_sword net.minecraft.item.crafting.ShapedRecipes@73e25780
[20:56:33] [Server thread/TRACE] [FML]:   Registry: 330 minecraft:diamond_shovel net.minecraft.item.crafting.ShapedRecipes@6148827c
[20:56:33] [Server thread/TRACE] [FML]:   Registry: 331 minecraft:diamond_pickaxe net.minecraft.item.crafting.ShapedRecipes@723c5f86
[20:56:33] [Server thread/TRACE] [FML]:   Registry: 332 minecraft:diamond_leggings net.minecraft.item.crafting.ShapedRecipes@74787609
[20:56:33] [Server thread/TRACE] [FML]:   Registry: 333 minecraft:diamond_hoe net.minecraft.item.crafting.ShapedRecipes@1c66cd02
[20:56:33] [Server thread/TRACE] [FML]:   Registry: 334 minecraft:diamond_helmet net.minecraft.item.crafting.ShapedRecipes@7f02b2d4
[20:56:33] [Server thread/TRACE] [FML]:   Registry: 335 minecraft:diamond_chestplate net.minecraft.item.crafting.ShapedRecipes@3d667b59
[20:56:33] [Server thread/TRACE] [FML]:   Registry: 336 minecraft:diamond_boots net.minecraft.item.crafting.ShapedRecipes@2bda7a5b
[20:56:33] [Server thread/TRACE] [FML]:   Registry: 337 minecraft:diamond_block net.minecraft.item.crafting.ShapedRecipes@366bf608
[20:56:33] [Server thread/TRACE] [FML]:   Registry: 338 minecraft:diamond_axe net.minecraft.item.crafting.ShapedRecipes@5e0442dd
[20:56:33] [Server thread/TRACE] [FML]:   Registry: 339 minecraft:diamond net.minecraft.item.crafting.ShapedRecipes@1e36baca
[20:56:33] [Server thread/TRACE] [FML]:   Registry: 340 minecraft:detector_rail net.minecraft.item.crafting.ShapedRecipes@2728add3
[20:56:33] [Server thread/TRACE] [FML]:   Registry: 341 minecraft:daylight_detector net.minecraft.item.crafting.ShapedRecipes@5e8698c0
[20:56:33] [Server thread/TRACE] [FML]:   Registry: 342 minecraft:dark_prismarine net.minecraft.item.crafting.ShapedRecipes@4b9beefe
[20:56:33] [Server thread/TRACE] [FML]:   Registry: 343 minecraft:dark_oak_wooden_slab net.minecraft.item.crafting.ShapedRecipes@64a7ad02
[20:56:33] [Server thread/TRACE] [FML]:   Registry: 344 minecraft:dark_oak_stairs net.minecraft.item.crafting.ShapedRecipes@3f3f554f
[20:56:33] [Server thread/TRACE] [FML]:   Registry: 345 minecraft:dark_oak_planks net.minecraft.item.crafting.ShapedRecipes@2c731a16
[20:56:33] [Server thread/TRACE] [FML]:   Registry: 346 minecraft:dark_oak_fence_gate net.minecraft.item.crafting.ShapedRecipes@40b8158d
[20:56:33] [Server thread/TRACE] [FML]:   Registry: 347 minecraft:dark_oak_fence net.minecraft.item.crafting.ShapedRecipes@346330b6
[20:56:33] [Server thread/TRACE] [FML]:   Registry: 348 minecraft:dark_oak_door net.minecraft.item.crafting.ShapedRecipes@7f792530
[20:56:33] [Server thread/TRACE] [FML]:   Registry: 349 minecraft:dark_oak_boat net.minecraft.item.crafting.ShapedRecipes@531299d3
[20:56:33] [Server thread/TRACE] [FML]:   Registry: 350 minecraft:cyan_wool net.minecraft.item.crafting.ShapelessRecipes@7ea039b4
[20:56:33] [Server thread/TRACE] [FML]:   Registry: 351 minecraft:cyan_stained_hardened_clay net.minecraft.item.crafting.ShapedRecipes@1d0f7bcf
[20:56:33] [Server thread/TRACE] [FML]:   Registry: 352 minecraft:cyan_stained_glass_pane net.minecraft.item.crafting.ShapedRecipes@3e1897d
[20:56:33] [Server thread/TRACE] [FML]:   Registry: 353 minecraft:cyan_stained_glass net.minecraft.item.crafting.ShapedRecipes@5cb76070
[20:56:33] [Server thread/TRACE] [FML]:   Registry: 354 minecraft:cyan_dye net.minecraft.item.crafting.ShapelessRecipes@713497cd
[20:56:33] [Server thread/TRACE] [FML]:   Registry: 355 minecraft:cyan_concrete_powder net.minecraft.item.crafting.ShapelessRecipes@2e785b28
[20:56:33] [Server thread/TRACE] [FML]:   Registry: 356 minecraft:cyan_carpet net.minecraft.item.crafting.ShapedRecipes@5764d421
[20:56:33] [Server thread/TRACE] [FML]:   Registry: 357 minecraft:cyan_bed_from_white_bed net.minecraft.item.crafting.ShapelessRecipes@5dbc4598
[20:56:33] [Server thread/TRACE] [FML]:   Registry: 358 minecraft:cyan_bed net.minecraft.item.crafting.ShapedRecipes@788d9139
[20:56:33] [Server thread/TRACE] [FML]:   Registry: 359 minecraft:cyan_banner net.minecraft.item.crafting.ShapedRecipes@4452e13c
[20:56:33] [Server thread/TRACE] [FML]:   Registry: 360 minecraft:crafting_table net.minecraft.item.crafting.ShapedRecipes@8e77c5b
[20:56:33] [Server thread/TRACE] [FML]:   Registry: 361 minecraft:cookie net.minecraft.item.crafting.ShapedRecipes@3bc18fec
[20:56:33] [Server thread/TRACE] [FML]:   Registry: 362 minecraft:compass net.minecraft.item.crafting.ShapedRecipes@45295cfd
[20:56:33] [Server thread/TRACE] [FML]:   Registry: 363 minecraft:comparator net.minecraft.item.crafting.ShapedRecipes@7d4bdbd8
[20:56:33] [Server thread/TRACE] [FML]:   Registry: 364 minecraft:cobblestone_wall net.minecraft.item.crafting.ShapedRecipes@4e31b64d
[20:56:33] [Server thread/TRACE] [FML]:   Registry: 365 minecraft:cobblestone_slab net.minecraft.item.crafting.ShapedRecipes@36f40d72
[20:56:33] [Server thread/TRACE] [FML]:   Registry: 366 minecraft:coarse_dirt net.minecraft.item.crafting.ShapedRecipes@3afaa39f
[20:56:33] [Server thread/TRACE] [FML]:   Registry: 367 minecraft:coal_block net.minecraft.item.crafting.ShapedRecipes@4a1934e2
[20:56:33] [Server thread/TRACE] [FML]:   Registry: 368 minecraft:coal net.minecraft.item.crafting.ShapedRecipes@4a49919c
[20:56:33] [Server thread/TRACE] [FML]:   Registry: 369 minecraft:clock net.minecraft.item.crafting.ShapedRecipes@14624acc
[20:56:33] [Server thread/TRACE] [FML]:   Registry: 370 minecraft:clay net.minecraft.item.crafting.ShapedRecipes@656302c
[20:56:33] [Server thread/TRACE] [FML]:   Registry: 371 minecraft:chiseled_stonebrick net.minecraft.item.crafting.ShapedRecipes@5fd31df7
[20:56:33] [Server thread/TRACE] [FML]:   Registry: 372 minecraft:chiseled_sandstone net.minecraft.item.crafting.ShapedRecipes@1f0f92f5
[20:56:33] [Server thread/TRACE] [FML]:   Registry: 373 minecraft:chiseled_red_sandstone net.minecraft.item.crafting.ShapedRecipes@38347345
[20:56:33] [Server thread/TRACE] [FML]:   Registry: 374 minecraft:chiseled_quartz_block net.minecraft.item.crafting.ShapedRecipes@61fa3583
[20:56:33] [Server thread/TRACE] [FML]:   Registry: 375 minecraft:chest_minecart net.minecraft.item.crafting.ShapedRecipes@165454f7
[20:56:33] [Server thread/TRACE] [FML]:   Registry: 376 minecraft:chest net.minecraft.item.crafting.ShapedRecipes@1dd9a3ae
[20:56:33] [Server thread/TRACE] [FML]:   Registry: 377 minecraft:cauldron net.minecraft.item.crafting.ShapedRecipes@66589252
[20:56:33] [Server thread/TRACE] [FML]:   Registry: 378 minecraft:carrot_on_a_stick net.minecraft.item.crafting.ShapedRecipes@4b20aa21
[20:56:33] [Server thread/TRACE] [FML]:   Registry: 379 minecraft:cake net.minecraft.item.crafting.ShapedRecipes@7e514482
[20:56:33] [Server thread/TRACE] [FML]:   Registry: 380 minecraft:bucket net.minecraft.item.crafting.ShapedRecipes@4eec5fa6
[20:56:33] [Server thread/TRACE] [FML]:   Registry: 381 minecraft:brown_wool net.minecraft.item.crafting.ShapelessRecipes@45e35a0d
[20:56:33] [Server thread/TRACE] [FML]:   Registry: 382 minecraft:brown_stained_hardened_clay net.minecraft.item.crafting.ShapedRecipes@12765ebd
[20:56:33] [Server thread/TRACE] [FML]:   Registry: 383 minecraft:brown_stained_glass_pane net.minecraft.item.crafting.ShapedRecipes@2336d3f
[20:56:33] [Server thread/TRACE] [FML]:   Registry: 384 minecraft:brown_stained_glass net.minecraft.item.crafting.ShapedRecipes@65c689e7
[20:56:33] [Server thread/TRACE] [FML]:   Registry: 385 minecraft:brown_concrete_powder net.minecraft.item.crafting.ShapelessRecipes@48d464cf
[20:56:33] [Server thread/TRACE] [FML]:   Registry: 386 minecraft:brown_carpet net.minecraft.item.crafting.ShapedRecipes@77d3c3d7
[20:56:33] [Server thread/TRACE] [FML]:   Registry: 387 minecraft:brown_bed_from_white_bed net.minecraft.item.crafting.ShapelessRecipes@102fd71d
[20:56:33] [Server thread/TRACE] [FML]:   Registry: 388 minecraft:brown_bed net.minecraft.item.crafting.ShapedRecipes@22846a1d
[20:56:33] [Server thread/TRACE] [FML]:   Registry: 389 minecraft:brown_banner net.minecraft.item.crafting.ShapedRecipes@3ef914f5
[20:56:33] [Server thread/TRACE] [FML]:   Registry: 390 minecraft:brick_stairs net.minecraft.item.crafting.ShapedRecipes@3cae4518
[20:56:33] [Server thread/TRACE] [FML]:   Registry: 391 minecraft:brick_slab net.minecraft.item.crafting.ShapedRecipes@23dc70c1
[20:56:33] [Server thread/TRACE] [FML]:   Registry: 392 minecraft:brick_block net.minecraft.item.crafting.ShapedRecipes@220cda54
[20:56:33] [Server thread/TRACE] [FML]:   Registry: 393 minecraft:brewing_stand net.minecraft.item.crafting.ShapedRecipes@61d8a491
[20:56:33] [Server thread/TRACE] [FML]:   Registry: 394 minecraft:bread net.minecraft.item.crafting.ShapedRecipes@550f522b
[20:56:33] [Server thread/TRACE] [FML]:   Registry: 395 minecraft:bowl net.minecraft.item.crafting.ShapedRecipes@8b1170f
[20:56:33] [Server thread/TRACE] [FML]:   Registry: 396 minecraft:bow net.minecraft.item.crafting.ShapedRecipes@52b30dcd
[20:56:33] [Server thread/TRACE] [FML]:   Registry: 397 minecraft:bookshelf net.minecraft.item.crafting.ShapedRecipes@7146c6ea
[20:56:33] [Server thread/TRACE] [FML]:   Registry: 398 minecraft:book net.minecraft.item.crafting.ShapelessRecipes@f98cff
[20:56:33] [Server thread/TRACE] [FML]:   Registry: 399 minecraft:bone_meal_from_bone net.minecraft.item.crafting.ShapelessRecipes@1f1ffc18
[20:56:33] [Server thread/TRACE] [FML]:   Registry: 400 minecraft:bone_meal_from_block net.minecraft.item.crafting.ShapelessRecipes@46bdc55e
[20:56:33] [Server thread/TRACE] [FML]:   Registry: 401 minecraft:bone_block net.minecraft.item.crafting.ShapedRecipes@72240290
[20:56:33] [Server thread/TRACE] [FML]:   Registry: 402 minecraft:boat net.minecraft.item.crafting.ShapedRecipes@61ca5134
[20:56:33] [Server thread/TRACE] [FML]:   Registry: 403 minecraft:blue_wool net.minecraft.item.crafting.ShapelessRecipes@1b79df53
[20:56:33] [Server thread/TRACE] [FML]:   Registry: 404 minecraft:blue_stained_hardened_clay net.minecraft.item.crafting.ShapedRecipes@1322b542
[20:56:33] [Server thread/TRACE] [FML]:   Registry: 405 minecraft:blue_stained_glass_pane net.minecraft.item.crafting.ShapedRecipes@630c3af3
[20:56:33] [Server thread/TRACE] [FML]:   Registry: 406 minecraft:blue_stained_glass net.minecraft.item.crafting.ShapedRecipes@2f2f92f
[20:56:33] [Server thread/TRACE] [FML]:   Registry: 407 minecraft:blue_concrete_powder net.minecraft.item.crafting.ShapelessRecipes@6765b6a2
[20:56:33] [Server thread/TRACE] [FML]:   Registry: 408 minecraft:blue_carpet net.minecraft.item.crafting.ShapedRecipes@426913c4
[20:56:33] [Server thread/TRACE] [FML]:   Registry: 409 minecraft:blue_bed_from_white_bed net.minecraft.item.crafting.ShapelessRecipes@1317ac2c
[20:56:33] [Server thread/TRACE] [FML]:   Registry: 410 minecraft:blue_bed net.minecraft.item.crafting.ShapedRecipes@7c8f803d
[20:56:33] [Server thread/TRACE] [FML]:   Registry: 411 minecraft:blue_banner net.minecraft.item.crafting.ShapedRecipes@1f7557fe
[20:56:33] [Server thread/TRACE] [FML]:   Registry: 412 minecraft:blaze_powder net.minecraft.item.crafting.ShapelessRecipes@399fd710
[20:56:33] [Server thread/TRACE] [FML]:   Registry: 413 minecraft:black_wool net.minecraft.item.crafting.ShapelessRecipes@1734b1a
[20:56:33] [Server thread/TRACE] [FML]:   Registry: 414 minecraft:black_stained_hardened_clay net.minecraft.item.crafting.ShapedRecipes@69a294d8
[20:56:33] [Server thread/TRACE] [FML]:   Registry: 415 minecraft:black_stained_glass_pane net.minecraft.item.crafting.ShapedRecipes@1331d6fd
[20:56:33] [Server thread/TRACE] [FML]:   Registry: 416 minecraft:black_stained_glass net.minecraft.item.crafting.ShapedRecipes@6787bd41
[20:56:33] [Server thread/TRACE] [FML]:   Registry: 417 minecraft:black_concrete_powder net.minecraft.item.crafting.ShapelessRecipes@497fd334
[20:56:33] [Server thread/TRACE] [FML]:   Registry: 418 minecraft:black_carpet net.minecraft.item.crafting.ShapedRecipes@3879feec
[20:56:33] [Server thread/TRACE] [FML]:   Registry: 419 minecraft:black_bed_from_white_bed net.minecraft.item.crafting.ShapelessRecipes@8dcacf1
[20:56:33] [Server thread/TRACE] [FML]:   Registry: 420 minecraft:black_bed net.minecraft.item.crafting.ShapedRecipes@5bf1b528
[20:56:33] [Server thread/TRACE] [FML]:   Registry: 421 minecraft:black_banner net.minecraft.item.crafting.ShapedRecipes@182fd26b
[20:56:33] [Server thread/TRACE] [FML]:   Registry: 422 minecraft:birch_wooden_slab net.minecraft.item.crafting.ShapedRecipes@182dcd2b
[20:56:33] [Server thread/TRACE] [FML]:   Registry: 423 minecraft:birch_stairs net.minecraft.item.crafting.ShapedRecipes@1238a074
[20:56:33] [Server thread/TRACE] [FML]:   Registry: 424 minecraft:birch_planks net.minecraft.item.crafting.ShapedRecipes@13018f00
[20:56:33] [Server thread/TRACE] [FML]:   Registry: 425 minecraft:birch_fence_gate net.minecraft.item.crafting.ShapedRecipes@6a562255
[20:56:33] [Server thread/TRACE] [FML]:   Registry: 426 minecraft:birch_fence net.minecraft.item.crafting.ShapedRecipes@2e2cd42c
[20:56:33] [Server thread/TRACE] [FML]:   Registry: 427 minecraft:birch_door net.minecraft.item.crafting.ShapedRecipes@71cc0e35
[20:56:33] [Server thread/TRACE] [FML]:   Registry: 428 minecraft:birch_boat net.minecraft.item.crafting.ShapedRecipes@6958d5d0
[20:56:33] [Server thread/TRACE] [FML]:   Registry: 429 minecraft:beetroot_soup net.minecraft.item.crafting.ShapedRecipes@50caeb4b
[20:56:33] [Server thread/TRACE] [FML]:   Registry: 430 minecraft:beacon net.minecraft.item.crafting.ShapedRecipes@744f0e0b
[20:56:33] [Server thread/TRACE] [FML]:   Registry: 431 minecraft:arrow net.minecraft.item.crafting.ShapedRecipes@47994b51
[20:56:33] [Server thread/TRACE] [FML]:   Registry: 432 minecraft:armor_stand net.minecraft.item.crafting.ShapedRecipes@41463c56
[20:56:33] [Server thread/TRACE] [FML]:   Registry: 433 minecraft:anvil net.minecraft.item.crafting.ShapedRecipes@69abeb14
[20:56:33] [Server thread/TRACE] [FML]:   Registry: 434 minecraft:andesite net.minecraft.item.crafting.ShapelessRecipes@72b53f27
[20:56:33] [Server thread/TRACE] [FML]:   Registry: 435 minecraft:activator_rail net.minecraft.item.crafting.ShapedRecipes@5a07ae2f
[20:56:33] [Server thread/TRACE] [FML]:   Registry: 436 minecraft:acacia_wooden_slab net.minecraft.item.crafting.ShapedRecipes@a1a72d4
[20:56:33] [Server thread/TRACE] [FML]:   Registry: 437 minecraft:acacia_stairs net.minecraft.item.crafting.ShapedRecipes@70eb94d7
[20:56:33] [Server thread/TRACE] [FML]:   Registry: 438 minecraft:acacia_planks net.minecraft.item.crafting.ShapedRecipes@dbcf7c3
[20:56:33] [Server thread/TRACE] [FML]:   Registry: 439 minecraft:acacia_fence_gate net.minecraft.item.crafting.ShapedRecipes@36931450
[20:56:33] [Server thread/TRACE] [FML]:   Registry: 440 minecraft:acacia_fence net.minecraft.item.crafting.ShapedRecipes@f575d2b
[20:56:33] [Server thread/TRACE] [FML]:   Registry: 441 minecraft:acacia_door net.minecraft.item.crafting.ShapedRecipes@2ba08f26
[20:56:33] [Server thread/TRACE] [FML]:   Registry: 442 minecraft:acacia_boat net.minecraft.item.crafting.ShapedRecipes@3892802b
[20:56:33] [Server thread/TRACE] [FML]: Registry Name : minecraft:villagerprofessions
[20:56:33] [Server thread/TRACE] [FML]:   Registry: 0 minecraft:farmer net.minecraftforge.fml.common.registry.VillagerRegistry$VillagerProfession@11069eac
[20:56:33] [Server thread/TRACE] [FML]:   Registry: 1 minecraft:librarian net.minecraftforge.fml.common.registry.VillagerRegistry$VillagerProfession@2cacd55e
[20:56:33] [Server thread/TRACE] [FML]:   Registry: 2 minecraft:priest net.minecraftforge.fml.common.registry.VillagerRegistry$VillagerProfession@2ba9f743
[20:56:33] [Server thread/TRACE] [FML]:   Registry: 3 minecraft:smith net.minecraftforge.fml.common.registry.VillagerRegistry$VillagerProfession@7535f28
[20:56:33] [Server thread/TRACE] [FML]:   Registry: 4 minecraft:butcher net.minecraftforge.fml.common.registry.VillagerRegistry$VillagerProfession@75f65d54
[20:56:33] [Server thread/TRACE] [FML]:   Registry: 5 minecraft:nitwit net.minecraftforge.fml.common.registry.VillagerRegistry$VillagerProfession@3f3a6091
[20:56:33] [Server thread/TRACE] [FML]: Registry Name : minecraft:dataserializers
[20:56:33] [Server thread/TRACE] [FML]: Registry Name : minecraft:entities
[20:56:33] [Server thread/TRACE] [FML]:   Registry: 1 minecraft:item net.minecraftforge.fml.common.registry.EntityEntry@1b5af65b
[20:56:33] [Server thread/TRACE] [FML]:   Registry: 2 minecraft:xp_orb net.minecraftforge.fml.common.registry.EntityEntry@58583a2d
[20:56:33] [Server thread/TRACE] [FML]:   Registry: 3 minecraft:area_effect_cloud net.minecraftforge.fml.common.registry.EntityEntry@614cd187
[20:56:33] [Server thread/TRACE] [FML]:   Registry: 4 minecraft:elder_guardian net.minecraftforge.fml.common.registry.EntityEntry@41f90b10
[20:56:33] [Server thread/TRACE] [FML]:   Registry: 5 minecraft:wither_skeleton net.minecraftforge.fml.common.registry.EntityEntry@73ae82da
[20:56:33] [Server thread/TRACE] [FML]:   Registry: 6 minecraft:stray net.minecraftforge.fml.common.registry.EntityEntry@29b5e7db
[20:56:33] [Server thread/TRACE] [FML]:   Registry: 7 minecraft:egg net.minecraftforge.fml.common.registry.EntityEntry@11f9b95a
[20:56:33] [Server thread/TRACE] [FML]:   Registry: 8 minecraft:leash_knot net.minecraftforge.fml.common.registry.EntityEntry@687e561b
[20:56:33] [Server thread/TRACE] [FML]:   Registry: 9 minecraft:painting net.minecraftforge.fml.common.registry.EntityEntry@75f8d9b0
[20:56:33] [Server thread/TRACE] [FML]:   Registry: 10 minecraft:arrow net.minecraftforge.fml.common.registry.EntityEntry@1e23ee0e
[20:56:33] [Server thread/TRACE] [FML]:   Registry: 11 minecraft:snowball net.minecraftforge.fml.common.registry.EntityEntry@38923cfe
[20:56:33] [Server thread/TRACE] [FML]:   Registry: 12 minecraft:fireball net.minecraftforge.fml.common.registry.EntityEntry@5bccaedb
[20:56:33] [Server thread/TRACE] [FML]:   Registry: 13 minecraft:small_fireball net.minecraftforge.fml.common.registry.EntityEntry@49d979c4
[20:56:33] [Server thread/TRACE] [FML]:   Registry: 14 minecraft:ender_pearl net.minecraftforge.fml.common.registry.EntityEntry@16e5344c
[20:56:33] [Server thread/TRACE] [FML]:   Registry: 15 minecraft:eye_of_ender_signal net.minecraftforge.fml.common.registry.EntityEntry@47fca3cc
[20:56:33] [Server thread/TRACE] [FML]:   Registry: 16 minecraft:potion net.minecraftforge.fml.common.registry.EntityEntry@6a0c7af6
[20:56:33] [Server thread/TRACE] [FML]:   Registry: 17 minecraft:xp_bottle net.minecraftforge.fml.common.registry.EntityEntry@5d5ae6aa
[20:56:33] [Server thread/TRACE] [FML]:   Registry: 18 minecraft:item_frame net.minecraftforge.fml.common.registry.EntityEntry@2210e466
[20:56:33] [Server thread/TRACE] [FML]:   Registry: 19 minecraft:wither_skull net.minecraftforge.fml.common.registry.EntityEntry@1d0dad12
[20:56:33] [Server thread/TRACE] [FML]:   Registry: 20 minecraft:tnt net.minecraftforge.fml.common.registry.EntityEntry@58a8ea6f
[20:56:33] [Server thread/TRACE] [FML]:   Registry: 21 minecraft:falling_block net.minecraftforge.fml.common.registry.EntityEntry@5e7e7a7e
[20:56:33] [Server thread/TRACE] [FML]:   Registry: 22 minecraft:fireworks_rocket net.minecraftforge.fml.common.registry.EntityEntry@1c610f
[20:56:33] [Server thread/TRACE] [FML]:   Registry: 23 minecraft:husk net.minecraftforge.fml.common.registry.EntityEntry@78861d9e
[20:56:33] [Server thread/TRACE] [FML]:   Registry: 24 minecraft:spectral_arrow net.minecraftforge.fml.common.registry.EntityEntry@1eabfad5
[20:56:33] [Server thread/TRACE] [FML]:   Registry: 25 minecraft:shulker_bullet net.minecraftforge.fml.common.registry.EntityEntry@670c171c
[20:56:33] [Server thread/TRACE] [FML]:   Registry: 26 minecraft:dragon_fireball net.minecraftforge.fml.common.registry.EntityEntry@6fcc0a1
[20:56:33] [Server thread/TRACE] [FML]:   Registry: 27 minecraft:zombie_villager net.minecraftforge.fml.common.registry.EntityEntry@46d69ca4
[20:56:33] [Server thread/TRACE] [FML]:   Registry: 28 minecraft:skeleton_horse net.minecraftforge.fml.common.registry.EntityEntry@672d8370
[20:56:33] [Server thread/TRACE] [FML]:   Registry: 29 minecraft:zombie_horse net.minecraftforge.fml.common.registry.EntityEntry@21e702b8
[20:56:33] [Server thread/TRACE] [FML]:   Registry: 30 minecraft:armor_stand net.minecraftforge.fml.common.registry.EntityEntry@5c9e3d01
[20:56:33] [Server thread/TRACE] [FML]:   Registry: 31 minecraft:donkey net.minecraftforge.fml.common.registry.EntityEntry@54f69311
[20:56:33] [Server thread/TRACE] [FML]:   Registry: 32 minecraft:mule net.minecraftforge.fml.common.registry.EntityEntry@7793b55d
[20:56:33] [Server thread/TRACE] [FML]:   Registry: 33 minecraft:evocation_fangs net.minecraftforge.fml.common.registry.EntityEntry@4c79ca55
[20:56:33] [Server thread/TRACE] [FML]:   Registry: 34 minecraft:evocation_illager net.minecraftforge.fml.common.registry.EntityEntry@54e94de9
[20:56:33] [Server thread/TRACE] [FML]:   Registry: 35 minecraft:vex net.minecraftforge.fml.common.registry.EntityEntry@6f428e6e
[20:56:33] [Server thread/TRACE] [FML]:   Registry: 36 minecraft:vindication_illager net.minecraftforge.fml.common.registry.EntityEntry@45d38165
[20:56:33] [Server thread/TRACE] [FML]:   Registry: 37 minecraft:illusion_illager net.minecraftforge.fml.common.registry.EntityEntry@7b8cb283
[20:56:33] [Server thread/TRACE] [FML]:   Registry: 40 minecraft:commandblock_minecart net.minecraftforge.fml.common.registry.EntityEntry@12532e37
[20:56:33] [Server thread/TRACE] [FML]:   Registry: 41 minecraft:boat net.minecraftforge.fml.common.registry.EntityEntry@4e3ee457
[20:56:33] [Server thread/TRACE] [FML]:   Registry: 42 minecraft:minecart net.minecraftforge.fml.common.registry.EntityEntry@fb2c2f3
[20:56:33] [Server thread/TRACE] [FML]:   Registry: 43 minecraft:chest_minecart net.minecraftforge.fml.common.registry.EntityEntry@60b553f
[20:56:33] [Server thread/TRACE] [FML]:   Registry: 44 minecraft:furnace_minecart net.minecraftforge.fml.common.registry.EntityEntry@66abb2fa
[20:56:33] [Server thread/TRACE] [FML]:   Registry: 45 minecraft:tnt_minecart net.minecraftforge.fml.common.registry.EntityEntry@2133b712
[20:56:33] [Server thread/TRACE] [FML]:   Registry: 46 minecraft:hopper_minecart net.minecraftforge.fml.common.registry.EntityEntry@6585df70
[20:56:33] [Server thread/TRACE] [FML]:   Registry: 47 minecraft:spawner_minecart net.minecraftforge.fml.common.registry.EntityEntry@3cb49121
[20:56:33] [Server thread/TRACE] [FML]:   Registry: 50 minecraft:creeper net.minecraftforge.fml.common.registry.EntityEntry@4ebd8d2
[20:56:33] [Server thread/TRACE] [FML]:   Registry: 51 minecraft:skeleton net.minecraftforge.fml.common.registry.EntityEntry@360a3106
[20:56:33] [Server thread/TRACE] [FML]:   Registry: 52 minecraft:spider net.minecraftforge.fml.common.registry.EntityEntry@2c02a007
[20:56:33] [Server thread/TRACE] [FML]:   Registry: 53 minecraft:giant net.minecraftforge.fml.common.registry.EntityEntry@6f4fc83f
[20:56:33] [Server thread/TRACE] [FML]:   Registry: 54 minecraft:zombie net.minecraftforge.fml.common.registry.EntityEntry@16e4db59
[20:56:33] [Server thread/TRACE] [FML]:   Registry: 55 minecraft:slime net.minecraftforge.fml.common.registry.EntityEntry@6be422da
[20:56:33] [Server thread/TRACE] [FML]:   Registry: 56 minecraft:ghast net.minecraftforge.fml.common.registry.EntityEntry@6a7aa675
[20:56:33] [Server thread/TRACE] [FML]:   Registry: 57 minecraft:zombie_pigman net.minecraftforge.fml.common.registry.EntityEntry@3a3bc0da
[20:56:33] [Server thread/TRACE] [FML]:   Registry: 58 minecraft:enderman net.minecraftforge.fml.common.registry.EntityEntry@351c6341
[20:56:33] [Server thread/TRACE] [FML]:   Registry: 59 minecraft:cave_spider net.minecraftforge.fml.common.registry.EntityEntry@df6f19b
[20:56:33] [Server thread/TRACE] [FML]:   Registry: 60 minecraft:silverfish net.minecraftforge.fml.common.registry.EntityEntry@729d6ee2
[20:56:33] [Server thread/TRACE] [FML]:   Registry: 61 minecraft:blaze net.minecraftforge.fml.common.registry.EntityEntry@5ae87de0
[20:56:33] [Server thread/TRACE] [FML]:   Registry: 62 minecraft:magma_cube net.minecraftforge.fml.common.registry.EntityEntry@4910afdf
[20:56:33] [Server thread/TRACE] [FML]:   Registry: 63 minecraft:ender_dragon net.minecraftforge.fml.common.registry.EntityEntry@2cebf82f
[20:56:33] [Server thread/TRACE] [FML]:   Registry: 64 minecraft:wither net.minecraftforge.fml.common.registry.EntityEntry@57afe44b
[20:56:33] [Server thread/TRACE] [FML]:   Registry: 65 minecraft:bat net.minecraftforge.fml.common.registry.EntityEntry@301d84f6
[20:56:33] [Server thread/TRACE] [FML]:   Registry: 66 minecraft:witch net.minecraftforge.fml.common.registry.EntityEntry@57920d6c
[20:56:33] [Server thread/TRACE] [FML]:   Registry: 67 minecraft:endermite net.minecraftforge.fml.common.registry.EntityEntry@62cf86d6
[20:56:33] [Server thread/TRACE] [FML]:   Registry: 68 minecraft:guardian net.minecraftforge.fml.common.registry.EntityEntry@6dd2e453
[20:56:33] [Server thread/TRACE] [FML]:   Registry: 69 minecraft:shulker net.minecraftforge.fml.common.registry.EntityEntry@106802ea
[20:56:33] [Server thread/TRACE] [FML]:   Registry: 90 minecraft:pig net.minecraftforge.fml.common.registry.EntityEntry@66682e8f
[20:56:33] [Server thread/TRACE] [FML]:   Registry: 91 minecraft:sheep net.minecraftforge.fml.common.registry.EntityEntry@3580134d
[20:56:33] [Server thread/TRACE] [FML]:   Registry: 92 minecraft:cow net.minecraftforge.fml.common.registry.EntityEntry@6159fb3c
[20:56:33] [Server thread/TRACE] [FML]:   Registry: 93 minecraft:chicken net.minecraftforge.fml.common.registry.EntityEntry@37142579
[20:56:33] [Server thread/TRACE] [FML]:   Registry: 94 minecraft:squid net.minecraftforge.fml.common.registry.EntityEntry@36330be8
[20:56:33] [Server thread/TRACE] [FML]:   Registry: 95 minecraft:wolf net.minecraftforge.fml.common.registry.EntityEntry@7a8b7e11
[20:56:33] [Server thread/TRACE] [FML]:   Registry: 96 minecraft:mooshroom net.minecraftforge.fml.common.registry.EntityEntry@24258b54
[20:56:33] [Server thread/TRACE] [FML]:   Registry: 97 minecraft:snowman net.minecraftforge.fml.common.registry.EntityEntry@32428874
[20:56:33] [Server thread/TRACE] [FML]:   Registry: 98 minecraft:ocelot net.minecraftforge.fml.common.registry.EntityEntry@7ec5aad
[20:56:33] [Server thread/TRACE] [FML]:   Registry: 99 minecraft:villager_golem net.minecraftforge.fml.common.registry.EntityEntry@1c421b0f
[20:56:33] [Server thread/TRACE] [FML]:   Registry: 100 minecraft:horse net.minecraftforge.fml.common.registry.EntityEntry@2a9f8d47
[20:56:33] [Server thread/TRACE] [FML]:   Registry: 101 minecraft:rabbit net.minecraftforge.fml.common.registry.EntityEntry@5b74902c
[20:56:33] [Server thread/TRACE] [FML]:   Registry: 102 minecraft:polar_bear net.minecraftforge.fml.common.registry.EntityEntry@3292eff7
[20:56:33] [Server thread/TRACE] [FML]:   Registry: 103 minecraft:llama net.minecraftforge.fml.common.registry.EntityEntry@771cbd13
[20:56:33] [Server thread/TRACE] [FML]:   Registry: 104 minecraft:llama_spit net.minecraftforge.fml.common.registry.EntityEntry@3d57fb9e
[20:56:33] [Server thread/TRACE] [FML]:   Registry: 105 minecraft:parrot net.minecraftforge.fml.common.registry.EntityEntry@642c5bb3
[20:56:33] [Server thread/TRACE] [FML]:   Registry: 120 minecraft:villager net.minecraftforge.fml.common.registry.EntityEntry@7c03f9d0
[20:56:33] [Server thread/TRACE] [FML]:   Registry: 200 minecraft:ender_crystal net.minecraftforge.fml.common.registry.EntityEntry@17189618
[20:56:33] [Server thread/TRACE] [FML]: Registry Name : minecraft:blocks
[20:56:33] [Server thread/TRACE] [FML]:   Registry: 0 minecraft:air Block{minecraft:air}
[20:56:33] [Server thread/TRACE] [FML]:   Registry: 1 minecraft:stone Block{minecraft:stone}
[20:56:33] [Server thread/TRACE] [FML]:   Registry: 2 minecraft:grass Block{minecraft:grass}
[20:56:33] [Server thread/TRACE] [FML]:   Registry: 3 minecraft:dirt Block{minecraft:dirt}
[20:56:33] [Server thread/TRACE] [FML]:   Registry: 4 minecraft:cobblestone Block{minecraft:cobblestone}
[20:56:33] [Server thread/TRACE] [FML]:   Registry: 5 minecraft:planks Block{minecraft:planks}
[20:56:33] [Server thread/TRACE] [FML]:   Registry: 6 minecraft:sapling Block{minecraft:sapling}
[20:56:33] [Server thread/TRACE] [FML]:   Registry: 7 minecraft:bedrock Block{minecraft:bedrock}
[20:56:33] [Server thread/TRACE] [FML]:   Registry: 8 minecraft:flowing_water Block{minecraft:flowing_water}
[20:56:33] [Server thread/TRACE] [FML]:   Registry: 9 minecraft:water Block{minecraft:water}
[20:56:33] [Server thread/TRACE] [FML]:   Registry: 10 minecraft:flowing_lava Block{minecraft:flowing_lava}
[20:56:33] [Server thread/TRACE] [FML]:   Registry: 11 minecraft:lava Block{minecraft:lava}
[20:56:33] [Server thread/TRACE] [FML]:   Registry: 12 minecraft:sand Block{minecraft:sand}
[20:56:33] [Server thread/TRACE] [FML]:   Registry: 13 minecraft:gravel Block{minecraft:gravel}
[20:56:33] [Server thread/TRACE] [FML]:   Registry: 14 minecraft:gold_ore Block{minecraft:gold_ore}
[20:56:33] [Server thread/TRACE] [FML]:   Registry: 15 minecraft:iron_ore Block{minecraft:iron_ore}
[20:56:33] [Server thread/TRACE] [FML]:   Registry: 16 minecraft:coal_ore Block{minecraft:coal_ore}
[20:56:33] [Server thread/TRACE] [FML]:   Registry: 17 minecraft:log Block{minecraft:log}
[20:56:33] [Server thread/TRACE] [FML]:   Registry: 18 minecraft:leaves Block{minecraft:leaves}
[20:56:33] [Server thread/TRACE] [FML]:   Registry: 19 minecraft:sponge Block{minecraft:sponge}
[20:56:33] [Server thread/TRACE] [FML]:   Registry: 20 minecraft:glass Block{minecraft:glass}
[20:56:33] [Server thread/TRACE] [FML]:   Registry: 21 minecraft:lapis_ore Block{minecraft:lapis_ore}
[20:56:33] [Server thread/TRACE] [FML]:   Registry: 22 minecraft:lapis_block Block{minecraft:lapis_block}
[20:56:33] [Server thread/TRACE] [FML]:   Registry: 23 minecraft:dispenser Block{minecraft:dispenser}
[20:56:33] [Server thread/TRACE] [FML]:   Registry: 24 minecraft:sandstone Block{minecraft:sandstone}
[20:56:33] [Server thread/TRACE] [FML]:   Registry: 25 minecraft:noteblock Block{minecraft:noteblock}
[20:56:33] [Server thread/TRACE] [FML]:   Registry: 26 minecraft:bed Block{minecraft:bed}
[20:56:33] [Server thread/TRACE] [FML]:   Registry: 27 minecraft:golden_rail Block{minecraft:golden_rail}
[20:56:33] [Server thread/TRACE] [FML]:   Registry: 28 minecraft:detector_rail Block{minecraft:detector_rail}
[20:56:33] [Server thread/TRACE] [FML]:   Registry: 29 minecraft:sticky_piston Block{minecraft:sticky_piston}
[20:56:33] [Server thread/TRACE] [FML]:   Registry: 30 minecraft:web Block{minecraft:web}
[20:56:33] [Server thread/TRACE] [FML]:   Registry: 31 minecraft:tallgrass Block{minecraft:tallgrass}
[20:56:33] [Server thread/TRACE] [FML]:   Registry: 32 minecraft:deadbush Block{minecraft:deadbush}
[20:56:33] [Server thread/TRACE] [FML]:   Registry: 33 minecraft:piston Block{minecraft:piston}
[20:56:33] [Server thread/TRACE] [FML]:   Registry: 34 minecraft:piston_head Block{minecraft:piston_head}
[20:56:33] [Server thread/TRACE] [FML]:   Registry: 35 minecraft:wool Block{minecraft:wool}
[20:56:33] [Server thread/TRACE] [FML]:   Registry: 36 minecraft:piston_extension Block{minecraft:piston_extension}
[20:56:33] [Server thread/TRACE] [FML]:   Registry: 37 minecraft:yellow_flower Block{minecraft:yellow_flower}
[20:56:33] [Server thread/TRACE] [FML]:   Registry: 38 minecraft:red_flower Block{minecraft:red_flower}
[20:56:33] [Server thread/TRACE] [FML]:   Registry: 39 minecraft:brown_mushroom Block{minecraft:brown_mushroom}
[20:56:33] [Server thread/TRACE] [FML]:   Registry: 40 minecraft:red_mushroom Block{minecraft:red_mushroom}
[20:56:33] [Server thread/TRACE] [FML]:   Registry: 41 minecraft:gold_block Block{minecraft:gold_block}
[20:56:33] [Server thread/TRACE] [FML]:   Registry: 42 minecraft:iron_block Block{minecraft:iron_block}
[20:56:33] [Server thread/TRACE] [FML]:   Registry: 43 minecraft:double_stone_slab Block{minecraft:double_stone_slab}
[20:56:33] [Server thread/TRACE] [FML]:   Registry: 44 minecraft:stone_slab Block{minecraft:stone_slab}
[20:56:33] [Server thread/TRACE] [FML]:   Registry: 45 minecraft:brick_block Block{minecraft:brick_block}
[20:56:33] [Server thread/TRACE] [FML]:   Registry: 46 minecraft:tnt Block{minecraft:tnt}
[20:56:33] [Server thread/TRACE] [FML]:   Registry: 47 minecraft:bookshelf Block{minecraft:bookshelf}
[20:56:33] [Server thread/TRACE] [FML]:   Registry: 48 minecraft:mossy_cobblestone Block{minecraft:mossy_cobblestone}
[20:56:33] [Server thread/TRACE] [FML]:   Registry: 49 minecraft:obsidian Block{minecraft:obsidian}
[20:56:33] [Server thread/TRACE] [FML]:   Registry: 50 minecraft:torch Block{minecraft:torch}
[20:56:33] [Server thread/TRACE] [FML]:   Registry: 51 minecraft:fire Block{minecraft:fire}
[20:56:33] [Server thread/TRACE] [FML]:   Registry: 52 minecraft:mob_spawner Block{minecraft:mob_spawner}
[20:56:33] [Server thread/TRACE] [FML]:   Registry: 53 minecraft:oak_stairs Block{minecraft:oak_stairs}
[20:56:33] [Server thread/TRACE] [FML]:   Registry: 54 minecraft:chest Block{minecraft:chest}
[20:56:33] [Server thread/TRACE] [FML]:   Registry: 55 minecraft:redstone_wire Block{minecraft:redstone_wire}
[20:56:33] [Server thread/TRACE] [FML]:   Registry: 56 minecraft:diamond_ore Block{minecraft:diamond_ore}
[20:56:33] [Server thread/TRACE] [FML]:   Registry: 57 minecraft:diamond_block Block{minecraft:diamond_block}
[20:56:33] [Server thread/TRACE] [FML]:   Registry: 58 minecraft:crafting_table Block{minecraft:crafting_table}
[20:56:33] [Server thread/TRACE] [FML]:   Registry: 59 minecraft:wheat Block{minecraft:wheat}
[20:56:33] [Server thread/TRACE] [FML]:   Registry: 60 minecraft:farmland Block{minecraft:farmland}
[20:56:33] [Server thread/TRACE] [FML]:   Registry: 61 minecraft:furnace Block{minecraft:furnace}
[20:56:33] [Server thread/TRACE] [FML]:   Registry: 62 minecraft:lit_furnace Block{minecraft:lit_furnace}
[20:56:33] [Server thread/TRACE] [FML]:   Registry: 63 minecraft:standing_sign Block{minecraft:standing_sign}
[20:56:33] [Server thread/TRACE] [FML]:   Registry: 64 minecraft:wooden_door Block{minecraft:wooden_door}
[20:56:33] [Server thread/TRACE] [FML]:   Registry: 65 minecraft:ladder Block{minecraft:ladder}
[20:56:33] [Server thread/TRACE] [FML]:   Registry: 66 minecraft:rail Block{minecraft:rail}
[20:56:33] [Server thread/TRACE] [FML]:   Registry: 67 minecraft:stone_stairs Block{minecraft:stone_stairs}
[20:56:33] [Server thread/TRACE] [FML]:   Registry: 68 minecraft:wall_sign Block{minecraft:wall_sign}
[20:56:33] [Server thread/TRACE] [FML]:   Registry: 69 minecraft:lever Block{minecraft:lever}
[20:56:33] [Server thread/TRACE] [FML]:   Registry: 70 minecraft:stone_pressure_plate Block{minecraft:stone_pressure_plate}
[20:56:33] [Server thread/TRACE] [FML]:   Registry: 71 minecraft:iron_door Block{minecraft:iron_door}
[20:56:33] [Server thread/TRACE] [FML]:   Registry: 72 minecraft:wooden_pressure_plate Block{minecraft:wooden_pressure_plate}
[20:56:33] [Server thread/TRACE] [FML]:   Registry: 73 minecraft:redstone_ore Block{minecraft:redstone_ore}
[20:56:33] [Server thread/TRACE] [FML]:   Registry: 74 minecraft:lit_redstone_ore Block{minecraft:lit_redstone_ore}
[20:56:33] [Server thread/TRACE] [FML]:   Registry: 75 minecraft:unlit_redstone_torch Block{minecraft:unlit_redstone_torch}
[20:56:33] [Server thread/TRACE] [FML]:   Registry: 76 minecraft:redstone_torch Block{minecraft:redstone_torch}
[20:56:33] [Server thread/TRACE] [FML]:   Registry: 77 minecraft:stone_button Block{minecraft:stone_button}
[20:56:33] [Server thread/TRACE] [FML]:   Registry: 78 minecraft:snow_layer Block{minecraft:snow_layer}
[20:56:33] [Server thread/TRACE] [FML]:   Registry: 79 minecraft:ice Block{minecraft:ice}
[20:56:33] [Server thread/TRACE] [FML]:   Registry: 80 minecraft:snow Block{minecraft:snow}
[20:56:33] [Server thread/TRACE] [FML]:   Registry: 81 minecraft:cactus Block{minecraft:cactus}
[20:56:33] [Server thread/TRACE] [FML]:   Registry: 82 minecraft:clay Block{minecraft:clay}
[20:56:33] [Server thread/TRACE] [FML]:   Registry: 83 minecraft:reeds Block{minecraft:reeds}
[20:56:33] [Server thread/TRACE] [FML]:   Registry: 84 minecraft:jukebox Block{minecraft:jukebox}
[20:56:33] [Server thread/TRACE] [FML]:   Registry: 85 minecraft:fence Block{minecraft:fence}
[20:56:33] [Server thread/TRACE] [FML]:   Registry: 86 minecraft:pumpkin Block{minecraft:pumpkin}
[20:56:33] [Server thread/TRACE] [FML]:   Registry: 87 minecraft:netherrack Block{minecraft:netherrack}
[20:56:33] [Server thread/TRACE] [FML]:   Registry: 88 minecraft:soul_sand Block{minecraft:soul_sand}
[20:56:33] [Server thread/TRACE] [FML]:   Registry: 89 minecraft:glowstone Block{minecraft:glowstone}
[20:56:33] [Server thread/TRACE] [FML]:   Registry: 90 minecraft:portal Block{minecraft:portal}
[20:56:33] [Server thread/TRACE] [FML]:   Registry: 91 minecraft:lit_pumpkin Block{minecraft:lit_pumpkin}
[20:56:33] [Server thread/TRACE] [FML]:   Registry: 92 minecraft:cake Block{minecraft:cake}
[20:56:33] [Server thread/TRACE] [FML]:   Registry: 93 minecraft:unpowered_repeater Block{minecraft:unpowered_repeater}
[20:56:33] [Server thread/TRACE] [FML]:   Registry: 94 minecraft:powered_repeater Block{minecraft:powered_repeater}
[20:56:33] [Server thread/TRACE] [FML]:   Registry: 95 minecraft:stained_glass Block{minecraft:stained_glass}
[20:56:33] [Server thread/TRACE] [FML]:   Registry: 96 minecraft:trapdoor Block{minecraft:trapdoor}
[20:56:33] [Server thread/TRACE] [FML]:   Registry: 97 minecraft:monster_egg Block{minecraft:monster_egg}
[20:56:33] [Server thread/TRACE] [FML]:   Registry: 98 minecraft:stonebrick Block{minecraft:stonebrick}
[20:56:33] [Server thread/TRACE] [FML]:   Registry: 99 minecraft:brown_mushroom_block Block{minecraft:brown_mushroom_block}
[20:56:33] [Server thread/TRACE] [FML]:   Registry: 100 minecraft:red_mushroom_block Block{minecraft:red_mushroom_block}
[20:56:33] [Server thread/TRACE] [FML]:   Registry: 101 minecraft:iron_bars Block{minecraft:iron_bars}
[20:56:33] [Server thread/TRACE] [FML]:   Registry: 102 minecraft:glass_pane Block{minecraft:glass_pane}
[20:56:33] [Server thread/TRACE] [FML]:   Registry: 103 minecraft:melon_block Block{minecraft:melon_block}
[20:56:33] [Server thread/TRACE] [FML]:   Registry: 104 minecraft:pumpkin_stem Block{minecraft:pumpkin_stem}
[20:56:33] [Server thread/TRACE] [FML]:   Registry: 105 minecraft:melon_stem Block{minecraft:melon_stem}
[20:56:33] [Server thread/TRACE] [FML]:   Registry: 106 minecraft:vine Block{minecraft:vine}
[20:56:33] [Server thread/TRACE] [FML]:   Registry: 107 minecraft:fence_gate Block{minecraft:fence_gate}
[20:56:33] [Server thread/TRACE] [FML]:   Registry: 108 minecraft:brick_stairs Block{minecraft:brick_stairs}
[20:56:33] [Server thread/TRACE] [FML]:   Registry: 109 minecraft:stone_brick_stairs Block{minecraft:stone_brick_stairs}
[20:56:33] [Server thread/TRACE] [FML]:   Registry: 110 minecraft:mycelium Block{minecraft:mycelium}
[20:56:33] [Server thread/TRACE] [FML]:   Registry: 111 minecraft:waterlily Block{minecraft:waterlily}
[20:56:33] [Server thread/TRACE] [FML]:   Registry: 112 minecraft:nether_brick Block{minecraft:nether_brick}
[20:56:33] [Server thread/TRACE] [FML]:   Registry: 113 minecraft:nether_brick_fence Block{minecraft:nether_brick_fence}
[20:56:33] [Server thread/TRACE] [FML]:   Registry: 114 minecraft:nether_brick_stairs Block{minecraft:nether_brick_stairs}
[20:56:33] [Server thread/TRACE] [FML]:   Registry: 115 minecraft:nether_wart Block{minecraft:nether_wart}
[20:56:33] [Server thread/TRACE] [FML]:   Registry: 116 minecraft:enchanting_table Block{minecraft:enchanting_table}
[20:56:33] [Server thread/TRACE] [FML]:   Registry: 117 minecraft:brewing_stand Block{minecraft:brewing_stand}
[20:56:33] [Server thread/TRACE] [FML]:   Registry: 118 minecraft:cauldron Block{minecraft:cauldron}
[20:56:33] [Server thread/TRACE] [FML]:   Registry: 119 minecraft:end_portal Block{minecraft:end_portal}
[20:56:33] [Server thread/TRACE] [FML]:   Registry: 120 minecraft:end_portal_frame Block{minecraft:end_portal_frame}
[20:56:33] [Server thread/TRACE] [FML]:   Registry: 121 minecraft:end_stone Block{minecraft:end_stone}
[20:56:33] [Server thread/TRACE] [FML]:   Registry: 122 minecraft:dragon_egg Block{minecraft:dragon_egg}
[20:56:33] [Server thread/TRACE] [FML]:   Registry: 123 minecraft:redstone_lamp Block{minecraft:redstone_lamp}
[20:56:33] [Server thread/TRACE] [FML]:   Registry: 124 minecraft:lit_redstone_lamp Block{minecraft:lit_redstone_lamp}
[20:56:33] [Server thread/TRACE] [FML]:   Registry: 125 minecraft:double_wooden_slab Block{minecraft:double_wooden_slab}
[20:56:33] [Server thread/TRACE] [FML]:   Registry: 126 minecraft:wooden_slab Block{minecraft:wooden_slab}
[20:56:33] [Server thread/TRACE] [FML]:   Registry: 127 minecraft:cocoa Block{minecraft:cocoa}
[20:56:33] [Server thread/TRACE] [FML]:   Registry: 128 minecraft:sandstone_stairs Block{minecraft:sandstone_stairs}
[20:56:33] [Server thread/TRACE] [FML]:   Registry: 129 minecraft:emerald_ore Block{minecraft:emerald_ore}
[20:56:33] [Server thread/TRACE] [FML]:   Registry: 130 minecraft:ender_chest Block{minecraft:ender_chest}
[20:56:33] [Server thread/TRACE] [FML]:   Registry: 131 minecraft:tripwire_hook Block{minecraft:tripwire_hook}
[20:56:33] [Server thread/TRACE] [FML]:   Registry: 132 minecraft:tripwire Block{minecraft:tripwire}
[20:56:33] [Server thread/TRACE] [FML]:   Registry: 133 minecraft:emerald_block Block{minecraft:emerald_block}
[20:56:33] [Server thread/TRACE] [FML]:   Registry: 134 minecraft:spruce_stairs Block{minecraft:spruce_stairs}
[20:56:33] [Server thread/TRACE] [FML]:   Registry: 135 minecraft:birch_stairs Block{minecraft:birch_stairs}
[20:56:33] [Server thread/TRACE] [FML]:   Registry: 136 minecraft:jungle_stairs Block{minecraft:jungle_stairs}
[20:56:33] [Server thread/TRACE] [FML]:   Registry: 137 minecraft:command_block Block{minecraft:command_block}
[20:56:33] [Server thread/TRACE] [FML]:   Registry: 138 minecraft:beacon Block{minecraft:beacon}
[20:56:33] [Server thread/TRACE] [FML]:   Registry: 139 minecraft:cobblestone_wall Block{minecraft:cobblestone_wall}
[20:56:33] [Server thread/TRACE] [FML]:   Registry: 140 minecraft:flower_pot Block{minecraft:flower_pot}
[20:56:33] [Server thread/TRACE] [FML]:   Registry: 141 minecraft:carrots Block{minecraft:carrots}
[20:56:33] [Server thread/TRACE] [FML]:   Registry: 142 minecraft:potatoes Block{minecraft:potatoes}
[20:56:33] [Server thread/TRACE] [FML]:   Registry: 143 minecraft:wooden_button Block{minecraft:wooden_button}
[20:56:33] [Server thread/TRACE] [FML]:   Registry: 144 minecraft:skull Block{minecraft:skull}
[20:56:33] [Server thread/TRACE] [FML]:   Registry: 145 minecraft:anvil Block{minecraft:anvil}
[20:56:33] [Server thread/TRACE] [FML]:   Registry: 146 minecraft:trapped_chest Block{minecraft:trapped_chest}
[20:56:33] [Server thread/TRACE] [FML]:   Registry: 147 minecraft:light_weighted_pressure_plate Block{minecraft:light_weighted_pressure_plate}
[20:56:33] [Server thread/TRACE] [FML]:   Registry: 148 minecraft:heavy_weighted_pressure_plate Block{minecraft:heavy_weighted_pressure_plate}
[20:56:33] [Server thread/TRACE] [FML]:   Registry: 149 minecraft:unpowered_comparator Block{minecraft:unpowered_comparator}
[20:56:33] [Server thread/TRACE] [FML]:   Registry: 150 minecraft:powered_comparator Block{minecraft:powered_comparator}
[20:56:33] [Server thread/TRACE] [FML]:   Registry: 151 minecraft:daylight_detector Block{minecraft:daylight_detector}
[20:56:33] [Server thread/TRACE] [FML]:   Registry: 152 minecraft:redstone_block Block{minecraft:redstone_block}
[20:56:33] [Server thread/TRACE] [FML]:   Registry: 153 minecraft:quartz_ore Block{minecraft:quartz_ore}
[20:56:33] [Server thread/TRACE] [FML]:   Registry: 154 minecraft:hopper Block{minecraft:hopper}
[20:56:33] [Server thread/TRACE] [FML]:   Registry: 155 minecraft:quartz_block Block{minecraft:quartz_block}
[20:56:33] [Server thread/TRACE] [FML]:   Registry: 156 minecraft:quartz_stairs Block{minecraft:quartz_stairs}
[20:56:33] [Server thread/TRACE] [FML]:   Registry: 157 minecraft:activator_rail Block{minecraft:activator_rail}
[20:56:33] [Server thread/TRACE] [FML]:   Registry: 158 minecraft:dropper Block{minecraft:dropper}
[20:56:33] [Server thread/TRACE] [FML]:   Registry: 159 minecraft:stained_hardened_clay Block{minecraft:stained_hardened_clay}
[20:56:33] [Server thread/TRACE] [FML]:   Registry: 160 minecraft:stained_glass_pane Block{minecraft:stained_glass_pane}
[20:56:33] [Server thread/TRACE] [FML]:   Registry: 161 minecraft:leaves2 Block{minecraft:leaves2}
[20:56:33] [Server thread/TRACE] [FML]:   Registry: 162 minecraft:log2 Block{minecraft:log2}
[20:56:33] [Server thread/TRACE] [FML]:   Registry: 163 minecraft:acacia_stairs Block{minecraft:acacia_stairs}
[20:56:33] [Server thread/TRACE] [FML]:   Registry: 164 minecraft:dark_oak_stairs Block{minecraft:dark_oak_stairs}
[20:56:33] [Server thread/TRACE] [FML]:   Registry: 165 minecraft:slime Block{minecraft:slime}
[20:56:33] [Server thread/TRACE] [FML]:   Registry: 166 minecraft:barrier Block{minecraft:barrier}
[20:56:33] [Server thread/TRACE] [FML]:   Registry: 167 minecraft:iron_trapdoor Block{minecraft:iron_trapdoor}
[20:56:33] [Server thread/TRACE] [FML]:   Registry: 168 minecraft:prismarine Block{minecraft:prismarine}
[20:56:33] [Server thread/TRACE] [FML]:   Registry: 169 minecraft:sea_lantern Block{minecraft:sea_lantern}
[20:56:33] [Server thread/TRACE] [FML]:   Registry: 170 minecraft:hay_block Block{minecraft:hay_block}
[20:56:33] [Server thread/TRACE] [FML]:   Registry: 171 minecraft:carpet Block{minecraft:carpet}
[20:56:33] [Server thread/TRACE] [FML]:   Registry: 172 minecraft:hardened_clay Block{minecraft:hardened_clay}
[20:56:33] [Server thread/TRACE] [FML]:   Registry: 173 minecraft:coal_block Block{minecraft:coal_block}
[20:56:33] [Server thread/TRACE] [FML]:   Registry: 174 minecraft:packed_ice Block{minecraft:packed_ice}
[20:56:33] [Server thread/TRACE] [FML]:   Registry: 175 minecraft:double_plant Block{minecraft:double_plant}
[20:56:33] [Server thread/TRACE] [FML]:   Registry: 176 minecraft:standing_banner Block{minecraft:standing_banner}
[20:56:33] [Server thread/TRACE] [FML]:   Registry: 177 minecraft:wall_banner Block{minecraft:wall_banner}
[20:56:33] [Server thread/TRACE] [FML]:   Registry: 178 minecraft:daylight_detector_inverted Block{minecraft:daylight_detector_inverted}
[20:56:33] [Server thread/TRACE] [FML]:   Registry: 179 minecraft:red_sandstone Block{minecraft:red_sandstone}
[20:56:33] [Server thread/TRACE] [FML]:   Registry: 180 minecraft:red_sandstone_stairs Block{minecraft:red_sandstone_stairs}
[20:56:33] [Server thread/TRACE] [FML]:   Registry: 181 minecraft:double_stone_slab2 Block{minecraft:double_stone_slab2}
[20:56:33] [Server thread/TRACE] [FML]:   Registry: 182 minecraft:stone_slab2 Block{minecraft:stone_slab2}
[20:56:33] [Server thread/TRACE] [FML]:   Registry: 183 minecraft:spruce_fence_gate Block{minecraft:spruce_fence_gate}
[20:56:33] [Server thread/TRACE] [FML]:   Registry: 184 minecraft:birch_fence_gate Block{minecraft:birch_fence_gate}
[20:56:33] [Server thread/TRACE] [FML]:   Registry: 185 minecraft:jungle_fence_gate Block{minecraft:jungle_fence_gate}
[20:56:33] [Server thread/TRACE] [FML]:   Registry: 186 minecraft:dark_oak_fence_gate Block{minecraft:dark_oak_fence_gate}
[20:56:33] [Server thread/TRACE] [FML]:   Registry: 187 minecraft:acacia_fence_gate Block{minecraft:acacia_fence_gate}
[20:56:33] [Server thread/TRACE] [FML]:   Registry: 188 minecraft:spruce_fence Block{minecraft:spruce_fence}
[20:56:33] [Server thread/TRACE] [FML]:   Registry: 189 minecraft:birch_fence Block{minecraft:birch_fence}
[20:56:33] [Server thread/TRACE] [FML]:   Registry: 190 minecraft:jungle_fence Block{minecraft:jungle_fence}
[20:56:33] [Server thread/TRACE] [FML]:   Registry: 191 minecraft:dark_oak_fence Block{minecraft:dark_oak_fence}
[20:56:33] [Server thread/TRACE] [FML]:   Registry: 192 minecraft:acacia_fence Block{minecraft:acacia_fence}
[20:56:33] [Server thread/TRACE] [FML]:   Registry: 193 minecraft:spruce_door Block{minecraft:spruce_door}
[20:56:33] [Server thread/TRACE] [FML]:   Registry: 194 minecraft:birch_door Block{minecraft:birch_door}
[20:56:33] [Server thread/TRACE] [FML]:   Registry: 195 minecraft:jungle_door Block{minecraft:jungle_door}
[20:56:33] [Server thread/TRACE] [FML]:   Registry: 196 minecraft:acacia_door Block{minecraft:acacia_door}
[20:56:33] [Server thread/TRACE] [FML]:   Registry: 197 minecraft:dark_oak_door Block{minecraft:dark_oak_door}
[20:56:33] [Server thread/TRACE] [FML]:   Registry: 198 minecraft:end_rod Block{minecraft:end_rod}
[20:56:33] [Server thread/TRACE] [FML]:   Registry: 199 minecraft:chorus_plant Block{minecraft:chorus_plant}
[20:56:33] [Server thread/TRACE] [FML]:   Registry: 200 minecraft:chorus_flower Block{minecraft:chorus_flower}
[20:56:33] [Server thread/TRACE] [FML]:   Registry: 201 minecraft:purpur_block Block{minecraft:purpur_block}
[20:56:33] [Server thread/TRACE] [FML]:   Registry: 202 minecraft:purpur_pillar Block{minecraft:purpur_pillar}
[20:56:33] [Server thread/TRACE] [FML]:   Registry: 203 minecraft:purpur_stairs Block{minecraft:purpur_stairs}
[20:56:33] [Server thread/TRACE] [FML]:   Registry: 204 minecraft:purpur_double_slab Block{minecraft:purpur_double_slab}
[20:56:33] [Server thread/TRACE] [FML]:   Registry: 205 minecraft:purpur_slab Block{minecraft:purpur_slab}
[20:56:33] [Server thread/TRACE] [FML]:   Registry: 206 minecraft:end_bricks Block{minecraft:end_bricks}
[20:56:33] [Server thread/TRACE] [FML]:   Registry: 207 minecraft:beetroots Block{minecraft:beetroots}
[20:56:33] [Server thread/TRACE] [FML]:   Registry: 208 minecraft:grass_path Block{minecraft:grass_path}
[20:56:33] [Server thread/TRACE] [FML]:   Registry: 209 minecraft:end_gateway Block{minecraft:end_gateway}
[20:56:33] [Server thread/TRACE] [FML]:   Registry: 210 minecraft:repeating_command_block Block{minecraft:repeating_command_block}
[20:56:33] [Server thread/TRACE] [FML]:   Registry: 211 minecraft:chain_command_block Block{minecraft:chain_command_block}
[20:56:33] [Server thread/TRACE] [FML]:   Registry: 212 minecraft:frosted_ice Block{minecraft:frosted_ice}
[20:56:33] [Server thread/TRACE] [FML]:   Registry: 213 minecraft:magma Block{minecraft:magma}
[20:56:33] [Server thread/TRACE] [FML]:   Registry: 214 minecraft:nether_wart_block Block{minecraft:nether_wart_block}
[20:56:33] [Server thread/TRACE] [FML]:   Registry: 215 minecraft:red_nether_brick Block{minecraft:red_nether_brick}
[20:56:33] [Server thread/TRACE] [FML]:   Registry: 216 minecraft:bone_block Block{minecraft:bone_block}
[20:56:33] [Server thread/TRACE] [FML]:   Registry: 217 minecraft:structure_void Block{minecraft:structure_void}
[20:56:33] [Server thread/TRACE] [FML]:   Registry: 218 minecraft:observer Block{minecraft:observer}
[20:56:33] [Server thread/TRACE] [FML]:   Registry: 219 minecraft:white_shulker_box Block{minecraft:white_shulker_box}
[20:56:33] [Server thread/TRACE] [FML]:   Registry: 220 minecraft:orange_shulker_box Block{minecraft:orange_shulker_box}
[20:56:33] [Server thread/TRACE] [FML]:   Registry: 221 minecraft:magenta_shulker_box Block{minecraft:magenta_shulker_box}
[20:56:33] [Server thread/TRACE] [FML]:   Registry: 222 minecraft:light_blue_shulker_box Block{minecraft:light_blue_shulker_box}
[20:56:33] [Server thread/TRACE] [FML]:   Registry: 223 minecraft:yellow_shulker_box Block{minecraft:yellow_shulker_box}
[20:56:33] [Server thread/TRACE] [FML]:   Registry: 224 minecraft:lime_shulker_box Block{minecraft:lime_shulker_box}
[20:56:33] [Server thread/TRACE] [FML]:   Registry: 225 minecraft:pink_shulker_box Block{minecraft:pink_shulker_box}
[20:56:33] [Server thread/TRACE] [FML]:   Registry: 226 minecraft:gray_shulker_box Block{minecraft:gray_shulker_box}
[20:56:33] [Server thread/TRACE] [FML]:   Registry: 227 minecraft:silver_shulker_box Block{minecraft:silver_shulker_box}
[20:56:33] [Server thread/TRACE] [FML]:   Registry: 228 minecraft:cyan_shulker_box Block{minecraft:cyan_shulker_box}
[20:56:33] [Server thread/TRACE] [FML]:   Registry: 229 minecraft:purple_shulker_box Block{minecraft:purple_shulker_box}
[20:56:33] [Server thread/TRACE] [FML]:   Registry: 230 minecraft:blue_shulker_box Block{minecraft:blue_shulker_box}
[20:56:33] [Server thread/TRACE] [FML]:   Registry: 231 minecraft:brown_shulker_box Block{minecraft:brown_shulker_box}
[20:56:33] [Server thread/TRACE] [FML]:   Registry: 232 minecraft:green_shulker_box Block{minecraft:green_shulker_box}
[20:56:33] [Server thread/TRACE] [FML]:   Registry: 233 minecraft:red_shulker_box Block{minecraft:red_shulker_box}
[20:56:33] [Server thread/TRACE] [FML]:   Registry: 234 minecraft:black_shulker_box Block{minecraft:black_shulker_box}
[20:56:33] [Server thread/TRACE] [FML]:   Registry: 235 minecraft:white_glazed_terracotta Block{minecraft:white_glazed_terracotta}
[20:56:33] [Server thread/TRACE] [FML]:   Registry: 236 minecraft:orange_glazed_terracotta Block{minecraft:orange_glazed_terracotta}
[20:56:33] [Server thread/TRACE] [FML]:   Registry: 237 minecraft:magenta_glazed_terracotta Block{minecraft:magenta_glazed_terracotta}
[20:56:33] [Server thread/TRACE] [FML]:   Registry: 238 minecraft:light_blue_glazed_terracotta Block{minecraft:light_blue_glazed_terracotta}
[20:56:33] [Server thread/TRACE] [FML]:   Registry: 239 minecraft:yellow_glazed_terracotta Block{minecraft:yellow_glazed_terracotta}
[20:56:33] [Server thread/TRACE] [FML]:   Registry: 240 minecraft:lime_glazed_terracotta Block{minecraft:lime_glazed_terracotta}
[20:56:33] [Server thread/TRACE] [FML]:   Registry: 241 minecraft:pink_glazed_terracotta Block{minecraft:pink_glazed_terracotta}
[20:56:33] [Server thread/TRACE] [FML]:   Registry: 242 minecraft:gray_glazed_terracotta Block{minecraft:gray_glazed_terracotta}
[20:56:33] [Server thread/TRACE] [FML]:   Registry: 243 minecraft:silver_glazed_terracotta Block{minecraft:silver_glazed_terracotta}
[20:56:33] [Server thread/TRACE] [FML]:   Registry: 244 minecraft:cyan_glazed_terracotta Block{minecraft:cyan_glazed_terracotta}
[20:56:33] [Server thread/TRACE] [FML]:   Registry: 245 minecraft:purple_glazed_terracotta Block{minecraft:purple_glazed_terracotta}
[20:56:33] [Server thread/TRACE] [FML]:   Registry: 246 minecraft:blue_glazed_terracotta Block{minecraft:blue_glazed_terracotta}
[20:56:33] [Server thread/TRACE] [FML]:   Registry: 247 minecraft:brown_glazed_terracotta Block{minecraft:brown_glazed_terracotta}
[20:56:33] [Server thread/TRACE] [FML]:   Registry: 248 minecraft:green_glazed_terracotta Block{minecraft:green_glazed_terracotta}
[20:56:33] [Server thread/TRACE] [FML]:   Registry: 249 minecraft:red_glazed_terracotta Block{minecraft:red_glazed_terracotta}
[20:56:33] [Server thread/TRACE] [FML]:   Registry: 250 minecraft:black_glazed_terracotta Block{minecraft:black_glazed_terracotta}
[20:56:33] [Server thread/TRACE] [FML]:   Registry: 251 minecraft:concrete Block{minecraft:concrete}
[20:56:33] [Server thread/TRACE] [FML]:   Registry: 252 minecraft:concrete_powder Block{minecraft:concrete_powder}
[20:56:33] [Server thread/TRACE] [FML]:   Registry: 255 minecraft:structure_block Block{minecraft:structure_block}
[20:56:33] [Server thread/TRACE] [FML]: Registry Name : minecraft:items
[20:56:33] [Server thread/TRACE] [FML]:   Registry: 0 minecraft:air net.minecraft.item.ItemAir@25216999
[20:56:33] [Server thread/TRACE] [FML]:   Registry: 1 minecraft:stone net.minecraft.item.ItemMultiTexture@537b3be1
[20:56:33] [Server thread/TRACE] [FML]:   Registry: 2 minecraft:grass net.minecraft.item.ItemColored@31f5b923
[20:56:33] [Server thread/TRACE] [FML]:   Registry: 3 minecraft:dirt net.minecraft.item.ItemMultiTexture@56299b0e
[20:56:33] [Server thread/TRACE] [FML]:   Registry: 4 minecraft:cobblestone net.minecraft.item.ItemBlock@3ca278bc
[20:56:33] [Server thread/TRACE] [FML]:   Registry: 5 minecraft:planks net.minecraft.item.ItemMultiTexture@1f68e4e8
[20:56:33] [Server thread/TRACE] [FML]:   Registry: 6 minecraft:sapling net.minecraft.item.ItemMultiTexture@5df7a065
[20:56:33] [Server thread/TRACE] [FML]:   Registry: 7 minecraft:bedrock net.minecraft.item.ItemBlock@3f45dfec
[20:56:33] [Server thread/TRACE] [FML]:   Registry: 12 minecraft:sand net.minecraft.item.ItemMultiTexture@aedc426
[20:56:33] [Server thread/TRACE] [FML]:   Registry: 13 minecraft:gravel net.minecraft.item.ItemBlock@39b85a73
[20:56:33] [Server thread/TRACE] [FML]:   Registry: 14 minecraft:gold_ore net.minecraft.item.ItemBlock@5788722f
[20:56:33] [Server thread/TRACE] [FML]:   Registry: 15 minecraft:iron_ore net.minecraft.item.ItemBlock@7a730479
[20:56:33] [Server thread/TRACE] [FML]:   Registry: 16 minecraft:coal_ore net.minecraft.item.ItemBlock@1e5b33e5
[20:56:33] [Server thread/TRACE] [FML]:   Registry: 17 minecraft:log net.minecraft.item.ItemMultiTexture@5477d90e
[20:56:33] [Server thread/TRACE] [FML]:   Registry: 18 minecraft:leaves net.minecraft.item.ItemLeaves@4ef31221
[20:56:33] [Server thread/TRACE] [FML]:   Registry: 19 minecraft:sponge net.minecraft.item.ItemMultiTexture@459d2ee6
[20:56:33] [Server thread/TRACE] [FML]:   Registry: 20 minecraft:glass net.minecraft.item.ItemBlock@5342eec5
[20:56:33] [Server thread/TRACE] [FML]:   Registry: 21 minecraft:lapis_ore net.minecraft.item.ItemBlock@60e47aab
[20:56:33] [Server thread/TRACE] [FML]:   Registry: 22 minecraft:lapis_block net.minecraft.item.ItemBlock@261a66b8
[20:56:33] [Server thread/TRACE] [FML]:   Registry: 23 minecraft:dispenser net.minecraft.item.ItemBlock@adc8683
[20:56:33] [Server thread/TRACE] [FML]:   Registry: 24 minecraft:sandstone net.minecraft.item.ItemMultiTexture@16029e2f
[20:56:33] [Server thread/TRACE] [FML]:   Registry: 25 minecraft:noteblock net.minecraft.item.ItemBlock@3b2db389
[20:56:33] [Server thread/TRACE] [FML]:   Registry: 27 minecraft:golden_rail net.minecraft.item.ItemBlock@45f1413c
[20:56:33] [Server thread/TRACE] [FML]:   Registry: 28 minecraft:detector_rail net.minecraft.item.ItemBlock@1a139347
[20:56:33] [Server thread/TRACE] [FML]:   Registry: 29 minecraft:sticky_piston net.minecraft.item.ItemPiston@4e85dcb2
[20:56:33] [Server thread/TRACE] [FML]:   Registry: 30 minecraft:web net.minecraft.item.ItemBlock@1b28cff
[20:56:33] [Server thread/TRACE] [FML]:   Registry: 31 minecraft:tallgrass net.minecraft.item.ItemColored@73dbe25
[20:56:33] [Server thread/TRACE] [FML]:   Registry: 32 minecraft:deadbush net.minecraft.item.ItemBlock@bfd97fb
[20:56:33] [Server thread/TRACE] [FML]:   Registry: 33 minecraft:piston net.minecraft.item.ItemPiston@6bfdaa7a
[20:56:33] [Server thread/TRACE] [FML]:   Registry: 35 minecraft:wool net.minecraft.item.ItemCloth@638977e0
[20:56:33] [Server thread/TRACE] [FML]:   Registry: 37 minecraft:yellow_flower net.minecraft.item.ItemMultiTexture@45e639ee
[20:56:33] [Server thread/TRACE] [FML]:   Registry: 38 minecraft:red_flower net.minecraft.item.ItemMultiTexture@559e3f67
[20:56:33] [Server thread/TRACE] [FML]:   Registry: 39 minecraft:brown_mushroom net.minecraft.item.ItemBlock@23d0944b
[20:56:33] [Server thread/TRACE] [FML]:   Registry: 40 minecraft:red_mushroom net.minecraft.item.ItemBlock@72f24a84
[20:56:33] [Server thread/TRACE] [FML]:   Registry: 41 minecraft:gold_block net.minecraft.item.ItemBlock@49d543a9
[20:56:33] [Server thread/TRACE] [FML]:   Registry: 42 minecraft:iron_block net.minecraft.item.ItemBlock@6d9428f3
[20:56:33] [Server thread/TRACE] [FML]:   Registry: 44 minecraft:stone_slab net.minecraft.item.ItemSlab@436a563f
[20:56:33] [Server thread/TRACE] [FML]:   Registry: 45 minecraft:brick_block net.minecraft.item.ItemBlock@538e74fc
[20:56:33] [Server thread/TRACE] [FML]:   Registry: 46 minecraft:tnt net.minecraft.item.ItemBlock@7ecb9e17
[20:56:33] [Server thread/TRACE] [FML]:   Registry: 47 minecraft:bookshelf net.minecraft.item.ItemBlock@6475e778
[20:56:33] [Server thread/TRACE] [FML]:   Registry: 48 minecraft:mossy_cobblestone net.minecraft.item.ItemBlock@75bf9e67
[20:56:33] [Server thread/TRACE] [FML]:   Registry: 49 minecraft:obsidian net.minecraft.item.ItemBlock@55b62db8
[20:56:33] [Server thread/TRACE] [FML]:   Registry: 50 minecraft:torch net.minecraft.item.ItemBlock@772f3a3f
[20:56:33] [Server thread/TRACE] [FML]:   Registry: 52 minecraft:mob_spawner net.minecraft.item.ItemBlock@76e00bdb
[20:56:33] [Server thread/TRACE] [FML]:   Registry: 53 minecraft:oak_stairs net.minecraft.item.ItemBlock@7ee2423
[20:56:33] [Server thread/TRACE] [FML]:   Registry: 54 minecraft:chest net.minecraft.item.ItemBlock@343d1d25
[20:56:33] [Server thread/TRACE] [FML]:   Registry: 56 minecraft:diamond_ore net.minecraft.item.ItemBlock@762da62b
[20:56:33] [Server thread/TRACE] [FML]:   Registry: 57 minecraft:diamond_block net.minecraft.item.ItemBlock@e5c5e6
[20:56:33] [Server thread/TRACE] [FML]:   Registry: 58 minecraft:crafting_table net.minecraft.item.ItemBlock@76dc36e5
[20:56:33] [Server thread/TRACE] [FML]:   Registry: 60 minecraft:farmland net.minecraft.item.ItemBlock@2a54c92e
[20:56:33] [Server thread/TRACE] [FML]:   Registry: 61 minecraft:furnace net.minecraft.item.ItemBlock@31533eb1
[20:56:33] [Server thread/TRACE] [FML]:   Registry: 65 minecraft:ladder net.minecraft.item.ItemBlock@1fb71788
[20:56:33] [Server thread/TRACE] [FML]:   Registry: 66 minecraft:rail net.minecraft.item.ItemBlock@8cb7185
[20:56:33] [Server thread/TRACE] [FML]:   Registry: 67 minecraft:stone_stairs net.minecraft.item.ItemBlock@4dac40b
[20:56:33] [Server thread/TRACE] [FML]:   Registry: 69 minecraft:lever net.minecraft.item.ItemBlock@2c54c497
[20:56:33] [Server thread/TRACE] [FML]:   Registry: 70 minecraft:stone_pressure_plate net.minecraft.item.ItemBlock@b788dc2
[20:56:33] [Server thread/TRACE] [FML]:   Registry: 72 minecraft:wooden_pressure_plate net.minecraft.item.ItemBlock@58ec8271
[20:56:33] [Server thread/TRACE] [FML]:   Registry: 73 minecraft:redstone_ore net.minecraft.item.ItemBlock@a44effb
[20:56:33] [Server thread/TRACE] [FML]:   Registry: 76 minecraft:redstone_torch net.minecraft.item.ItemBlock@3ee258
[20:56:33] [Server thread/TRACE] [FML]:   Registry: 77 minecraft:stone_button net.minecraft.item.ItemBlock@4f676900
[20:56:33] [Server thread/TRACE] [FML]:   Registry: 78 minecraft:snow_layer net.minecraft.item.ItemSnow@5eb2972f
[20:56:33] [Server thread/TRACE] [FML]:   Registry: 79 minecraft:ice net.minecraft.item.ItemBlock@29699283
[20:56:33] [Server thread/TRACE] [FML]:   Registry: 80 minecraft:snow net.minecraft.item.ItemBlock@5d32c1c7
[20:56:33] [Server thread/TRACE] [FML]:   Registry: 81 minecraft:cactus net.minecraft.item.ItemBlock@a6dffdb
[20:56:33] [Server thread/TRACE] [FML]:   Registry: 82 minecraft:clay net.minecraft.item.ItemBlock@40ac0a56
[20:56:33] [Server thread/TRACE] [FML]:   Registry: 84 minecraft:jukebox net.minecraft.item.ItemBlock@25b4754a
[20:56:33] [Server thread/TRACE] [FML]:   Registry: 85 minecraft:fence net.minecraft.item.ItemBlock@6ec3a4c2
[20:56:33] [Server thread/TRACE] [FML]:   Registry: 86 minecraft:pumpkin net.minecraft.item.ItemBlock@c4551c6
[20:56:33] [Server thread/TRACE] [FML]:   Registry: 87 minecraft:netherrack net.minecraft.item.ItemBlock@3a3316b6
[20:56:33] [Server thread/TRACE] [FML]:   Registry: 88 minecraft:soul_sand net.minecraft.item.ItemBlock@4db46344
[20:56:33] [Server thread/TRACE] [FML]:   Registry: 89 minecraft:glowstone net.minecraft.item.ItemBlock@56c6d515
[20:56:33] [Server thread/TRACE] [FML]:   Registry: 91 minecraft:lit_pumpkin net.minecraft.item.ItemBlock@702b656a
[20:56:33] [Server thread/TRACE] [FML]:   Registry: 95 minecraft:stained_glass net.minecraft.item.ItemCloth@1fc3df43
[20:56:33] [Server thread/TRACE] [FML]:   Registry: 96 minecraft:trapdoor net.minecraft.item.ItemBlock@528f5b7f
[20:56:33] [Server thread/TRACE] [FML]:   Registry: 97 minecraft:monster_egg net.minecraft.item.ItemMultiTexture@5f166f2e
[20:56:33] [Server thread/TRACE] [FML]:   Registry: 98 minecraft:stonebrick net.minecraft.item.ItemMultiTexture@d512c1
[20:56:33] [Server thread/TRACE] [FML]:   Registry: 99 minecraft:brown_mushroom_block net.minecraft.item.ItemBlock@578b2dec
[20:56:33] [Server thread/TRACE] [FML]:   Registry: 100 minecraft:red_mushroom_block net.minecraft.item.ItemBlock@66863941
[20:56:33] [Server thread/TRACE] [FML]:   Registry: 101 minecraft:iron_bars net.minecraft.item.ItemBlock@39f4a7c4
[20:56:33] [Server thread/TRACE] [FML]:   Registry: 102 minecraft:glass_pane net.minecraft.item.ItemBlock@111fe921
[20:56:33] [Server thread/TRACE] [FML]:   Registry: 103 minecraft:melon_block net.minecraft.item.ItemBlock@1ff542a3
[20:56:33] [Server thread/TRACE] [FML]:   Registry: 106 minecraft:vine net.minecraft.item.ItemColored@48ee3c2d
[20:56:33] [Server thread/TRACE] [FML]:   Registry: 107 minecraft:fence_gate net.minecraft.item.ItemBlock@54387873
[20:56:33] [Server thread/TRACE] [FML]:   Registry: 108 minecraft:brick_stairs net.minecraft.item.ItemBlock@39afe59f
[20:56:33] [Server thread/TRACE] [FML]:   Registry: 109 minecraft:stone_brick_stairs net.minecraft.item.ItemBlock@16f34376
[20:56:33] [Server thread/TRACE] [FML]:   Registry: 110 minecraft:mycelium net.minecraft.item.ItemBlock@4ede035e
[20:56:33] [Server thread/TRACE] [FML]:   Registry: 111 minecraft:waterlily net.minecraft.item.ItemLilyPad@4272d8cf
[20:56:33] [Server thread/TRACE] [FML]:   Registry: 112 minecraft:nether_brick net.minecraft.item.ItemBlock@4e96cb04
[20:56:33] [Server thread/TRACE] [FML]:   Registry: 113 minecraft:nether_brick_fence net.minecraft.item.ItemBlock@70ecf57b
[20:56:33] [Server thread/TRACE] [FML]:   Registry: 114 minecraft:nether_brick_stairs net.minecraft.item.ItemBlock@4e5364a3
[20:56:33] [Server thread/TRACE] [FML]:   Registry: 116 minecraft:enchanting_table net.minecraft.item.ItemBlock@1a336906
[20:56:33] [Server thread/TRACE] [FML]:   Registry: 120 minecraft:end_portal_frame net.minecraft.item.ItemBlock@62054faf
[20:56:33] [Server thread/TRACE] [FML]:   Registry: 121 minecraft:end_stone net.minecraft.item.ItemBlock@75d539b9
[20:56:33] [Server thread/TRACE] [FML]:   Registry: 122 minecraft:dragon_egg net.minecraft.item.ItemBlock@210c1b9d
[20:56:33] [Server thread/TRACE] [FML]:   Registry: 123 minecraft:redstone_lamp net.minecraft.item.ItemBlock@69bc4024
[20:56:33] [Server thread/TRACE] [FML]:   Registry: 126 minecraft:wooden_slab net.minecraft.item.ItemSlab@3578a45b
[20:56:33] [Server thread/TRACE] [FML]:   Registry: 128 minecraft:sandstone_stairs net.minecraft.item.ItemBlock@24f177f5
[20:56:33] [Server thread/TRACE] [FML]:   Registry: 129 minecraft:emerald_ore net.minecraft.item.ItemBlock@65e05005
[20:56:33] [Server thread/TRACE] [FML]:   Registry: 130 minecraft:ender_chest net.minecraft.item.ItemBlock@6ed691fd
[20:56:33] [Server thread/TRACE] [FML]:   Registry: 131 minecraft:tripwire_hook net.minecraft.item.ItemBlock@1efcba00
[20:56:33] [Server thread/TRACE] [FML]:   Registry: 133 minecraft:emerald_block net.minecraft.item.ItemBlock@311d28f5
[20:56:33] [Server thread/TRACE] [FML]:   Registry: 134 minecraft:spruce_stairs net.minecraft.item.ItemBlock@569a26ab
[20:56:33] [Server thread/TRACE] [FML]:   Registry: 135 minecraft:birch_stairs net.minecraft.item.ItemBlock@c190cfc
[20:56:33] [Server thread/TRACE] [FML]:   Registry: 136 minecraft:jungle_stairs net.minecraft.item.ItemBlock@77ce8bc5
[20:56:33] [Server thread/TRACE] [FML]:   Registry: 137 minecraft:command_block net.minecraft.item.ItemBlock@2fcc5f49
[20:56:33] [Server thread/TRACE] [FML]:   Registry: 138 minecraft:beacon net.minecraft.item.ItemBlock@28e48b65
[20:56:33] [Server thread/TRACE] [FML]:   Registry: 139 minecraft:cobblestone_wall net.minecraft.item.ItemMultiTexture@2e0516a3
[20:56:33] [Server thread/TRACE] [FML]:   Registry: 143 minecraft:wooden_button net.minecraft.item.ItemBlock@32a4ea4e
[20:56:33] [Server thread/TRACE] [FML]:   Registry: 145 minecraft:anvil net.minecraft.item.ItemAnvilBlock@70439c3
[20:56:33] [Server thread/TRACE] [FML]:   Registry: 146 minecraft:trapped_chest net.minecraft.item.ItemBlock@72a33316
[20:56:33] [Server thread/TRACE] [FML]:   Registry: 147 minecraft:light_weighted_pressure_plate net.minecraft.item.ItemBlock@57fce8b
[20:56:33] [Server thread/TRACE] [FML]:   Registry: 148 minecraft:heavy_weighted_pressure_plate net.minecraft.item.ItemBlock@77204651
[20:56:33] [Server thread/TRACE] [FML]:   Registry: 151 minecraft:daylight_detector net.minecraft.item.ItemBlock@51cca357
[20:56:33] [Server thread/TRACE] [FML]:   Registry: 152 minecraft:redstone_block net.minecraft.item.ItemBlock@3a9c11fb
[20:56:33] [Server thread/TRACE] [FML]:   Registry: 153 minecraft:quartz_ore net.minecraft.item.ItemBlock@416c8bb5
[20:56:33] [Server thread/TRACE] [FML]:   Registry: 154 minecraft:hopper net.minecraft.item.ItemBlock@340b4f07
[20:56:33] [Server thread/TRACE] [FML]:   Registry: 155 minecraft:quartz_block net.minecraft.item.ItemMultiTexture@e994ca
[20:56:33] [Server thread/TRACE] [FML]:   Registry: 156 minecraft:quartz_stairs net.minecraft.item.ItemBlock@5a205ee5
[20:56:33] [Server thread/TRACE] [FML]:   Registry: 157 minecraft:activator_rail net.minecraft.item.ItemBlock@7fb44737
[20:56:33] [Server thread/TRACE] [FML]:   Registry: 158 minecraft:dropper net.minecraft.item.ItemBlock@11295cb1
[20:56:33] [Server thread/TRACE] [FML]:   Registry: 159 minecraft:stained_hardened_clay net.minecraft.item.ItemCloth@5daad59a
[20:56:33] [Server thread/TRACE] [FML]:   Registry: 160 minecraft:stained_glass_pane net.minecraft.item.ItemCloth@15130002
[20:56:33] [Server thread/TRACE] [FML]:   Registry: 161 minecraft:leaves2 net.minecraft.item.ItemLeaves@4e9e0c6
[20:56:33] [Server thread/TRACE] [FML]:   Registry: 162 minecraft:log2 net.minecraft.item.ItemMultiTexture@714c74eb
[20:56:33] [Server thread/TRACE] [FML]:   Registry: 163 minecraft:acacia_stairs net.minecraft.item.ItemBlock@350342e0
[20:56:33] [Server thread/TRACE] [FML]:   Registry: 164 minecraft:dark_oak_stairs net.minecraft.item.ItemBlock@5d297d4d
[20:56:33] [Server thread/TRACE] [FML]:   Registry: 165 minecraft:slime net.minecraft.item.ItemBlock@1dd44289
[20:56:33] [Server thread/TRACE] [FML]:   Registry: 166 minecraft:barrier net.minecraft.item.ItemBlock@5256fbc
[20:56:33] [Server thread/TRACE] [FML]:   Registry: 167 minecraft:iron_trapdoor net.minecraft.item.ItemBlock@58f50dd0
[20:56:33] [Server thread/TRACE] [FML]:   Registry: 168 minecraft:prismarine net.minecraft.item.ItemMultiTexture@526893f
[20:56:33] [Server thread/TRACE] [FML]:   Registry: 169 minecraft:sea_lantern net.minecraft.item.ItemBlock@3de45b6c
[20:56:33] [Server thread/TRACE] [FML]:   Registry: 170 minecraft:hay_block net.minecraft.item.ItemBlock@3620eab
[20:56:33] [Server thread/TRACE] [FML]:   Registry: 171 minecraft:carpet net.minecraft.item.ItemCloth@8ef1d58
[20:56:33] [Server thread/TRACE] [FML]:   Registry: 172 minecraft:hardened_clay net.minecraft.item.ItemBlock@2619cb76
[20:56:33] [Server thread/TRACE] [FML]:   Registry: 173 minecraft:coal_block net.minecraft.item.ItemBlock@56f2c9e8
[20:56:33] [Server thread/TRACE] [FML]:   Registry: 174 minecraft:packed_ice net.minecraft.item.ItemBlock@457692cb
[20:56:33] [Server thread/TRACE] [FML]:   Registry: 175 minecraft:double_plant net.minecraft.item.ItemMultiTexture@2d0f548a
[20:56:33] [Server thread/TRACE] [FML]:   Registry: 179 minecraft:red_sandstone net.minecraft.item.ItemMultiTexture@5599dc60
[20:56:33] [Server thread/TRACE] [FML]:   Registry: 180 minecraft:red_sandstone_stairs net.minecraft.item.ItemBlock@35554635
[20:56:33] [Server thread/TRACE] [FML]:   Registry: 182 minecraft:stone_slab2 net.minecraft.item.ItemSlab@70f5f59d
[20:56:33] [Server thread/TRACE] [FML]:   Registry: 183 minecraft:spruce_fence_gate net.minecraft.item.ItemBlock@3a80c534
[20:56:33] [Server thread/TRACE] [FML]:   Registry: 184 minecraft:birch_fence_gate net.minecraft.item.ItemBlock@fd5689d
[20:56:33] [Server thread/TRACE] [FML]:   Registry: 185 minecraft:jungle_fence_gate net.minecraft.item.ItemBlock@36e3321e
[20:56:33] [Server thread/TRACE] [FML]:   Registry: 186 minecraft:dark_oak_fence_gate net.minecraft.item.ItemBlock@218f2f51
[20:56:33] [Server thread/TRACE] [FML]:   Registry: 187 minecraft:acacia_fence_gate net.minecraft.item.ItemBlock@1d9af731
[20:56:33] [Server thread/TRACE] [FML]:   Registry: 188 minecraft:spruce_fence net.minecraft.item.ItemBlock@bb50de6
[20:56:33] [Server thread/TRACE] [FML]:   Registry: 189 minecraft:birch_fence net.minecraft.item.ItemBlock@2b6b487c
[20:56:33] [Server thread/TRACE] [FML]:   Registry: 190 minecraft:jungle_fence net.minecraft.item.ItemBlock@2d73767e
[20:56:33] [Server thread/TRACE] [FML]:   Registry: 191 minecraft:dark_oak_fence net.minecraft.item.ItemBlock@5e6522a6
[20:56:33] [Server thread/TRACE] [FML]:   Registry: 192 minecraft:acacia_fence net.minecraft.item.ItemBlock@7d1cdeb1
[20:56:33] [Server thread/TRACE] [FML]:   Registry: 198 minecraft:end_rod net.minecraft.item.ItemBlock@3caa4d85
[20:56:33] [Server thread/TRACE] [FML]:   Registry: 199 minecraft:chorus_plant net.minecraft.item.ItemBlock@356fa0d1
[20:56:33] [Server thread/TRACE] [FML]:   Registry: 200 minecraft:chorus_flower net.minecraft.item.ItemBlock@51508029
[20:56:33] [Server thread/TRACE] [FML]:   Registry: 201 minecraft:purpur_block net.minecraft.item.ItemBlock@5f20b6fe
[20:56:33] [Server thread/TRACE] [FML]:   Registry: 202 minecraft:purpur_pillar net.minecraft.item.ItemBlock@31880efa
[20:56:33] [Server thread/TRACE] [FML]:   Registry: 203 minecraft:purpur_stairs net.minecraft.item.ItemBlock@79295932
[20:56:33] [Server thread/TRACE] [FML]:   Registry: 205 minecraft:purpur_slab net.minecraft.item.ItemSlab@2cadcff6
[20:56:33] [Server thread/TRACE] [FML]:   Registry: 206 minecraft:end_bricks net.minecraft.item.ItemBlock@20f63ddc
[20:56:33] [Server thread/TRACE] [FML]:   Registry: 208 minecraft:grass_path net.minecraft.item.ItemBlock@6cc56b32
[20:56:33] [Server thread/TRACE] [FML]:   Registry: 210 minecraft:repeating_command_block net.minecraft.item.ItemBlock@74431832
[20:56:33] [Server thread/TRACE] [FML]:   Registry: 211 minecraft:chain_command_block net.minecraft.item.ItemBlock@6fa2a006
[20:56:33] [Server thread/TRACE] [FML]:   Registry: 213 minecraft:magma net.minecraft.item.ItemBlock@70592729
[20:56:33] [Server thread/TRACE] [FML]:   Registry: 214 minecraft:nether_wart_block net.minecraft.item.ItemBlock@2fdf7da2
[20:56:33] [Server thread/TRACE] [FML]:   Registry: 215 minecraft:red_nether_brick net.minecraft.item.ItemBlock@43b172e3
[20:56:33] [Server thread/TRACE] [FML]:   Registry: 216 minecraft:bone_block net.minecraft.item.ItemBlock@39695803
[20:56:33] [Server thread/TRACE] [FML]:   Registry: 217 minecraft:structure_void net.minecraft.item.ItemBlock@304068
[20:56:33] [Server thread/TRACE] [FML]:   Registry: 218 minecraft:observer net.minecraft.item.ItemBlock@54d60fa1
[20:56:33] [Server thread/TRACE] [FML]:   Registry: 219 minecraft:white_shulker_box net.minecraft.item.ItemShulkerBox@6fe2a366
[20:56:33] [Server thread/TRACE] [FML]:   Registry: 220 minecraft:orange_shulker_box net.minecraft.item.ItemShulkerBox@6dd38df2
[20:56:33] [Server thread/TRACE] [FML]:   Registry: 221 minecraft:magenta_shulker_box net.minecraft.item.ItemShulkerBox@99c3cee
[20:56:33] [Server thread/TRACE] [FML]:   Registry: 222 minecraft:light_blue_shulker_box net.minecraft.item.ItemShulkerBox@57b711b6
[20:56:33] [Server thread/TRACE] [FML]:   Registry: 223 minecraft:yellow_shulker_box net.minecraft.item.ItemShulkerBox@2db461b5
[20:56:33] [Server thread/TRACE] [FML]:   Registry: 224 minecraft:lime_shulker_box net.minecraft.item.ItemShulkerBox@5c79c5ec
[20:56:33] [Server thread/TRACE] [FML]:   Registry: 225 minecraft:pink_shulker_box net.minecraft.item.ItemShulkerBox@34eaf9c1
[20:56:33] [Server thread/TRACE] [FML]:   Registry: 226 minecraft:gray_shulker_box net.minecraft.item.ItemShulkerBox@5bbf744b
[20:56:33] [Server thread/TRACE] [FML]:   Registry: 227 minecraft:silver_shulker_box net.minecraft.item.ItemShulkerBox@55881f40
[20:56:33] [Server thread/TRACE] [FML]:   Registry: 228 minecraft:cyan_shulker_box net.minecraft.item.ItemShulkerBox@474ce6b8
[20:56:33] [Server thread/TRACE] [FML]:   Registry: 229 minecraft:purple_shulker_box net.minecraft.item.ItemShulkerBox@248b2b61
[20:56:33] [Server thread/TRACE] [FML]:   Registry: 230 minecraft:blue_shulker_box net.minecraft.item.ItemShulkerBox@4b61e97
[20:56:33] [Server thread/TRACE] [FML]:   Registry: 231 minecraft:brown_shulker_box net.minecraft.item.ItemShulkerBox@11d1735e
[20:56:33] [Server thread/TRACE] [FML]:   Registry: 232 minecraft:green_shulker_box net.minecraft.item.ItemShulkerBox@31082efa
[20:56:33] [Server thread/TRACE] [FML]:   Registry: 233 minecraft:red_shulker_box net.minecraft.item.ItemShulkerBox@4ca5cb99
[20:56:33] [Server thread/TRACE] [FML]:   Registry: 234 minecraft:black_shulker_box net.minecraft.item.ItemShulkerBox@7853363c
[20:56:33] [Server thread/TRACE] [FML]:   Registry: 235 minecraft:white_glazed_terracotta net.minecraft.item.ItemBlock@6282f1eb
[20:56:33] [Server thread/TRACE] [FML]:   Registry: 236 minecraft:orange_glazed_terracotta net.minecraft.item.ItemBlock@120d6cbf
[20:56:33] [Server thread/TRACE] [FML]:   Registry: 237 minecraft:magenta_glazed_terracotta net.minecraft.item.ItemBlock@70169464
[20:56:33] [Server thread/TRACE] [FML]:   Registry: 238 minecraft:light_blue_glazed_terracotta net.minecraft.item.ItemBlock@1115be8c
[20:56:33] [Server thread/TRACE] [FML]:   Registry: 239 minecraft:yellow_glazed_terracotta net.minecraft.item.ItemBlock@64ed18ec
[20:56:33] [Server thread/TRACE] [FML]:   Registry: 240 minecraft:lime_glazed_terracotta net.minecraft.item.ItemBlock@1dfcf85a
[20:56:33] [Server thread/TRACE] [FML]:   Registry: 241 minecraft:pink_glazed_terracotta net.minecraft.item.ItemBlock@590dea35
[20:56:33] [Server thread/TRACE] [FML]:   Registry: 242 minecraft:gray_glazed_terracotta net.minecraft.item.ItemBlock@6550ce46
[20:56:33] [Server thread/TRACE] [FML]:   Registry: 243 minecraft:silver_glazed_terracotta net.minecraft.item.ItemBlock@69f69078
[20:56:33] [Server thread/TRACE] [FML]:   Registry: 244 minecraft:cyan_glazed_terracotta net.minecraft.item.ItemBlock@13b29b34
[20:56:33] [Server thread/TRACE] [FML]:   Registry: 245 minecraft:purple_glazed_terracotta net.minecraft.item.ItemBlock@25589735
[20:56:33] [Server thread/TRACE] [FML]:   Registry: 246 minecraft:blue_glazed_terracotta net.minecraft.item.ItemBlock@46994f26
[20:56:33] [Server thread/TRACE] [FML]:   Registry: 247 minecraft:brown_glazed_terracotta net.minecraft.item.ItemBlock@1bb172dd
[20:56:33] [Server thread/TRACE] [FML]:   Registry: 248 minecraft:green_glazed_terracotta net.minecraft.item.ItemBlock@1cdd31a4
[20:56:33] [Server thread/TRACE] [FML]:   Registry: 249 minecraft:red_glazed_terracotta net.minecraft.item.ItemBlock@7dddfc35
[20:56:33] [Server thread/TRACE] [FML]:   Registry: 250 minecraft:black_glazed_terracotta net.minecraft.item.ItemBlock@71316cd7
[20:56:33] [Server thread/TRACE] [FML]:   Registry: 251 minecraft:concrete net.minecraft.item.ItemCloth@6106dfb6
[20:56:33] [Server thread/TRACE] [FML]:   Registry: 252 minecraft:concrete_powder net.minecraft.item.ItemCloth@14239223
[20:56:33] [Server thread/TRACE] [FML]:   Registry: 255 minecraft:structure_block net.minecraft.item.ItemBlock@68df8c6
[20:56:33] [Server thread/TRACE] [FML]:   Registry: 256 minecraft:iron_shovel net.minecraft.item.ItemSpade@a1cb94
[20:56:33] [Server thread/TRACE] [FML]:   Registry: 257 minecraft:iron_pickaxe net.minecraft.item.ItemPickaxe@37f41a81
[20:56:33] [Server thread/TRACE] [FML]:   Registry: 258 minecraft:iron_axe net.minecraft.item.ItemAxe@49bb808f
[20:56:33] [Server thread/TRACE] [FML]:   Registry: 259 minecraft:flint_and_steel net.minecraft.item.ItemFlintAndSteel@185339ed
[20:56:33] [Server thread/TRACE] [FML]:   Registry: 260 minecraft:apple net.minecraft.item.ItemFood@2c7375da
[20:56:33] [Server thread/TRACE] [FML]:   Registry: 261 minecraft:bow net.minecraft.item.ItemBow@45eacb70
[20:56:33] [Server thread/TRACE] [FML]:   Registry: 262 minecraft:arrow net.minecraft.item.ItemArrow@b339a08
[20:56:33] [Server thread/TRACE] [FML]:   Registry: 263 minecraft:coal net.minecraft.item.ItemCoal@6f65aa58
[20:56:33] [Server thread/TRACE] [FML]:   Registry: 264 minecraft:diamond net.minecraft.item.Item@749f61a3
[20:56:33] [Server thread/TRACE] [FML]:   Registry: 265 minecraft:iron_ingot net.minecraft.item.Item@36d7a68a
[20:56:33] [Server thread/TRACE] [FML]:   Registry: 266 minecraft:gold_ingot net.minecraft.item.Item@42dd7d82
[20:56:33] [Server thread/TRACE] [FML]:   Registry: 267 minecraft:iron_sword net.minecraft.item.ItemSword@6ceb11f9
[20:56:33] [Server thread/TRACE] [FML]:   Registry: 268 minecraft:wooden_sword net.minecraft.item.ItemSword@4d664323
[20:56:33] [Server thread/TRACE] [FML]:   Registry: 269 minecraft:wooden_shovel net.minecraft.item.ItemSpade@27ec0d06
[20:56:33] [Server thread/TRACE] [FML]:   Registry: 270 minecraft:wooden_pickaxe net.minecraft.item.ItemPickaxe@2676d96a
[20:56:33] [Server thread/TRACE] [FML]:   Registry: 271 minecraft:wooden_axe net.minecraft.item.ItemAxe@12266084
[20:56:33] [Server thread/TRACE] [FML]:   Registry: 272 minecraft:stone_sword net.minecraft.item.ItemSword@6da646b8
[20:56:33] [Server thread/TRACE] [FML]:   Registry: 273 minecraft:stone_shovel net.minecraft.item.ItemSpade@2a65e237
[20:56:33] [Server thread/TRACE] [FML]:   Registry: 274 minecraft:stone_pickaxe net.minecraft.item.ItemPickaxe@3a48c398
[20:56:33] [Server thread/TRACE] [FML]:   Registry: 275 minecraft:stone_axe net.minecraft.item.ItemAxe@1b4ba615
[20:56:33] [Server thread/TRACE] [FML]:   Registry: 276 minecraft:diamond_sword net.minecraft.item.ItemSword@4407b042
[20:56:33] [Server thread/TRACE] [FML]:   Registry: 277 minecraft:diamond_shovel net.minecraft.item.ItemSpade@41f686af
[20:56:33] [Server thread/TRACE] [FML]:   Registry: 278 minecraft:diamond_pickaxe net.minecraft.item.ItemPickaxe@3dded90a
[20:56:33] [Server thread/TRACE] [FML]:   Registry: 279 minecraft:diamond_axe net.minecraft.item.ItemAxe@7be3abaa
[20:56:33] [Server thread/TRACE] [FML]:   Registry: 280 minecraft:stick net.minecraft.item.Item@29f8134
[20:56:33] [Server thread/TRACE] [FML]:   Registry: 281 minecraft:bowl net.minecraft.item.Item@77a9ac36
[20:56:33] [Server thread/TRACE] [FML]:   Registry: 282 minecraft:mushroom_stew net.minecraft.item.ItemSoup@335b3d6
[20:56:33] [Server thread/TRACE] [FML]:   Registry: 283 minecraft:golden_sword net.minecraft.item.ItemSword@3a5ce4b8
[20:56:33] [Server thread/TRACE] [FML]:   Registry: 284 minecraft:golden_shovel net.minecraft.item.ItemSpade@38848217
[20:56:33] [Server thread/TRACE] [FML]:   Registry: 285 minecraft:golden_pickaxe net.minecraft.item.ItemPickaxe@1607d391
[20:56:33] [Server thread/TRACE] [FML]:   Registry: 286 minecraft:golden_axe net.minecraft.item.ItemAxe@38826984
[20:56:33] [Server thread/TRACE] [FML]:   Registry: 287 minecraft:string net.minecraft.item.ItemBlockSpecial@2e1291a4
[20:56:33] [Server thread/TRACE] [FML]:   Registry: 288 minecraft:feather net.minecraft.item.Item@23bd2f6e
[20:56:33] [Server thread/TRACE] [FML]:   Registry: 289 minecraft:gunpowder net.minecraft.item.Item@18e8eb59
[20:56:33] [Server thread/TRACE] [FML]:   Registry: 290 minecraft:wooden_hoe net.minecraft.item.ItemHoe@299eca90
[20:56:33] [Server thread/TRACE] [FML]:   Registry: 291 minecraft:stone_hoe net.minecraft.item.ItemHoe@189633f2
[20:56:33] [Server thread/TRACE] [FML]:   Registry: 292 minecraft:iron_hoe net.minecraft.item.ItemHoe@76b05c0
[20:56:33] [Server thread/TRACE] [FML]:   Registry: 293 minecraft:diamond_hoe net.minecraft.item.ItemHoe@2b974137
[20:56:33] [Server thread/TRACE] [FML]:   Registry: 294 minecraft:golden_hoe net.minecraft.item.ItemHoe@7402c49f
[20:56:33] [Server thread/TRACE] [FML]:   Registry: 295 minecraft:wheat_seeds net.minecraft.item.ItemSeeds@3f1d6a13
[20:56:33] [Server thread/TRACE] [FML]:   Registry: 296 minecraft:wheat net.minecraft.item.Item@7cbf4f8c
[20:56:33] [Server thread/TRACE] [FML]:   Registry: 297 minecraft:bread net.minecraft.item.ItemFood@55c46ec1
[20:56:33] [Server thread/TRACE] [FML]:   Registry: 298 minecraft:leather_helmet net.minecraft.item.ItemArmor@50fd739d
[20:56:33] [Server thread/TRACE] [FML]:   Registry: 299 minecraft:leather_chestplate net.minecraft.item.ItemArmor@5e1d1524
[20:56:33] [Server thread/TRACE] [FML]:   Registry: 300 minecraft:leather_leggings net.minecraft.item.ItemArmor@d0a2c82
[20:56:33] [Server thread/TRACE] [FML]:   Registry: 301 minecraft:leather_boots net.minecraft.item.ItemArmor@430aae8e
[20:56:33] [Server thread/TRACE] [FML]:   Registry: 302 minecraft:chainmail_helmet net.minecraft.item.ItemArmor@78504ce9
[20:56:33] [Server thread/TRACE] [FML]:   Registry: 303 minecraft:chainmail_chestplate net.minecraft.item.ItemArmor@4e52d2f2
[20:56:33] [Server thread/TRACE] [FML]:   Registry: 304 minecraft:chainmail_leggings net.minecraft.item.ItemArmor@12608986
[20:56:33] [Server thread/TRACE] [FML]:   Registry: 305 minecraft:chainmail_boots net.minecraft.item.ItemArmor@4882b9a
[20:56:33] [Server thread/TRACE] [FML]:   Registry: 306 minecraft:iron_helmet net.minecraft.item.ItemArmor@7ec508e6
[20:56:33] [Server thread/TRACE] [FML]:   Registry: 307 minecraft:iron_chestplate net.minecraft.item.ItemArmor@26d8908e
[20:56:33] [Server thread/TRACE] [FML]:   Registry: 308 minecraft:iron_leggings net.minecraft.item.ItemArmor@30e2016a
[20:56:33] [Server thread/TRACE] [FML]:   Registry: 309 minecraft:iron_boots net.minecraft.item.ItemArmor@75f32817
[20:56:33] [Server thread/TRACE] [FML]:   Registry: 310 minecraft:diamond_helmet net.minecraft.item.ItemArmor@23a78c77
[20:56:33] [Server thread/TRACE] [FML]:   Registry: 311 minecraft:diamond_chestplate net.minecraft.item.ItemArmor@4119346d
[20:56:33] [Server thread/TRACE] [FML]:   Registry: 312 minecraft:diamond_leggings net.minecraft.item.ItemArmor@61d09475
[20:56:33] [Server thread/TRACE] [FML]:   Registry: 313 minecraft:diamond_boots net.minecraft.item.ItemArmor@d0fabc8
[20:56:33] [Server thread/TRACE] [FML]:   Registry: 314 minecraft:golden_helmet net.minecraft.item.ItemArmor@12d44a2a
[20:56:33] [Server thread/TRACE] [FML]:   Registry: 315 minecraft:golden_chestplate net.minecraft.item.ItemArmor@1a66be41
[20:56:33] [Server thread/TRACE] [FML]:   Registry: 316 minecraft:golden_leggings net.minecraft.item.ItemArmor@7f70e244
[20:56:33] [Server thread/TRACE] [FML]:   Registry: 317 minecraft:golden_boots net.minecraft.item.ItemArmor@fd14789
[20:56:33] [Server thread/TRACE] [FML]:   Registry: 318 minecraft:flint net.minecraft.item.Item@3f64d943
[20:56:33] [Server thread/TRACE] [FML]:   Registry: 319 minecraft:porkchop net.minecraft.item.ItemFood@105ffc58
[20:56:33] [Server thread/TRACE] [FML]:   Registry: 320 minecraft:cooked_porkchop net.minecraft.item.ItemFood@68454ed5
[20:56:33] [Server thread/TRACE] [FML]:   Registry: 321 minecraft:painting net.minecraft.item.ItemHangingEntity@1bb4c431
[20:56:33] [Server thread/TRACE] [FML]:   Registry: 322 minecraft:golden_apple net.minecraft.item.ItemAppleGold@56b66a26
[20:56:33] [Server thread/TRACE] [FML]:   Registry: 323 minecraft:sign net.minecraft.item.ItemSign@6dbb3d7d
[20:56:33] [Server thread/TRACE] [FML]:   Registry: 324 minecraft:wooden_door net.minecraft.item.ItemDoor@16f4a3c0
[20:56:33] [Server thread/TRACE] [FML]:   Registry: 325 minecraft:bucket net.minecraft.item.ItemBucket@69d7bc1a
[20:56:33] [Server thread/TRACE] [FML]:   Registry: 326 minecraft:water_bucket net.minecraft.item.ItemBucket@cb318ac
[20:56:33] [Server thread/TRACE] [FML]:   Registry: 327 minecraft:lava_bucket net.minecraft.item.ItemBucket@6e668322
[20:56:33] [Server thread/TRACE] [FML]:   Registry: 328 minecraft:minecart net.minecraft.item.ItemMinecart@4cef0747
[20:56:33] [Server thread/TRACE] [FML]:   Registry: 329 minecraft:saddle net.minecraft.item.ItemSaddle@4e10a320
[20:56:33] [Server thread/TRACE] [FML]:   Registry: 330 minecraft:iron_door net.minecraft.item.ItemDoor@773f3360
[20:56:33] [Server thread/TRACE] [FML]:   Registry: 331 minecraft:redstone net.minecraft.item.ItemRedstone@5d68954d
[20:56:33] [Server thread/TRACE] [FML]:   Registry: 332 minecraft:snowball net.minecraft.item.ItemSnowball@1f6f0fe2
[20:56:33] [Server thread/TRACE] [FML]:   Registry: 333 minecraft:boat net.minecraft.item.ItemBoat@41f7c02d
[20:56:33] [Server thread/TRACE] [FML]:   Registry: 334 minecraft:leather net.minecraft.item.Item@66314fee
[20:56:33] [Server thread/TRACE] [FML]:   Registry: 335 minecraft:milk_bucket net.minecraft.item.ItemBucketMilk@3d718248
[20:56:33] [Server thread/TRACE] [FML]:   Registry: 336 minecraft:brick net.minecraft.item.Item@2cdb5974
[20:56:33] [Server thread/TRACE] [FML]:   Registry: 337 minecraft:clay_ball net.minecraft.item.Item@8aa5ab4
[20:56:33] [Server thread/TRACE] [FML]:   Registry: 338 minecraft:reeds net.minecraft.item.ItemBlockSpecial@53e4a19e
[20:56:33] [Server thread/TRACE] [FML]:   Registry: 339 minecraft:paper net.minecraft.item.Item@62360a68
[20:56:33] [Server thread/TRACE] [FML]:   Registry: 340 minecraft:book net.minecraft.item.ItemBook@7962a746
[20:56:33] [Server thread/TRACE] [FML]:   Registry: 341 minecraft:slime_ball net.minecraft.item.Item@1c31de5d
[20:56:33] [Server thread/TRACE] [FML]:   Registry: 342 minecraft:chest_minecart net.minecraft.item.ItemMinecart@7a7f9d45
[20:56:33] [Server thread/TRACE] [FML]:   Registry: 343 minecraft:furnace_minecart net.minecraft.item.ItemMinecart@772cf46b
[20:56:33] [Server thread/TRACE] [FML]:   Registry: 344 minecraft:egg net.minecraft.item.ItemEgg@6bdedbbd
[20:56:33] [Server thread/TRACE] [FML]:   Registry: 345 minecraft:compass net.minecraft.item.ItemCompass@380e33c2
[20:56:33] [Server thread/TRACE] [FML]:   Registry: 346 minecraft:fishing_rod net.minecraft.item.ItemFishingRod@8d29719
[20:56:33] [Server thread/TRACE] [FML]:   Registry: 347 minecraft:clock net.minecraft.item.ItemClock@73ddb7ef
[20:56:33] [Server thread/TRACE] [FML]:   Registry: 348 minecraft:glowstone_dust net.minecraft.item.Item@67f8f5a6
[20:56:33] [Server thread/TRACE] [FML]:   Registry: 349 minecraft:fish net.minecraft.item.ItemFishFood@ba0018e
[20:56:33] [Server thread/TRACE] [FML]:   Registry: 350 minecraft:cooked_fish net.minecraft.item.ItemFishFood@45311a99
[20:56:33] [Server thread/TRACE] [FML]:   Registry: 351 minecraft:dye net.minecraft.item.ItemDye@64eeddd8
[20:56:33] [Server thread/TRACE] [FML]:   Registry: 352 minecraft:bone net.minecraft.item.Item@10f8e2d2
[20:56:33] [Server thread/TRACE] [FML]:   Registry: 353 minecraft:sugar net.minecraft.item.Item@66048ac4
[20:56:33] [Server thread/TRACE] [FML]:   Registry: 354 minecraft:cake net.minecraft.item.ItemBlockSpecial@4f525e13
[20:56:33] [Server thread/TRACE] [FML]:   Registry: 355 minecraft:bed net.minecraft.item.ItemBed@4a58e0e9
[20:56:33] [Server thread/TRACE] [FML]:   Registry: 356 minecraft:repeater net.minecraft.item.ItemBlockSpecial@e8c84eb
[20:56:33] [Server thread/TRACE] [FML]:   Registry: 357 minecraft:cookie net.minecraft.item.ItemFood@f44d033
[20:56:33] [Server thread/TRACE] [FML]:   Registry: 358 minecraft:filled_map net.minecraft.item.ItemMap@3a8b9458
[20:56:33] [Server thread/TRACE] [FML]:   Registry: 359 minecraft:shears net.minecraft.item.ItemShears@295f2d1b
[20:56:33] [Server thread/TRACE] [FML]:   Registry: 360 minecraft:melon net.minecraft.item.ItemFood@65015a49
[20:56:33] [Server thread/TRACE] [FML]:   Registry: 361 minecraft:pumpkin_seeds net.minecraft.item.ItemSeeds@44e08a7a
[20:56:33] [Server thread/TRACE] [FML]:   Registry: 362 minecraft:melon_seeds net.minecraft.item.ItemSeeds@78bd02c8
[20:56:33] [Server thread/TRACE] [FML]:   Registry: 363 minecraft:beef net.minecraft.item.ItemFood@28dacf31
[20:56:33] [Server thread/TRACE] [FML]:   Registry: 364 minecraft:cooked_beef net.minecraft.item.ItemFood@47e60b71
[20:56:33] [Server thread/TRACE] [FML]:   Registry: 365 minecraft:chicken net.minecraft.item.ItemFood@27a90ce5
[20:56:33] [Server thread/TRACE] [FML]:   Registry: 366 minecraft:cooked_chicken net.minecraft.item.ItemFood@77f4038c
[20:56:33] [Server thread/TRACE] [FML]:   Registry: 367 minecraft:rotten_flesh net.minecraft.item.ItemFood@49a06087
[20:56:33] [Server thread/TRACE] [FML]:   Registry: 368 minecraft:ender_pearl net.minecraft.item.ItemEnderPearl@3ff26c9
[20:56:33] [Server thread/TRACE] [FML]:   Registry: 369 minecraft:blaze_rod net.minecraft.item.Item@2ecdcfe3
[20:56:33] [Server thread/TRACE] [FML]:   Registry: 370 minecraft:ghast_tear net.minecraft.item.Item@65b73689
[20:56:33] [Server thread/TRACE] [FML]:   Registry: 371 minecraft:gold_nugget net.minecraft.item.Item@2047adea
[20:56:33] [Server thread/TRACE] [FML]:   Registry: 372 minecraft:nether_wart net.minecraft.item.ItemSeeds@5af40e45
[20:56:33] [Server thread/TRACE] [FML]:   Registry: 373 minecraft:potion net.minecraft.item.ItemPotion@46591e98
[20:56:33] [Server thread/TRACE] [FML]:   Registry: 374 minecraft:glass_bottle net.minecraft.item.ItemGlassBottle@3b56947a
[20:56:33] [Server thread/TRACE] [FML]:   Registry: 375 minecraft:spider_eye net.minecraft.item.ItemFood@1926f962
[20:56:33] [Server thread/TRACE] [FML]:   Registry: 376 minecraft:fermented_spider_eye net.minecraft.item.Item@62794582
[20:56:33] [Server thread/TRACE] [FML]:   Registry: 377 minecraft:blaze_powder net.minecraft.item.Item@c82ad22
[20:56:33] [Server thread/TRACE] [FML]:   Registry: 378 minecraft:magma_cream net.minecraft.item.Item@3f80d8c
[20:56:33] [Server thread/TRACE] [FML]:   Registry: 379 minecraft:brewing_stand net.minecraft.item.ItemBlockSpecial@2d3b0978
[20:56:33] [Server thread/TRACE] [FML]:   Registry: 380 minecraft:cauldron net.minecraft.item.ItemBlockSpecial@5c60c08
[20:56:33] [Server thread/TRACE] [FML]:   Registry: 381 minecraft:ender_eye net.minecraft.item.ItemEnderEye@49cceb19
[20:56:33] [Server thread/TRACE] [FML]:   Registry: 382 minecraft:speckled_melon net.minecraft.item.Item@197d5a87
[20:56:33] [Server thread/TRACE] [FML]:   Registry: 383 minecraft:spawn_egg net.minecraft.item.ItemMonsterPlacer@43d6262c
[20:56:33] [Server thread/TRACE] [FML]:   Registry: 384 minecraft:experience_bottle net.minecraft.item.ItemExpBottle@1d2c253
[20:56:33] [Server thread/TRACE] [FML]:   Registry: 385 minecraft:fire_charge net.minecraft.item.ItemFireball@7c47e077
[20:56:33] [Server thread/TRACE] [FML]:   Registry: 386 minecraft:writable_book net.minecraft.item.ItemWritableBook@30bbe83
[20:56:33] [Server thread/TRACE] [FML]:   Registry: 387 minecraft:written_book net.minecraft.item.ItemWrittenBook@2c0fefac
[20:56:33] [Server thread/TRACE] [FML]:   Registry: 388 minecraft:emerald net.minecraft.item.Item@6fbc7853
[20:56:33] [Server thread/TRACE] [FML]:   Registry: 389 minecraft:item_frame net.minecraft.item.ItemHangingEntity@733fa95c
[20:56:33] [Server thread/TRACE] [FML]:   Registry: 390 minecraft:flower_pot net.minecraft.item.ItemBlockSpecial@3b2c8bda
[20:56:33] [Server thread/TRACE] [FML]:   Registry: 391 minecraft:carrot net.minecraft.item.ItemSeedFood@362be0cd
[20:56:33] [Server thread/TRACE] [FML]:   Registry: 392 minecraft:potato net.minecraft.item.ItemSeedFood@2dde0a34
[20:56:33] [Server thread/TRACE] [FML]:   Registry: 393 minecraft:baked_potato net.minecraft.item.ItemFood@61836cd9
[20:56:33] [Server thread/TRACE] [FML]:   Registry: 394 minecraft:poisonous_potato net.minecraft.item.ItemFood@1b632442
[20:56:33] [Server thread/TRACE] [FML]:   Registry: 395 minecraft:map net.minecraft.item.ItemEmptyMap@19d3f6ad
[20:56:33] [Server thread/TRACE] [FML]:   Registry: 396 minecraft:golden_carrot net.minecraft.item.ItemFood@1b69fc07
[20:56:33] [Server thread/TRACE] [FML]:   Registry: 397 minecraft:skull net.minecraft.item.ItemSkull@9cc0505
[20:56:33] [Server thread/TRACE] [FML]:   Registry: 398 minecraft:carrot_on_a_stick net.minecraft.item.ItemCarrotOnAStick@3d3b272a
[20:56:33] [Server thread/TRACE] [FML]:   Registry: 399 minecraft:nether_star net.minecraft.item.ItemSimpleFoiled@707f4647
[20:56:33] [Server thread/TRACE] [FML]:   Registry: 400 minecraft:pumpkin_pie net.minecraft.item.ItemFood@4b8a0d03
[20:56:33] [Server thread/TRACE] [FML]:   Registry: 401 minecraft:fireworks net.minecraft.item.ItemFirework@17f41739
[20:56:33] [Server thread/TRACE] [FML]:   Registry: 402 minecraft:firework_charge net.minecraft.item.ItemFireworkCharge@144440f5
[20:56:33] [Server thread/TRACE] [FML]:   Registry: 403 minecraft:enchanted_book net.minecraft.item.ItemEnchantedBook@43f99817
[20:56:33] [Server thread/TRACE] [FML]:   Registry: 404 minecraft:comparator net.minecraft.item.ItemBlockSpecial@2a2798a2
[20:56:33] [Server thread/TRACE] [FML]:   Registry: 405 minecraft:netherbrick net.minecraft.item.Item@2b9ecd05
[20:56:33] [Server thread/TRACE] [FML]:   Registry: 406 minecraft:quartz net.minecraft.item.Item@31f1b268
[20:56:33] [Server thread/TRACE] [FML]:   Registry: 407 minecraft:tnt_minecart net.minecraft.item.ItemMinecart@3ec7ad61
[20:56:33] [Server thread/TRACE] [FML]:   Registry: 408 minecraft:hopper_minecart net.minecraft.item.ItemMinecart@2833c093
[20:56:33] [Server thread/TRACE] [FML]:   Registry: 409 minecraft:prismarine_shard net.minecraft.item.Item@7598d675
[20:56:33] [Server thread/TRACE] [FML]:   Registry: 410 minecraft:prismarine_crystals net.minecraft.item.Item@4946485c
[20:56:33] [Server thread/TRACE] [FML]:   Registry: 411 minecraft:rabbit net.minecraft.item.ItemFood@4ae958b0
[20:56:33] [Server thread/TRACE] [FML]:   Registry: 412 minecraft:cooked_rabbit net.minecraft.item.ItemFood@7c682e26
[20:56:33] [Server thread/TRACE] [FML]:   Registry: 413 minecraft:rabbit_stew net.minecraft.item.ItemSoup@4ff074a0
[20:56:33] [Server thread/TRACE] [FML]:   Registry: 414 minecraft:rabbit_foot net.minecraft.item.Item@340fc1aa
[20:56:33] [Server thread/TRACE] [FML]:   Registry: 415 minecraft:rabbit_hide net.minecraft.item.Item@34a33343
[20:56:33] [Server thread/TRACE] [FML]:   Registry: 416 minecraft:armor_stand net.minecraft.item.ItemArmorStand@2adc1e84
[20:56:33] [Server thread/TRACE] [FML]:   Registry: 417 minecraft:iron_horse_armor net.minecraft.item.Item@2a99fa07
[20:56:33] [Server thread/TRACE] [FML]:   Registry: 418 minecraft:golden_horse_armor net.minecraft.item.Item@45b8bbbf
[20:56:33] [Server thread/TRACE] [FML]:   Registry: 419 minecraft:diamond_horse_armor net.minecraft.item.Item@1df06ecd
[20:56:33] [Server thread/TRACE] [FML]:   Registry: 420 minecraft:lead net.minecraft.item.ItemLead@7791ff50
[20:56:33] [Server thread/TRACE] [FML]:   Registry: 421 minecraft:name_tag net.minecraft.item.ItemNameTag@4f7ba0af
[20:56:33] [Server thread/TRACE] [FML]:   Registry: 422 minecraft:command_block_minecart net.minecraft.item.ItemMinecart@5b23c1f6
[20:56:33] [Server thread/TRACE] [FML]:   Registry: 423 minecraft:mutton net.minecraft.item.ItemFood@3f4964f2
[20:56:33] [Server thread/TRACE] [FML]:   Registry: 424 minecraft:cooked_mutton net.minecraft.item.ItemFood@3bf01a01
[20:56:33] [Server thread/TRACE] [FML]:   Registry: 425 minecraft:banner net.minecraft.item.ItemBanner@6ffc6ea7
[20:56:33] [Server thread/TRACE] [FML]:   Registry: 426 minecraft:end_crystal net.minecraft.item.ItemEndCrystal@5627b8eb
[20:56:33] [Server thread/TRACE] [FML]:   Registry: 427 minecraft:spruce_door net.minecraft.item.ItemDoor@49fe0bcd
[20:56:33] [Server thread/TRACE] [FML]:   Registry: 428 minecraft:birch_door net.minecraft.item.ItemDoor@3516b881
[20:56:33] [Server thread/TRACE] [FML]:   Registry: 429 minecraft:jungle_door net.minecraft.item.ItemDoor@6be8ce1b
[20:56:33] [Server thread/TRACE] [FML]:   Registry: 430 minecraft:acacia_door net.minecraft.item.ItemDoor@e3c36d
[20:56:33] [Server thread/TRACE] [FML]:   Registry: 431 minecraft:dark_oak_door net.minecraft.item.ItemDoor@397a10df
[20:56:33] [Server thread/TRACE] [FML]:   Registry: 432 minecraft:chorus_fruit net.minecraft.item.ItemChorusFruit@19924f15
[20:56:33] [Server thread/TRACE] [FML]:   Registry: 433 minecraft:chorus_fruit_popped net.minecraft.item.Item@621392ea
[20:56:33] [Server thread/TRACE] [FML]:   Registry: 434 minecraft:beetroot net.minecraft.item.ItemFood@35524549
[20:56:33] [Server thread/TRACE] [FML]:   Registry: 435 minecraft:beetroot_seeds net.minecraft.item.ItemSeeds@23ec63af
[20:56:33] [Server thread/TRACE] [FML]:   Registry: 436 minecraft:beetroot_soup net.minecraft.item.ItemSoup@280d6a20
[20:56:33] [Server thread/TRACE] [FML]:   Registry: 437 minecraft:dragon_breath net.minecraft.item.Item@56f72909
[20:56:33] [Server thread/TRACE] [FML]:   Registry: 438 minecraft:splash_potion net.minecraft.item.ItemSplashPotion@3b347439
[20:56:33] [Server thread/TRACE] [FML]:   Registry: 439 minecraft:spectral_arrow net.minecraft.item.ItemSpectralArrow@53a09566
[20:56:33] [Server thread/TRACE] [FML]:   Registry: 440 minecraft:tipped_arrow net.minecraft.item.ItemTippedArrow@32513dea
[20:56:33] [Server thread/TRACE] [FML]:   Registry: 441 minecraft:lingering_potion net.minecraft.item.ItemLingeringPotion@7ac1b6c0
[20:56:33] [Server thread/TRACE] [FML]:   Registry: 442 minecraft:shield net.minecraft.item.ItemShield@570ed9c
[20:56:33] [Server thread/TRACE] [FML]:   Registry: 443 minecraft:elytra net.minecraft.item.ItemElytra@6ffbf0ac
[20:56:33] [Server thread/TRACE] [FML]:   Registry: 444 minecraft:spruce_boat net.minecraft.item.ItemBoat@ad5cffa
[20:56:33] [Server thread/TRACE] [FML]:   Registry: 445 minecraft:birch_boat net.minecraft.item.ItemBoat@237aa0c7
[20:56:33] [Server thread/TRACE] [FML]:   Registry: 446 minecraft:jungle_boat net.minecraft.item.ItemBoat@1b8ee69d
[20:56:33] [Server thread/TRACE] [FML]:   Registry: 447 minecraft:acacia_boat net.minecraft.item.ItemBoat@2b400bd0
[20:56:33] [Server thread/TRACE] [FML]:   Registry: 448 minecraft:dark_oak_boat net.minecraft.item.ItemBoat@fceab5d
[20:56:33] [Server thread/TRACE] [FML]:   Registry: 449 minecraft:totem_of_undying net.minecraft.item.Item@79445efb
[20:56:33] [Server thread/TRACE] [FML]:   Registry: 450 minecraft:shulker_shell net.minecraft.item.Item@1592e540
[20:56:33] [Server thread/TRACE] [FML]:   Registry: 452 minecraft:iron_nugget net.minecraft.item.Item@3e2772a9
[20:56:33] [Server thread/TRACE] [FML]:   Registry: 453 minecraft:knowledge_book net.minecraft.item.ItemKnowledgeBook@117fb9ba
[20:56:33] [Server thread/TRACE] [FML]:   Registry: 2256 minecraft:record_13 net.minecraft.item.ItemRecord@5b88af70
[20:56:33] [Server thread/TRACE] [FML]:   Registry: 2257 minecraft:record_cat net.minecraft.item.ItemRecord@2739ecc0
[20:56:33] [Server thread/TRACE] [FML]:   Registry: 2258 minecraft:record_blocks net.minecraft.item.ItemRecord@2932e15f
[20:56:33] [Server thread/TRACE] [FML]:   Registry: 2259 minecraft:record_chirp net.minecraft.item.ItemRecord@3d98729a
[20:56:33] [Server thread/TRACE] [FML]:   Registry: 2260 minecraft:record_far net.minecraft.item.ItemRecord@2375a976
[20:56:33] [Server thread/TRACE] [FML]:   Registry: 2261 minecraft:record_mall net.minecraft.item.ItemRecord@4bc21e34
[20:56:33] [Server thread/TRACE] [FML]:   Registry: 2262 minecraft:record_mellohi net.minecraft.item.ItemRecord@7544260a
[20:56:33] [Server thread/TRACE] [FML]:   Registry: 2263 minecraft:record_stal net.minecraft.item.ItemRecord@bb6869a
[20:56:33] [Server thread/TRACE] [FML]:   Registry: 2264 minecraft:record_strad net.minecraft.item.ItemRecord@506b083
[20:56:33] [Server thread/TRACE] [FML]:   Registry: 2265 minecraft:record_ward net.minecraft.item.ItemRecord@5eee3da9
[20:56:33] [Server thread/TRACE] [FML]:   Registry: 2266 minecraft:record_11 net.minecraft.item.ItemRecord@ace2408
[20:56:33] [Server thread/TRACE] [FML]:   Registry: 2267 minecraft:record_wait net.minecraft.item.ItemRecord@3573e19d
[20:56:33] [Server thread/TRACE] [FML]: Registry Name : minecraft:potions
[20:56:33] [Server thread/TRACE] [FML]:   Registry: 1 minecraft:speed net.minecraft.potion.Potion@727dcc64
[20:56:33] [Server thread/TRACE] [FML]:   Registry: 2 minecraft:slowness net.minecraft.potion.Potion@49e62b17
[20:56:33] [Server thread/TRACE] [FML]:   Registry: 3 minecraft:haste net.minecraft.potion.Potion@288409f0
[20:56:33] [Server thread/TRACE] [FML]:   Registry: 4 minecraft:mining_fatigue net.minecraft.potion.Potion@7d685f4e
[20:56:33] [Server thread/TRACE] [FML]:   Registry: 5 minecraft:strength net.minecraft.potion.PotionAttackDamage@1a0ffb9b
[20:56:33] [Server thread/TRACE] [FML]:   Registry: 6 minecraft:instant_health net.minecraft.potion.PotionHealth@319aa9ee
[20:56:33] [Server thread/TRACE] [FML]:   Registry: 7 minecraft:instant_damage net.minecraft.potion.PotionHealth@1d806de6
[20:56:33] [Server thread/TRACE] [FML]:   Registry: 8 minecraft:jump_boost net.minecraft.potion.Potion@2b9d4b0
[20:56:33] [Server thread/TRACE] [FML]:   Registry: 9 minecraft:nausea net.minecraft.potion.Potion@4f541e67
[20:56:33] [Server thread/TRACE] [FML]:   Registry: 10 minecraft:regeneration net.minecraft.potion.Potion@2be50bba
[20:56:33] [Server thread/TRACE] [FML]:   Registry: 11 minecraft:resistance net.minecraft.potion.Potion@3514ac7d
[20:56:33] [Server thread/TRACE] [FML]:   Registry: 12 minecraft:fire_resistance net.minecraft.potion.Potion@79c4f23b
[20:56:33] [Server thread/TRACE] [FML]:   Registry: 13 minecraft:water_breathing net.minecraft.potion.Potion@160c7c42
[20:56:33] [Server thread/TRACE] [FML]:   Registry: 14 minecraft:invisibility net.minecraft.potion.Potion@15371de2
[20:56:33] [Server thread/TRACE] [FML]:   Registry: 15 minecraft:blindness net.minecraft.potion.Potion@5503c7d
[20:56:33] [Server thread/TRACE] [FML]:   Registry: 16 minecraft:night_vision net.minecraft.potion.Potion@5b5b53c6
[20:56:33] [Server thread/TRACE] [FML]:   Registry: 17 minecraft:hunger net.minecraft.potion.Potion@2ec0ca83
[20:56:33] [Server thread/TRACE] [FML]:   Registry: 18 minecraft:weakness net.minecraft.potion.PotionAttackDamage@3350ab4
[20:56:33] [Server thread/TRACE] [FML]:   Registry: 19 minecraft:poison net.minecraft.potion.Potion@7827d7b
[20:56:33] [Server thread/TRACE] [FML]:   Registry: 20 minecraft:wither net.minecraft.potion.Potion@646cb2e
[20:56:33] [Server thread/TRACE] [FML]:   Registry: 21 minecraft:health_boost net.minecraft.potion.PotionHealthBoost@5b0e9e0c
[20:56:33] [Server thread/TRACE] [FML]:   Registry: 22 minecraft:absorption net.minecraft.potion.PotionAbsorption@78e387d6
[20:56:33] [Server thread/TRACE] [FML]:   Registry: 23 minecraft:saturation net.minecraft.potion.PotionHealth@9147ba2
[20:56:33] [Server thread/TRACE] [FML]:   Registry: 24 minecraft:glowing net.minecraft.potion.Potion@3460e4ed
[20:56:33] [Server thread/TRACE] [FML]:   Registry: 25 minecraft:levitation net.minecraft.potion.Potion@2efcc0b3
[20:56:33] [Server thread/TRACE] [FML]:   Registry: 26 minecraft:luck net.minecraft.potion.Potion@4a453f8d
[20:56:33] [Server thread/TRACE] [FML]:   Registry: 27 minecraft:unluck net.minecraft.potion.Potion@60a6840c
[20:56:33] [Server thread/TRACE] [FML]: Registry Name : minecraft:biomes
[20:56:33] [Server thread/TRACE] [FML]:   Registry: 0 minecraft:ocean net.minecraft.world.biome.BiomeOcean@32c6d164
[20:56:33] [Server thread/TRACE] [FML]:   Registry: 1 minecraft:plains net.minecraft.world.biome.BiomePlains@58068b40
[20:56:33] [Server thread/TRACE] [FML]:   Registry: 2 minecraft:desert net.minecraft.world.biome.BiomeDesert@dd060be
[20:56:33] [Server thread/TRACE] [FML]:   Registry: 3 minecraft:extreme_hills net.minecraft.world.biome.BiomeHills@1818d00b
[20:56:33] [Server thread/TRACE] [FML]:   Registry: 4 minecraft:forest net.minecraft.world.biome.BiomeForest@2447940d
[20:56:33] [Server thread/TRACE] [FML]:   Registry: 5 minecraft:taiga net.minecraft.world.biome.BiomeTaiga@41492479
[20:56:33] [Server thread/TRACE] [FML]:   Registry: 6 minecraft:swampland net.minecraft.world.biome.BiomeSwamp@568ef502
[20:56:33] [Server thread/TRACE] [FML]:   Registry: 7 minecraft:river net.minecraft.world.biome.BiomeRiver@3e12c5de
[20:56:33] [Server thread/TRACE] [FML]:   Registry: 8 minecraft:hell net.minecraft.world.biome.BiomeHell@13a9cdae
[20:56:33] [Server thread/TRACE] [FML]:   Registry: 9 minecraft:sky net.minecraft.world.biome.BiomeEnd@61d6c8c4
[20:56:33] [Server thread/TRACE] [FML]:   Registry: 10 minecraft:frozen_ocean net.minecraft.world.biome.BiomeOcean@74e2cfc5
[20:56:33] [Server thread/TRACE] [FML]:   Registry: 11 minecraft:frozen_river net.minecraft.world.biome.BiomeRiver@4a5d5b38
[20:56:33] [Server thread/TRACE] [FML]:   Registry: 12 minecraft:ice_flats net.minecraft.world.biome.BiomeSnow@3dcbbbc
[20:56:33] [Server thread/TRACE] [FML]:   Registry: 13 minecraft:ice_mountains net.minecraft.world.biome.BiomeSnow@4040ccae
[20:56:33] [Server thread/TRACE] [FML]:   Registry: 14 minecraft:mushroom_island net.minecraft.world.biome.BiomeMushroomIsland@18f8ebd4
[20:56:33] [Server thread/TRACE] [FML]:   Registry: 15 minecraft:mushroom_island_shore net.minecraft.world.biome.BiomeMushroomIsland@7e1fb22c
[20:56:33] [Server thread/TRACE] [FML]:   Registry: 16 minecraft:beaches net.minecraft.world.biome.BiomeBeach@7178d811
[20:56:33] [Server thread/TRACE] [FML]:   Registry: 17 minecraft:desert_hills net.minecraft.world.biome.BiomeDesert@2e013ba1
[20:56:33] [Server thread/TRACE] [FML]:   Registry: 18 minecraft:forest_hills net.minecraft.world.biome.BiomeForest@2d8c729f
[20:56:33] [Server thread/TRACE] [FML]:   Registry: 19 minecraft:taiga_hills net.minecraft.world.biome.BiomeTaiga@740ee00f
[20:56:33] [Server thread/TRACE] [FML]:   Registry: 20 minecraft:smaller_extreme_hills net.minecraft.world.biome.BiomeHills@430106cf
[20:56:33] [Server thread/TRACE] [FML]:   Registry: 21 minecraft:jungle net.minecraft.world.biome.BiomeJungle@511d568f
[20:56:33] [Server thread/TRACE] [FML]:   Registry: 22 minecraft:jungle_hills net.minecraft.world.biome.BiomeJungle@1805ca5c
[20:56:33] [Server thread/TRACE] [FML]:   Registry: 23 minecraft:jungle_edge net.minecraft.world.biome.BiomeJungle@3e61cffd
[20:56:33] [Server thread/TRACE] [FML]:   Registry: 24 minecraft:deep_ocean net.minecraft.world.biome.BiomeOcean@3134b261
[20:56:33] [Server thread/TRACE] [FML]:   Registry: 25 minecraft:stone_beach net.minecraft.world.biome.BiomeStoneBeach@3cc74fc4
[20:56:33] [Server thread/TRACE] [FML]:   Registry: 26 minecraft:cold_beach net.minecraft.world.biome.BiomeBeach@c697186
[20:56:33] [Server thread/TRACE] [FML]:   Registry: 27 minecraft:birch_forest net.minecraft.world.biome.BiomeForest@185a7dd0
[20:56:33] [Server thread/TRACE] [FML]:   Registry: 28 minecraft:birch_forest_hills net.minecraft.world.biome.BiomeForest@2358443e
[20:56:33] [Server thread/TRACE] [FML]:   Registry: 29 minecraft:roofed_forest net.minecraft.world.biome.BiomeForest@25e796fe
[20:56:33] [Server thread/TRACE] [FML]:   Registry: 30 minecraft:taiga_cold net.minecraft.world.biome.BiomeTaiga@62c53685
[20:56:33] [Server thread/TRACE] [FML]:   Registry: 31 minecraft:taiga_cold_hills net.minecraft.world.biome.BiomeTaiga@29ba63f0
[20:56:33] [Server thread/TRACE] [FML]:   Registry: 32 minecraft:redwood_taiga net.minecraft.world.biome.BiomeTaiga@4822ab4d
[20:56:33] [Server thread/TRACE] [FML]:   Registry: 33 minecraft:redwood_taiga_hills net.minecraft.world.biome.BiomeTaiga@516b84d1
[20:56:33] [Server thread/TRACE] [FML]:   Registry: 34 minecraft:extreme_hills_with_trees net.minecraft.world.biome.BiomeHills@1ad1f167
[20:56:33] [Server thread/TRACE] [FML]:   Registry: 35 minecraft:savanna net.minecraft.world.biome.BiomeSavanna@3d2b13b1
[20:56:33] [Server thread/TRACE] [FML]:   Registry: 36 minecraft:savanna_rock net.minecraft.world.biome.BiomeSavanna@30eb55c9
[20:56:33] [Server thread/TRACE] [FML]:   Registry: 37 minecraft:mesa net.minecraft.world.biome.BiomeMesa@3c46e6f6
[20:56:33] [Server thread/TRACE] [FML]:   Registry: 38 minecraft:mesa_rock net.minecraft.world.biome.BiomeMesa@7d6019d5
[20:56:33] [Server thread/TRACE] [FML]:   Registry: 39 minecraft:mesa_clear_rock net.minecraft.world.biome.BiomeMesa@40b01718
[20:56:33] [Server thread/TRACE] [FML]:   Registry: 127 minecraft:void net.minecraft.world.biome.BiomeVoid@56a9a7b5
[20:56:33] [Server thread/TRACE] [FML]:   Registry: 129 minecraft:mutated_plains net.minecraft.world.biome.BiomePlains@1dd247b
[20:56:33] [Server thread/TRACE] [FML]:   Registry: 130 minecraft:mutated_desert net.minecraft.world.biome.BiomeDesert@338270ea
[20:56:33] [Server thread/TRACE] [FML]:   Registry: 131 minecraft:mutated_extreme_hills net.minecraft.world.biome.BiomeHills@7f64bd7
[20:56:33] [Server thread/TRACE] [FML]:   Registry: 132 minecraft:mutated_forest net.minecraft.world.biome.BiomeForest@1c79d093
[20:56:33] [Server thread/TRACE] [FML]:   Registry: 133 minecraft:mutated_taiga net.minecraft.world.biome.BiomeTaiga@746fd19b
[20:56:33] [Server thread/TRACE] [FML]:   Registry: 134 minecraft:mutated_swampland net.minecraft.world.biome.BiomeSwamp@54caeadc
[20:56:33] [Server thread/TRACE] [FML]:   Registry: 140 minecraft:mutated_ice_flats net.minecraft.world.biome.BiomeSnow@61d7bb61
[20:56:33] [Server thread/TRACE] [FML]:   Registry: 149 minecraft:mutated_jungle net.minecraft.world.biome.BiomeJungle@33f81280
[20:56:33] [Server thread/TRACE] [FML]:   Registry: 151 minecraft:mutated_jungle_edge net.minecraft.world.biome.BiomeJungle@3991fe6d
[20:56:33] [Server thread/TRACE] [FML]:   Registry: 155 minecraft:mutated_birch_forest net.minecraft.world.biome.BiomeForestMutated@665ed71a
[20:56:33] [Server thread/TRACE] [FML]:   Registry: 156 minecraft:mutated_birch_forest_hills net.minecraft.world.biome.BiomeForestMutated@15c1b543
[20:56:33] [Server thread/TRACE] [FML]:   Registry: 157 minecraft:mutated_roofed_forest net.minecraft.world.biome.BiomeForest@23954300
[20:56:33] [Server thread/TRACE] [FML]:   Registry: 158 minecraft:mutated_taiga_cold net.minecraft.world.biome.BiomeTaiga@6aae82cc
[20:56:33] [Server thread/TRACE] [FML]:   Registry: 160 minecraft:mutated_redwood_taiga net.minecraft.world.biome.BiomeTaiga@7a587e84
[20:56:33] [Server thread/TRACE] [FML]:   Registry: 161 minecraft:mutated_redwood_taiga_hills net.minecraft.world.biome.BiomeTaiga@622ba721
[20:56:33] [Server thread/TRACE] [FML]:   Registry: 162 minecraft:mutated_extreme_hills_with_trees net.minecraft.world.biome.BiomeHills@6b2f7527
[20:56:33] [Server thread/TRACE] [FML]:   Registry: 163 minecraft:mutated_savanna net.minecraft.world.biome.BiomeSavannaMutated@4c9cce17
[20:56:33] [Server thread/TRACE] [FML]:   Registry: 164 minecraft:mutated_savanna_rock net.minecraft.world.biome.BiomeSavannaMutated@73316a0a
[20:56:33] [Server thread/TRACE] [FML]:   Registry: 165 minecraft:mutated_mesa net.minecraft.world.biome.BiomeMesa@63a7af06
[20:56:33] [Server thread/TRACE] [FML]:   Registry: 166 minecraft:mutated_mesa_rock net.minecraft.world.biome.BiomeMesa@5f01fb5c
[20:56:33] [Server thread/TRACE] [FML]:   Registry: 167 minecraft:mutated_mesa_clear_rock net.minecraft.world.biome.BiomeMesa@75c77add
[20:56:33] [Server thread/TRACE] [FML]: Registry Name : minecraft:soundevents
[20:56:33] [Server thread/TRACE] [FML]:   Registry: 0 minecraft:ambient.cave net.minecraft.util.SoundEvent@17410c07
[20:56:33] [Server thread/TRACE] [FML]:   Registry: 1 minecraft:block.anvil.break net.minecraft.util.SoundEvent@46f902e0
[20:56:33] [Server thread/TRACE] [FML]:   Registry: 2 minecraft:block.anvil.destroy net.minecraft.util.SoundEvent@64f981e2
[20:56:33] [Server thread/TRACE] [FML]:   Registry: 3 minecraft:block.anvil.fall net.minecraft.util.SoundEvent@361abd01
[20:56:33] [Server thread/TRACE] [FML]:   Registry: 4 minecraft:block.anvil.hit net.minecraft.util.SoundEvent@575b5f7d
[20:56:33] [Server thread/TRACE] [FML]:   Registry: 5 minecraft:block.anvil.land net.minecraft.util.SoundEvent@59bbb974
[20:56:33] [Server thread/TRACE] [FML]:   Registry: 6 minecraft:block.anvil.place net.minecraft.util.SoundEvent@7165d530
[20:56:33] [Server thread/TRACE] [FML]:   Registry: 7 minecraft:block.anvil.step net.minecraft.util.SoundEvent@12f49ca8
[20:56:33] [Server thread/TRACE] [FML]:   Registry: 8 minecraft:block.anvil.use net.minecraft.util.SoundEvent@1fd9893c
[20:56:33] [Server thread/TRACE] [FML]:   Registry: 9 minecraft:block.brewing_stand.brew net.minecraft.util.SoundEvent@1b2df3aa
[20:56:33] [Server thread/TRACE] [FML]:   Registry: 10 minecraft:block.chest.close net.minecraft.util.SoundEvent@44be69aa
[20:56:33] [Server thread/TRACE] [FML]:   Registry: 11 minecraft:block.chest.locked net.minecraft.util.SoundEvent@7219ac49
[20:56:33] [Server thread/TRACE] [FML]:   Registry: 12 minecraft:block.chest.open net.minecraft.util.SoundEvent@21da4b5f
[20:56:33] [Server thread/TRACE] [FML]:   Registry: 13 minecraft:block.chorus_flower.death net.minecraft.util.SoundEvent@551e4c6d
[20:56:33] [Server thread/TRACE] [FML]:   Registry: 14 minecraft:block.chorus_flower.grow net.minecraft.util.SoundEvent@625a9c5d
[20:56:33] [Server thread/TRACE] [FML]:   Registry: 15 minecraft:block.cloth.break net.minecraft.util.SoundEvent@5d1e0fbb
[20:56:33] [Server thread/TRACE] [FML]:   Registry: 16 minecraft:block.cloth.fall net.minecraft.util.SoundEvent@2eed37f4
[20:56:33] [Server thread/TRACE] [FML]:   Registry: 17 minecraft:block.cloth.hit net.minecraft.util.SoundEvent@9b76b60
[20:56:33] [Server thread/TRACE] [FML]:   Registry: 18 minecraft:block.cloth.place net.minecraft.util.SoundEvent@3fb9a67f
[20:56:33] [Server thread/TRACE] [FML]:   Registry: 19 minecraft:block.cloth.step net.minecraft.util.SoundEvent@127705e4
[20:56:33] [Server thread/TRACE] [FML]:   Registry: 20 minecraft:block.comparator.click net.minecraft.util.SoundEvent@5562c2c9
[20:56:33] [Server thread/TRACE] [FML]:   Registry: 21 minecraft:block.dispenser.dispense net.minecraft.util.SoundEvent@673c4f6e
[20:56:33] [Server thread/TRACE] [FML]:   Registry: 22 minecraft:block.dispenser.fail net.minecraft.util.SoundEvent@15c487a8
[20:56:33] [Server thread/TRACE] [FML]:   Registry: 23 minecraft:block.dispenser.launch net.minecraft.util.SoundEvent@3f36e8d1
[20:56:33] [Server thread/TRACE] [FML]:   Registry: 24 minecraft:block.enchantment_table.use net.minecraft.util.SoundEvent@7c011174
[20:56:33] [Server thread/TRACE] [FML]:   Registry: 25 minecraft:block.end_gateway.spawn net.minecraft.util.SoundEvent@794366a5
[20:56:33] [Server thread/TRACE] [FML]:   Registry: 26 minecraft:block.end_portal.spawn net.minecraft.util.SoundEvent@480b57e2
[20:56:33] [Server thread/TRACE] [FML]:   Registry: 27 minecraft:block.end_portal_frame.fill net.minecraft.util.SoundEvent@40f35e52
[20:56:33] [Server thread/TRACE] [FML]:   Registry: 28 minecraft:block.enderchest.close net.minecraft.util.SoundEvent@340d6d89
[20:56:33] [Server thread/TRACE] [FML]:   Registry: 29 minecraft:block.enderchest.open net.minecraft.util.SoundEvent@561953e3
[20:56:33] [Server thread/TRACE] [FML]:   Registry: 30 minecraft:block.fence_gate.close net.minecraft.util.SoundEvent@443faa85
[20:56:33] [Server thread/TRACE] [FML]:   Registry: 31 minecraft:block.fence_gate.open net.minecraft.util.SoundEvent@1ee47d9e
[20:56:33] [Server thread/TRACE] [FML]:   Registry: 32 minecraft:block.fire.ambient net.minecraft.util.SoundEvent@41da3aee
[20:56:33] [Server thread/TRACE] [FML]:   Registry: 33 minecraft:block.fire.extinguish net.minecraft.util.SoundEvent@5dc0ff7d
[20:56:33] [Server thread/TRACE] [FML]:   Registry: 34 minecraft:block.furnace.fire_crackle net.minecraft.util.SoundEvent@64920dc2
[20:56:33] [Server thread/TRACE] [FML]:   Registry: 35 minecraft:block.glass.break net.minecraft.util.SoundEvent@59a79443
[20:56:33] [Server thread/TRACE] [FML]:   Registry: 36 minecraft:block.glass.fall net.minecraft.util.SoundEvent@493ac8d3
[20:56:33] [Server thread/TRACE] [FML]:   Registry: 37 minecraft:block.glass.hit net.minecraft.util.SoundEvent@13dbed9e
[20:56:33] [Server thread/TRACE] [FML]:   Registry: 38 minecraft:block.glass.place net.minecraft.util.SoundEvent@67531e3a
[20:56:33] [Server thread/TRACE] [FML]:   Registry: 39 minecraft:block.glass.step net.minecraft.util.SoundEvent@2b38b1f
[20:56:33] [Server thread/TRACE] [FML]:   Registry: 40 minecraft:block.grass.break net.minecraft.util.SoundEvent@1d50a7ca
[20:56:33] [Server thread/TRACE] [FML]:   Registry: 41 minecraft:block.grass.fall net.minecraft.util.SoundEvent@51ab1ee3
[20:56:33] [Server thread/TRACE] [FML]:   Registry: 42 minecraft:block.grass.hit net.minecraft.util.SoundEvent@2e766822
[20:56:33] [Server thread/TRACE] [FML]:   Registry: 43 minecraft:block.grass.place net.minecraft.util.SoundEvent@3003e580
[20:56:33] [Server thread/TRACE] [FML]:   Registry: 44 minecraft:block.grass.step net.minecraft.util.SoundEvent@28757abd
[20:56:33] [Server thread/TRACE] [FML]:   Registry: 45 minecraft:block.gravel.break net.minecraft.util.SoundEvent@21a02556
[20:56:33] [Server thread/TRACE] [FML]:   Registry: 46 minecraft:block.gravel.fall net.minecraft.util.SoundEvent@3c8a7e38
[20:56:33] [Server thread/TRACE] [FML]:   Registry: 47 minecraft:block.gravel.hit net.minecraft.util.SoundEvent@138aa3cc
[20:56:33] [Server thread/TRACE] [FML]:   Registry: 48 minecraft:block.gravel.place net.minecraft.util.SoundEvent@10a98392
[20:56:33] [Server thread/TRACE] [FML]:   Registry: 49 minecraft:block.gravel.step net.minecraft.util.SoundEvent@30839e44
[20:56:33] [Server thread/TRACE] [FML]:   Registry: 50 minecraft:block.iron_door.close net.minecraft.util.SoundEvent@5f174dd2
[20:56:33] [Server thread/TRACE] [FML]:   Registry: 51 minecraft:block.iron_door.open net.minecraft.util.SoundEvent@1945113f
[20:56:33] [Server thread/TRACE] [FML]:   Registry: 52 minecraft:block.iron_trapdoor.close net.minecraft.util.SoundEvent@45aca496
[20:56:33] [Server thread/TRACE] [FML]:   Registry: 53 minecraft:block.iron_trapdoor.open net.minecraft.util.SoundEvent@697173d9
[20:56:33] [Server thread/TRACE] [FML]:   Registry: 54 minecraft:block.ladder.break net.minecraft.util.SoundEvent@ceddaf8
[20:56:33] [Server thread/TRACE] [FML]:   Registry: 55 minecraft:block.ladder.fall net.minecraft.util.SoundEvent@3d90eeb3
[20:56:33] [Server thread/TRACE] [FML]:   Registry: 56 minecraft:block.ladder.hit net.minecraft.util.SoundEvent@1db87583
[20:56:33] [Server thread/TRACE] [FML]:   Registry: 57 minecraft:block.ladder.place net.minecraft.util.SoundEvent@7fb53256
[20:56:33] [Server thread/TRACE] [FML]:   Registry: 58 minecraft:block.ladder.step net.minecraft.util.SoundEvent@1d6d1d42
[20:56:33] [Server thread/TRACE] [FML]:   Registry: 59 minecraft:block.lava.ambient net.minecraft.util.SoundEvent@27329d2a
[20:56:33] [Server thread/TRACE] [FML]:   Registry: 60 minecraft:block.lava.extinguish net.minecraft.util.SoundEvent@7978e022
[20:56:33] [Server thread/TRACE] [FML]:   Registry: 61 minecraft:block.lava.pop net.minecraft.util.SoundEvent@2f894ad9
[20:56:33] [Server thread/TRACE] [FML]:   Registry: 62 minecraft:block.lever.click net.minecraft.util.SoundEvent@5afbd567
[20:56:33] [Server thread/TRACE] [FML]:   Registry: 63 minecraft:block.metal.break net.minecraft.util.SoundEvent@6993c8df
[20:56:33] [Server thread/TRACE] [FML]:   Registry: 64 minecraft:block.metal.fall net.minecraft.util.SoundEvent@57545c3f
[20:56:33] [Server thread/TRACE] [FML]:   Registry: 65 minecraft:block.metal.hit net.minecraft.util.SoundEvent@326e0b8e
[20:56:33] [Server thread/TRACE] [FML]:   Registry: 66 minecraft:block.metal.place net.minecraft.util.SoundEvent@36baa049
[20:56:33] [Server thread/TRACE] [FML]:   Registry: 67 minecraft:block.metal.step net.minecraft.util.SoundEvent@41184371
[20:56:33] [Server thread/TRACE] [FML]:   Registry: 68 minecraft:block.metal_pressureplate.click_off net.minecraft.util.SoundEvent@34585ac9
[20:56:33] [Server thread/TRACE] [FML]:   Registry: 69 minecraft:block.metal_pressureplate.click_on net.minecraft.util.SoundEvent@76a805b7
[20:56:33] [Server thread/TRACE] [FML]:   Registry: 70 minecraft:block.note.basedrum net.minecraft.util.SoundEvent@15f35bc3
[20:56:33] [Server thread/TRACE] [FML]:   Registry: 71 minecraft:block.note.bass net.minecraft.util.SoundEvent@167381c7
[20:56:33] [Server thread/TRACE] [FML]:   Registry: 72 minecraft:block.note.bell net.minecraft.util.SoundEvent@608b1fd2
[20:56:33] [Server thread/TRACE] [FML]:   Registry: 73 minecraft:block.note.chime net.minecraft.util.SoundEvent@56382bc9
[20:56:33] [Server thread/TRACE] [FML]:   Registry: 74 minecraft:block.note.flute net.minecraft.util.SoundEvent@591a4f8e
[20:56:33] [Server thread/TRACE] [FML]:   Registry: 75 minecraft:block.note.guitar net.minecraft.util.SoundEvent@53ed80d3
[20:56:33] [Server thread/TRACE] [FML]:   Registry: 76 minecraft:block.note.harp net.minecraft.util.SoundEvent@6ba060f3
[20:56:33] [Server thread/TRACE] [FML]:   Registry: 77 minecraft:block.note.hat net.minecraft.util.SoundEvent@7c51782d
[20:56:33] [Server thread/TRACE] [FML]:   Registry: 78 minecraft:block.note.pling net.minecraft.util.SoundEvent@77bc2e16
[20:56:33] [Server thread/TRACE] [FML]:   Registry: 79 minecraft:block.note.snare net.minecraft.util.SoundEvent@48e8c32a
[20:56:33] [Server thread/TRACE] [FML]:   Registry: 80 minecraft:block.note.xylophone net.minecraft.util.SoundEvent@20a7953c
[20:56:33] [Server thread/TRACE] [FML]:   Registry: 81 minecraft:block.piston.contract net.minecraft.util.SoundEvent@57c00115
[20:56:33] [Server thread/TRACE] [FML]:   Registry: 82 minecraft:block.piston.extend net.minecraft.util.SoundEvent@411a5965
[20:56:33] [Server thread/TRACE] [FML]:   Registry: 83 minecraft:block.portal.ambient net.minecraft.util.SoundEvent@4fe533ff
[20:56:33] [Server thread/TRACE] [FML]:   Registry: 84 minecraft:block.portal.travel net.minecraft.util.SoundEvent@5377414a
[20:56:33] [Server thread/TRACE] [FML]:   Registry: 85 minecraft:block.portal.trigger net.minecraft.util.SoundEvent@4e83a98
[20:56:33] [Server thread/TRACE] [FML]:   Registry: 86 minecraft:block.redstone_torch.burnout net.minecraft.util.SoundEvent@17aa8a11
[20:56:33] [Server thread/TRACE] [FML]:   Registry: 87 minecraft:block.sand.break net.minecraft.util.SoundEvent@71b639d0
[20:56:33] [Server thread/TRACE] [FML]:   Registry: 88 minecraft:block.sand.fall net.minecraft.util.SoundEvent@18a25bbd
[20:56:33] [Server thread/TRACE] [FML]:   Registry: 89 minecraft:block.sand.hit net.minecraft.util.SoundEvent@5d5b9ecb
[20:56:33] [Server thread/TRACE] [FML]:   Registry: 90 minecraft:block.sand.place net.minecraft.util.SoundEvent@1ee27d73
[20:56:33] [Server thread/TRACE] [FML]:   Registry: 91 minecraft:block.sand.step net.minecraft.util.SoundEvent@5e5aafc6
[20:56:33] [Server thread/TRACE] [FML]:   Registry: 92 minecraft:block.shulker_box.close net.minecraft.util.SoundEvent@542f6803
[20:56:33] [Server thread/TRACE] [FML]:   Registry: 93 minecraft:block.shulker_box.open net.minecraft.util.SoundEvent@5583098b
[20:56:33] [Server thread/TRACE] [FML]:   Registry: 94 minecraft:block.slime.break net.minecraft.util.SoundEvent@5807efad
[20:56:33] [Server thread/TRACE] [FML]:   Registry: 95 minecraft:block.slime.fall net.minecraft.util.SoundEvent@53a84ff4
[20:56:33] [Server thread/TRACE] [FML]:   Registry: 96 minecraft:block.slime.hit net.minecraft.util.SoundEvent@7ce85af2
[20:56:33] [Server thread/TRACE] [FML]:   Registry: 97 minecraft:block.slime.place net.minecraft.util.SoundEvent@316acbb5
[20:56:33] [Server thread/TRACE] [FML]:   Registry: 98 minecraft:block.slime.step net.minecraft.util.SoundEvent@56f730b2
[20:56:33] [Server thread/TRACE] [FML]:   Registry: 99 minecraft:block.snow.break net.minecraft.util.SoundEvent@47311277
[20:56:33] [Server thread/TRACE] [FML]:   Registry: 100 minecraft:block.snow.fall net.minecraft.util.SoundEvent@7930ffa9
[20:56:33] [Server thread/TRACE] [FML]:   Registry: 101 minecraft:block.snow.hit net.minecraft.util.SoundEvent@1e60b459
[20:56:33] [Server thread/TRACE] [FML]:   Registry: 102 minecraft:block.snow.place net.minecraft.util.SoundEvent@717d7587
[20:56:33] [Server thread/TRACE] [FML]:   Registry: 103 minecraft:block.snow.step net.minecraft.util.SoundEvent@3e906375
[20:56:33] [Server thread/TRACE] [FML]:   Registry: 104 minecraft:block.stone.break net.minecraft.util.SoundEvent@40230eb9
[20:56:33] [Server thread/TRACE] [FML]:   Registry: 105 minecraft:block.stone.fall net.minecraft.util.SoundEvent@5b7aa898
[20:56:33] [Server thread/TRACE] [FML]:   Registry: 106 minecraft:block.stone.hit net.minecraft.util.SoundEvent@41b13f3d
[20:56:33] [Server thread/TRACE] [FML]:   Registry: 107 minecraft:block.stone.place net.minecraft.util.SoundEvent@7c0777b5
[20:56:33] [Server thread/TRACE] [FML]:   Registry: 108 minecraft:block.stone.step net.minecraft.util.SoundEvent@2489e84a
[20:56:33] [Server thread/TRACE] [FML]:   Registry: 109 minecraft:block.stone_button.click_off net.minecraft.util.SoundEvent@2a39aa2b
[20:56:33] [Server thread/TRACE] [FML]:   Registry: 110 minecraft:block.stone_button.click_on net.minecraft.util.SoundEvent@62b93086
[20:56:33] [Server thread/TRACE] [FML]:   Registry: 111 minecraft:block.stone_pressureplate.click_off net.minecraft.util.SoundEvent@254449bb
[20:56:33] [Server thread/TRACE] [FML]:   Registry: 112 minecraft:block.stone_pressureplate.click_on net.minecraft.util.SoundEvent@4e642ee1
[20:56:33] [Server thread/TRACE] [FML]:   Registry: 113 minecraft:block.tripwire.attach net.minecraft.util.SoundEvent@29ebbdf4
[20:56:33] [Server thread/TRACE] [FML]:   Registry: 114 minecraft:block.tripwire.click_off net.minecraft.util.SoundEvent@2fd954f
[20:56:33] [Server thread/TRACE] [FML]:   Registry: 115 minecraft:block.tripwire.click_on net.minecraft.util.SoundEvent@5731d3a
[20:56:33] [Server thread/TRACE] [FML]:   Registry: 116 minecraft:block.tripwire.detach net.minecraft.util.SoundEvent@6a0f2853
[20:56:33] [Server thread/TRACE] [FML]:   Registry: 117 minecraft:block.water.ambient net.minecraft.util.SoundEvent@1eff3cfb
[20:56:33] [Server thread/TRACE] [FML]:   Registry: 118 minecraft:block.waterlily.place net.minecraft.util.SoundEvent@70c69586
[20:56:33] [Server thread/TRACE] [FML]:   Registry: 119 minecraft:block.wood.break net.minecraft.util.SoundEvent@6dc1dc69
[20:56:33] [Server thread/TRACE] [FML]:   Registry: 120 minecraft:block.wood.fall net.minecraft.util.SoundEvent@7e9f2c32
[20:56:33] [Server thread/TRACE] [FML]:   Registry: 121 minecraft:block.wood.hit net.minecraft.util.SoundEvent@19e0dffe
[20:56:33] [Server thread/TRACE] [FML]:   Registry: 122 minecraft:block.wood.place net.minecraft.util.SoundEvent@5d4e13e1
[20:56:33] [Server thread/TRACE] [FML]:   Registry: 123 minecraft:block.wood.step net.minecraft.util.SoundEvent@3e0fbeb5
[20:56:33] [Server thread/TRACE] [FML]:   Registry: 124 minecraft:block.wood_button.click_off net.minecraft.util.SoundEvent@3976ebfa
[20:56:33] [Server thread/TRACE] [FML]:   Registry: 125 minecraft:block.wood_button.click_on net.minecraft.util.SoundEvent@2676dc05
[20:56:33] [Server thread/TRACE] [FML]:   Registry: 126 minecraft:block.wood_pressureplate.click_off net.minecraft.util.SoundEvent@b0a1231
[20:56:33] [Server thread/TRACE] [FML]:   Registry: 127 minecraft:block.wood_pressureplate.click_on net.minecraft.util.SoundEvent@4833eff3
[20:56:33] [Server thread/TRACE] [FML]:   Registry: 128 minecraft:block.wooden_door.close net.minecraft.util.SoundEvent@4694f434
[20:56:33] [Server thread/TRACE] [FML]:   Registry: 129 minecraft:block.wooden_door.open net.minecraft.util.SoundEvent@56928e17
[20:56:33] [Server thread/TRACE] [FML]:   Registry: 130 minecraft:block.wooden_trapdoor.close net.minecraft.util.SoundEvent@dd2856e
[20:56:33] [Server thread/TRACE] [FML]:   Registry: 131 minecraft:block.wooden_trapdoor.open net.minecraft.util.SoundEvent@5a49af50
[20:56:33] [Server thread/TRACE] [FML]:   Registry: 132 minecraft:enchant.thorns.hit net.minecraft.util.SoundEvent@3b1dc579
[20:56:33] [Server thread/TRACE] [FML]:   Registry: 133 minecraft:entity.armorstand.break net.minecraft.util.SoundEvent@793d163b
[20:56:33] [Server thread/TRACE] [FML]:   Registry: 134 minecraft:entity.armorstand.fall net.minecraft.util.SoundEvent@60dd0587
[20:56:33] [Server thread/TRACE] [FML]:   Registry: 135 minecraft:entity.armorstand.hit net.minecraft.util.SoundEvent@77f905e3
[20:56:33] [Server thread/TRACE] [FML]:   Registry: 136 minecraft:entity.armorstand.place net.minecraft.util.SoundEvent@221a2068
[20:56:33] [Server thread/TRACE] [FML]:   Registry: 137 minecraft:entity.arrow.hit net.minecraft.util.SoundEvent@338766de
[20:56:33] [Server thread/TRACE] [FML]:   Registry: 138 minecraft:entity.arrow.hit_player net.minecraft.util.SoundEvent@3b7eac14
[20:56:33] [Server thread/TRACE] [FML]:   Registry: 139 minecraft:entity.arrow.shoot net.minecraft.util.SoundEvent@4976085
[20:56:33] [Server thread/TRACE] [FML]:   Registry: 140 minecraft:entity.bat.ambient net.minecraft.util.SoundEvent@777d191f
[20:56:33] [Server thread/TRACE] [FML]:   Registry: 141 minecraft:entity.bat.death net.minecraft.util.SoundEvent@7fc420b8
[20:56:33] [Server thread/TRACE] [FML]:   Registry: 142 minecraft:entity.bat.hurt net.minecraft.util.SoundEvent@31142d58
[20:56:33] [Server thread/TRACE] [FML]:   Registry: 143 minecraft:entity.bat.loop net.minecraft.util.SoundEvent@e38f0b7
[20:56:33] [Server thread/TRACE] [FML]:   Registry: 144 minecraft:entity.bat.takeoff net.minecraft.util.SoundEvent@1192b58e
[20:56:33] [Server thread/TRACE] [FML]:   Registry: 145 minecraft:entity.blaze.ambient net.minecraft.util.SoundEvent@4f8d86e4
[20:56:33] [Server thread/TRACE] [FML]:   Registry: 146 minecraft:entity.blaze.burn net.minecraft.util.SoundEvent@5f631ca0
[20:56:33] [Server thread/TRACE] [FML]:   Registry: 147 minecraft:entity.blaze.death net.minecraft.util.SoundEvent@1697f2b3
[20:56:33] [Server thread/TRACE] [FML]:   Registry: 148 minecraft:entity.blaze.hurt net.minecraft.util.SoundEvent@12ad1b2a
[20:56:33] [Server thread/TRACE] [FML]:   Registry: 149 minecraft:entity.blaze.shoot net.minecraft.util.SoundEvent@3134153d
[20:56:33] [Server thread/TRACE] [FML]:   Registry: 150 minecraft:entity.boat.paddle_land net.minecraft.util.SoundEvent@767599a7
[20:56:33] [Server thread/TRACE] [FML]:   Registry: 151 minecraft:entity.boat.paddle_water net.minecraft.util.SoundEvent@5f5effb0
[20:56:33] [Server thread/TRACE] [FML]:   Registry: 152 minecraft:entity.bobber.retrieve net.minecraft.util.SoundEvent@25d0cb3a
[20:56:33] [Server thread/TRACE] [FML]:   Registry: 153 minecraft:entity.bobber.splash net.minecraft.util.SoundEvent@345cbf40
[20:56:33] [Server thread/TRACE] [FML]:   Registry: 154 minecraft:entity.bobber.throw net.minecraft.util.SoundEvent@6e3eb0cd
[20:56:33] [Server thread/TRACE] [FML]:   Registry: 155 minecraft:entity.cat.ambient net.minecraft.util.SoundEvent@463561c5
[20:56:33] [Server thread/TRACE] [FML]:   Registry: 156 minecraft:entity.cat.death net.minecraft.util.SoundEvent@659feb22
[20:56:33] [Server thread/TRACE] [FML]:   Registry: 157 minecraft:entity.cat.hiss net.minecraft.util.SoundEvent@3468ee6e
[20:56:33] [Server thread/TRACE] [FML]:   Registry: 158 minecraft:entity.cat.hurt net.minecraft.util.SoundEvent@2f4b98f6
[20:56:33] [Server thread/TRACE] [FML]:   Registry: 159 minecraft:entity.cat.purr net.minecraft.util.SoundEvent@421def93
[20:56:33] [Server thread/TRACE] [FML]:   Registry: 160 minecraft:entity.cat.purreow net.minecraft.util.SoundEvent@58c1da09
[20:56:33] [Server thread/TRACE] [FML]:   Registry: 161 minecraft:entity.chicken.ambient net.minecraft.util.SoundEvent@2b2954e1
[20:56:33] [Server thread/TRACE] [FML]:   Registry: 162 minecraft:entity.chicken.death net.minecraft.util.SoundEvent@58d6e55a
[20:56:33] [Server thread/TRACE] [FML]:   Registry: 163 minecraft:entity.chicken.egg net.minecraft.util.SoundEvent@751ae8a4
[20:56:33] [Server thread/TRACE] [FML]:   Registry: 164 minecraft:entity.chicken.hurt net.minecraft.util.SoundEvent@235d659c
[20:56:33] [Server thread/TRACE] [FML]:   Registry: 165 minecraft:entity.chicken.step net.minecraft.util.SoundEvent@4232b34a
[20:56:33] [Server thread/TRACE] [FML]:   Registry: 166 minecraft:entity.cow.ambient net.minecraft.util.SoundEvent@2da16263
[20:56:33] [Server thread/TRACE] [FML]:   Registry: 167 minecraft:entity.cow.death net.minecraft.util.SoundEvent@f5ce0bb
[20:56:33] [Server thread/TRACE] [FML]:   Registry: 168 minecraft:entity.cow.hurt net.minecraft.util.SoundEvent@47e51549
[20:56:33] [Server thread/TRACE] [FML]:   Registry: 169 minecraft:entity.cow.milk net.minecraft.util.SoundEvent@101a461c
[20:56:33] [Server thread/TRACE] [FML]:   Registry: 170 minecraft:entity.cow.step net.minecraft.util.SoundEvent@360e9c06
[20:56:33] [Server thread/TRACE] [FML]:   Registry: 171 minecraft:entity.creeper.death net.minecraft.util.SoundEvent@5ebffb44
[20:56:33] [Server thread/TRACE] [FML]:   Registry: 172 minecraft:entity.creeper.hurt net.minecraft.util.SoundEvent@311ff287
[20:56:33] [Server thread/TRACE] [FML]:   Registry: 173 minecraft:entity.creeper.primed net.minecraft.util.SoundEvent@7377781e
[20:56:33] [Server thread/TRACE] [FML]:   Registry: 174 minecraft:entity.donkey.ambient net.minecraft.util.SoundEvent@31db34da
[20:56:33] [Server thread/TRACE] [FML]:   Registry: 175 minecraft:entity.donkey.angry net.minecraft.util.SoundEvent@109f8c7e
[20:56:33] [Server thread/TRACE] [FML]:   Registry: 176 minecraft:entity.donkey.chest net.minecraft.util.SoundEvent@5edacf20
[20:56:33] [Server thread/TRACE] [FML]:   Registry: 177 minecraft:entity.donkey.death net.minecraft.util.SoundEvent@16a5eb6d
[20:56:33] [Server thread/TRACE] [FML]:   Registry: 178 minecraft:entity.donkey.hurt net.minecraft.util.SoundEvent@7e307087
[20:56:33] [Server thread/TRACE] [FML]:   Registry: 179 minecraft:entity.egg.throw net.minecraft.util.SoundEvent@1220ef43
[20:56:33] [Server thread/TRACE] [FML]:   Registry: 180 minecraft:entity.elder_guardian.ambient net.minecraft.util.SoundEvent@1a8b81e8
[20:56:33] [Server thread/TRACE] [FML]:   Registry: 181 minecraft:entity.elder_guardian.ambient_land net.minecraft.util.SoundEvent@234cff57
[20:56:33] [Server thread/TRACE] [FML]:   Registry: 182 minecraft:entity.elder_guardian.curse net.minecraft.util.SoundEvent@5e8507f1
[20:56:33] [Server thread/TRACE] [FML]:   Registry: 183 minecraft:entity.elder_guardian.death net.minecraft.util.SoundEvent@4bcaa195
[20:56:33] [Server thread/TRACE] [FML]:   Registry: 184 minecraft:entity.elder_guardian.death_land net.minecraft.util.SoundEvent@d08edc5
[20:56:33] [Server thread/TRACE] [FML]:   Registry: 185 minecraft:entity.elder_guardian.flop net.minecraft.util.SoundEvent@49fa1d74
[20:56:33] [Server thread/TRACE] [FML]:   Registry: 186 minecraft:entity.elder_guardian.hurt net.minecraft.util.SoundEvent@3f362135
[20:56:33] [Server thread/TRACE] [FML]:   Registry: 187 minecraft:entity.elder_guardian.hurt_land net.minecraft.util.SoundEvent@21eee94f
[20:56:33] [Server thread/TRACE] [FML]:   Registry: 188 minecraft:entity.enderdragon.ambient net.minecraft.util.SoundEvent@6bc24e72
[20:56:33] [Server thread/TRACE] [FML]:   Registry: 189 minecraft:entity.enderdragon.death net.minecraft.util.SoundEvent@724aefc3
[20:56:33] [Server thread/TRACE] [FML]:   Registry: 190 minecraft:entity.enderdragon.flap net.minecraft.util.SoundEvent@7cfb4736
[20:56:33] [Server thread/TRACE] [FML]:   Registry: 191 minecraft:entity.enderdragon.growl net.minecraft.util.SoundEvent@2a097d77
[20:56:33] [Server thread/TRACE] [FML]:   Registry: 192 minecraft:entity.enderdragon.hurt net.minecraft.util.SoundEvent@53c1179a
[20:56:33] [Server thread/TRACE] [FML]:   Registry: 193 minecraft:entity.enderdragon.shoot net.minecraft.util.SoundEvent@7650ded6
[20:56:33] [Server thread/TRACE] [FML]:   Registry: 194 minecraft:entity.enderdragon_fireball.explode net.minecraft.util.SoundEvent@5034f5dd
[20:56:33] [Server thread/TRACE] [FML]:   Registry: 195 minecraft:entity.endereye.death net.minecraft.util.SoundEvent@31b7d869
[20:56:33] [Server thread/TRACE] [FML]:   Registry: 196 minecraft:entity.endereye.launch net.minecraft.util.SoundEvent@6a916402
[20:56:33] [Server thread/TRACE] [FML]:   Registry: 197 minecraft:entity.endermen.ambient net.minecraft.util.SoundEvent@1a47a1e8
[20:56:33] [Server thread/TRACE] [FML]:   Registry: 198 minecraft:entity.endermen.death net.minecraft.util.SoundEvent@6d2a2560
[20:56:33] [Server thread/TRACE] [FML]:   Registry: 199 minecraft:entity.endermen.hurt net.minecraft.util.SoundEvent@62d1dc3c
[20:56:33] [Server thread/TRACE] [FML]:   Registry: 200 minecraft:entity.endermen.scream net.minecraft.util.SoundEvent@3811510
[20:56:33] [Server thread/TRACE] [FML]:   Registry: 201 minecraft:entity.endermen.stare net.minecraft.util.SoundEvent@24eeac69
[20:56:33] [Server thread/TRACE] [FML]:   Registry: 202 minecraft:entity.endermen.teleport net.minecraft.util.SoundEvent@18539cb1
[20:56:33] [Server thread/TRACE] [FML]:   Registry: 203 minecraft:entity.endermite.ambient net.minecraft.util.SoundEvent@748f93bb
[20:56:33] [Server thread/TRACE] [FML]:   Registry: 204 minecraft:entity.endermite.death net.minecraft.util.SoundEvent@7f2d31af
[20:56:33] [Server thread/TRACE] [FML]:   Registry: 205 minecraft:entity.endermite.hurt net.minecraft.util.SoundEvent@2e7157c7
[20:56:33] [Server thread/TRACE] [FML]:   Registry: 206 minecraft:entity.endermite.step net.minecraft.util.SoundEvent@2a43e0ac
[20:56:33] [Server thread/TRACE] [FML]:   Registry: 207 minecraft:entity.enderpearl.throw net.minecraft.util.SoundEvent@22d9bc14
[20:56:33] [Server thread/TRACE] [FML]:   Registry: 208 minecraft:entity.evocation_fangs.attack net.minecraft.util.SoundEvent@346f41a9
[20:56:33] [Server thread/TRACE] [FML]:   Registry: 209 minecraft:entity.evocation_illager.ambient net.minecraft.util.SoundEvent@1084f78c
[20:56:33] [Server thread/TRACE] [FML]:   Registry: 210 minecraft:entity.evocation_illager.cast_spell net.minecraft.util.SoundEvent@25f723b0
[20:56:33] [Server thread/TRACE] [FML]:   Registry: 211 minecraft:entity.evocation_illager.death net.minecraft.util.SoundEvent@4aa11206
[20:56:33] [Server thread/TRACE] [FML]:   Registry: 212 minecraft:entity.evocation_illager.hurt net.minecraft.util.SoundEvent@40d60f2
[20:56:33] [Server thread/TRACE] [FML]:   Registry: 213 minecraft:entity.evocation_illager.prepare_attack net.minecraft.util.SoundEvent@3382cf68
[20:56:33] [Server thread/TRACE] [FML]:   Registry: 214 minecraft:entity.evocation_illager.prepare_summon net.minecraft.util.SoundEvent@2f74900b
[20:56:33] [Server thread/TRACE] [FML]:   Registry: 215 minecraft:entity.evocation_illager.prepare_wololo net.minecraft.util.SoundEvent@6d8796c1
[20:56:33] [Server thread/TRACE] [FML]:   Registry: 216 minecraft:entity.experience_bottle.throw net.minecraft.util.SoundEvent@2e26173
[20:56:33] [Server thread/TRACE] [FML]:   Registry: 217 minecraft:entity.experience_orb.pickup net.minecraft.util.SoundEvent@27be17c8
[20:56:33] [Server thread/TRACE] [FML]:   Registry: 218 minecraft:entity.firework.blast net.minecraft.util.SoundEvent@2c413ffc
[20:56:33] [Server thread/TRACE] [FML]:   Registry: 219 minecraft:entity.firework.blast_far net.minecraft.util.SoundEvent@7d21852b
[20:56:33] [Server thread/TRACE] [FML]:   Registry: 220 minecraft:entity.firework.large_blast net.minecraft.util.SoundEvent@6cd98a05
[20:56:33] [Server thread/TRACE] [FML]:   Registry: 221 minecraft:entity.firework.large_blast_far net.minecraft.util.SoundEvent@3b8ec001
[20:56:33] [Server thread/TRACE] [FML]:   Registry: 222 minecraft:entity.firework.launch net.minecraft.util.SoundEvent@1e95b653
[20:56:33] [Server thread/TRACE] [FML]:   Registry: 223 minecraft:entity.firework.shoot net.minecraft.util.SoundEvent@6f6c6077
[20:56:33] [Server thread/TRACE] [FML]:   Registry: 224 minecraft:entity.firework.twinkle net.minecraft.util.SoundEvent@4fc5563d
[20:56:33] [Server thread/TRACE] [FML]:   Registry: 225 minecraft:entity.firework.twinkle_far net.minecraft.util.SoundEvent@286090c
[20:56:33] [Server thread/TRACE] [FML]:   Registry: 226 minecraft:entity.generic.big_fall net.minecraft.util.SoundEvent@31120021
[20:56:33] [Server thread/TRACE] [FML]:   Registry: 227 minecraft:entity.generic.burn net.minecraft.util.SoundEvent@3df1a1ac
[20:56:33] [Server thread/TRACE] [FML]:   Registry: 228 minecraft:entity.generic.death net.minecraft.util.SoundEvent@58606c91
[20:56:33] [Server thread/TRACE] [FML]:   Registry: 229 minecraft:entity.generic.drink net.minecraft.util.SoundEvent@6a9cd0f8
[20:56:33] [Server thread/TRACE] [FML]:   Registry: 230 minecraft:entity.generic.eat net.minecraft.util.SoundEvent@4baed682
[20:56:33] [Server thread/TRACE] [FML]:   Registry: 231 minecraft:entity.generic.explode net.minecraft.util.SoundEvent@7be2f29a
[20:56:33] [Server thread/TRACE] [FML]:   Registry: 232 minecraft:entity.generic.extinguish_fire net.minecraft.util.SoundEvent@203d1d93
[20:56:33] [Server thread/TRACE] [FML]:   Registry: 233 minecraft:entity.generic.hurt net.minecraft.util.SoundEvent@2c2a027c
[20:56:33] [Server thread/TRACE] [FML]:   Registry: 234 minecraft:entity.generic.small_fall net.minecraft.util.SoundEvent@118dcbbd
[20:56:33] [Server thread/TRACE] [FML]:   Registry: 235 minecraft:entity.generic.splash net.minecraft.util.SoundEvent@7d979d34
[20:56:33] [Server thread/TRACE] [FML]:   Registry: 236 minecraft:entity.generic.swim net.minecraft.util.SoundEvent@350ec690
[20:56:33] [Server thread/TRACE] [FML]:   Registry: 237 minecraft:entity.ghast.ambient net.minecraft.util.SoundEvent@49cb1baf
[20:56:33] [Server thread/TRACE] [FML]:   Registry: 238 minecraft:entity.ghast.death net.minecraft.util.SoundEvent@3664f108
[20:56:33] [Server thread/TRACE] [FML]:   Registry: 239 minecraft:entity.ghast.hurt net.minecraft.util.SoundEvent@77dba4cd
[20:56:33] [Server thread/TRACE] [FML]:   Registry: 240 minecraft:entity.ghast.scream net.minecraft.util.SoundEvent@34a2d6e0
[20:56:33] [Server thread/TRACE] [FML]:   Registry: 241 minecraft:entity.ghast.shoot net.minecraft.util.SoundEvent@2525a5b8
[20:56:33] [Server thread/TRACE] [FML]:   Registry: 242 minecraft:entity.ghast.warn net.minecraft.util.SoundEvent@3458eca5
[20:56:33] [Server thread/TRACE] [FML]:   Registry: 243 minecraft:entity.guardian.ambient net.minecraft.util.SoundEvent@1e0fdb2f
[20:56:33] [Server thread/TRACE] [FML]:   Registry: 244 minecraft:entity.guardian.ambient_land net.minecraft.util.SoundEvent@3c380bd8
[20:56:33] [Server thread/TRACE] [FML]:   Registry: 245 minecraft:entity.guardian.attack net.minecraft.util.SoundEvent@34b87182
[20:56:33] [Server thread/TRACE] [FML]:   Registry: 246 minecraft:entity.guardian.death net.minecraft.util.SoundEvent@47768e74
[20:56:33] [Server thread/TRACE] [FML]:   Registry: 247 minecraft:entity.guardian.death_land net.minecraft.util.SoundEvent@2740e316
[20:56:33] [Server thread/TRACE] [FML]:   Registry: 248 minecraft:entity.guardian.flop net.minecraft.util.SoundEvent@5b5a4aed
[20:56:33] [Server thread/TRACE] [FML]:   Registry: 249 minecraft:entity.guardian.hurt net.minecraft.util.SoundEvent@2c991465
[20:56:33] [Server thread/TRACE] [FML]:   Registry: 250 minecraft:entity.guardian.hurt_land net.minecraft.util.SoundEvent@5fef2aac
[20:56:33] [Server thread/TRACE] [FML]:   Registry: 251 minecraft:entity.horse.ambient net.minecraft.util.SoundEvent@7f973a14
[20:56:33] [Server thread/TRACE] [FML]:   Registry: 252 minecraft:entity.horse.angry net.minecraft.util.SoundEvent@76130a29
[20:56:33] [Server thread/TRACE] [FML]:   Registry: 253 minecraft:entity.horse.armor net.minecraft.util.SoundEvent@124d02b2
[20:56:33] [Server thread/TRACE] [FML]:   Registry: 254 minecraft:entity.horse.breathe net.minecraft.util.SoundEvent@3451f01d
[20:56:33] [Server thread/TRACE] [FML]:   Registry: 255 minecraft:entity.horse.death net.minecraft.util.SoundEvent@72503b19
[20:56:33] [Server thread/TRACE] [FML]:   Registry: 256 minecraft:entity.horse.eat net.minecraft.util.SoundEvent@1cfc2538
[20:56:33] [Server thread/TRACE] [FML]:   Registry: 257 minecraft:entity.horse.gallop net.minecraft.util.SoundEvent@66deec87
[20:56:33] [Server thread/TRACE] [FML]:   Registry: 258 minecraft:entity.horse.hurt net.minecraft.util.SoundEvent@5d342959
[20:56:33] [Server thread/TRACE] [FML]:   Registry: 259 minecraft:entity.horse.jump net.minecraft.util.SoundEvent@2ecf5915
[20:56:33] [Server thread/TRACE] [FML]:   Registry: 260 minecraft:entity.horse.land net.minecraft.util.SoundEvent@53e76c11
[20:56:33] [Server thread/TRACE] [FML]:   Registry: 261 minecraft:entity.horse.saddle net.minecraft.util.SoundEvent@42cc183e
[20:56:33] [Server thread/TRACE] [FML]:   Registry: 262 minecraft:entity.horse.step net.minecraft.util.SoundEvent@3e4e8fdf
[20:56:33] [Server thread/TRACE] [FML]:   Registry: 263 minecraft:entity.horse.step_wood net.minecraft.util.SoundEvent@6a1d6ef2
[20:56:33] [Server thread/TRACE] [FML]:   Registry: 264 minecraft:entity.hostile.big_fall net.minecraft.util.SoundEvent@2721044
[20:56:33] [Server thread/TRACE] [FML]:   Registry: 265 minecraft:entity.hostile.death net.minecraft.util.SoundEvent@205df5dc
[20:56:33] [Server thread/TRACE] [FML]:   Registry: 266 minecraft:entity.hostile.hurt net.minecraft.util.SoundEvent@6aa7b67f
[20:56:33] [Server thread/TRACE] [FML]:   Registry: 267 minecraft:entity.hostile.small_fall net.minecraft.util.SoundEvent@6bcc3f27
[20:56:33] [Server thread/TRACE] [FML]:   Registry: 268 minecraft:entity.hostile.splash net.minecraft.util.SoundEvent@79aee22a
[20:56:33] [Server thread/TRACE] [FML]:   Registry: 269 minecraft:entity.hostile.swim net.minecraft.util.SoundEvent@36920bd6
[20:56:33] [Server thread/TRACE] [FML]:   Registry: 270 minecraft:entity.husk.ambient net.minecraft.util.SoundEvent@61514735
[20:56:33] [Server thread/TRACE] [FML]:   Registry: 271 minecraft:entity.husk.death net.minecraft.util.SoundEvent@6bee793f
[20:56:33] [Server thread/TRACE] [FML]:   Registry: 272 minecraft:entity.husk.hurt net.minecraft.util.SoundEvent@655f69da
[20:56:33] [Server thread/TRACE] [FML]:   Registry: 273 minecraft:entity.husk.step net.minecraft.util.SoundEvent@43b5021c
[20:56:33] [Server thread/TRACE] [FML]:   Registry: 274 minecraft:entity.illusion_illager.ambient net.minecraft.util.SoundEvent@28369db0
[20:56:33] [Server thread/TRACE] [FML]:   Registry: 275 minecraft:entity.illusion_illager.cast_spell net.minecraft.util.SoundEvent@30893e08
[20:56:33] [Server thread/TRACE] [FML]:   Registry: 276 minecraft:entity.illusion_illager.death net.minecraft.util.SoundEvent@2e86807a
[20:56:33] [Server thread/TRACE] [FML]:   Registry: 277 minecraft:entity.illusion_illager.hurt net.minecraft.util.SoundEvent@4548d254
[20:56:33] [Server thread/TRACE] [FML]:   Registry: 278 minecraft:entity.illusion_illager.mirror_move net.minecraft.util.SoundEvent@590f0c50
[20:56:33] [Server thread/TRACE] [FML]:   Registry: 279 minecraft:entity.illusion_illager.prepare_blindness net.minecraft.util.SoundEvent@208f0007
[20:56:33] [Server thread/TRACE] [FML]:   Registry: 280 minecraft:entity.illusion_illager.prepare_mirror net.minecraft.util.SoundEvent@3a90c13c
[20:56:33] [Server thread/TRACE] [FML]:   Registry: 281 minecraft:entity.irongolem.attack net.minecraft.util.SoundEvent@39c96e48
[20:56:33] [Server thread/TRACE] [FML]:   Registry: 282 minecraft:entity.irongolem.death net.minecraft.util.SoundEvent@188598ad
[20:56:33] [Server thread/TRACE] [FML]:   Registry: 283 minecraft:entity.irongolem.hurt net.minecraft.util.SoundEvent@40d23c82
[20:56:33] [Server thread/TRACE] [FML]:   Registry: 284 minecraft:entity.irongolem.step net.minecraft.util.SoundEvent@7cf78c85
[20:56:33] [Server thread/TRACE] [FML]:   Registry: 285 minecraft:entity.item.break net.minecraft.util.SoundEvent@ebe067d
[20:56:33] [Server thread/TRACE] [FML]:   Registry: 286 minecraft:entity.item.pickup net.minecraft.util.SoundEvent@3a4ab7f7
[20:56:33] [Server thread/TRACE] [FML]:   Registry: 287 minecraft:entity.itemframe.add_item net.minecraft.util.SoundEvent@6badba10
[20:56:33] [Server thread/TRACE] [FML]:   Registry: 288 minecraft:entity.itemframe.break net.minecraft.util.SoundEvent@2b7e8044
[20:56:33] [Server thread/TRACE] [FML]:   Registry: 289 minecraft:entity.itemframe.place net.minecraft.util.SoundEvent@550de6b8
[20:56:33] [Server thread/TRACE] [FML]:   Registry: 290 minecraft:entity.itemframe.remove_item net.minecraft.util.SoundEvent@3a1706e1
[20:56:33] [Server thread/TRACE] [FML]:   Registry: 291 minecraft:entity.itemframe.rotate_item net.minecraft.util.SoundEvent@3c6c4689
[20:56:33] [Server thread/TRACE] [FML]:   Registry: 292 minecraft:entity.leashknot.break net.minecraft.util.SoundEvent@63cf9de0
[20:56:33] [Server thread/TRACE] [FML]:   Registry: 293 minecraft:entity.leashknot.place net.minecraft.util.SoundEvent@594d9f07
[20:56:33] [Server thread/TRACE] [FML]:   Registry: 294 minecraft:entity.lightning.impact net.minecraft.util.SoundEvent@5befbac1
[20:56:33] [Server thread/TRACE] [FML]:   Registry: 295 minecraft:entity.lightning.thunder net.minecraft.util.SoundEvent@5e9f73b
[20:56:33] [Server thread/TRACE] [FML]:   Registry: 296 minecraft:entity.lingeringpotion.throw net.minecraft.util.SoundEvent@1a565afb
[20:56:33] [Server thread/TRACE] [FML]:   Registry: 297 minecraft:entity.llama.ambient net.minecraft.util.SoundEvent@2fd64b11
[20:56:33] [Server thread/TRACE] [FML]:   Registry: 298 minecraft:entity.llama.angry net.minecraft.util.SoundEvent@949c598
[20:56:33] [Server thread/TRACE] [FML]:   Registry: 299 minecraft:entity.llama.chest net.minecraft.util.SoundEvent@43d3aba5
[20:56:33] [Server thread/TRACE] [FML]:   Registry: 300 minecraft:entity.llama.death net.minecraft.util.SoundEvent@6bfaa0a6
[20:56:33] [Server thread/TRACE] [FML]:   Registry: 301 minecraft:entity.llama.eat net.minecraft.util.SoundEvent@76e9f00b
[20:56:33] [Server thread/TRACE] [FML]:   Registry: 302 minecraft:entity.llama.hurt net.minecraft.util.SoundEvent@314b9e4b
[20:56:33] [Server thread/TRACE] [FML]:   Registry: 303 minecraft:entity.llama.spit net.minecraft.util.SoundEvent@6f1b8544
[20:56:33] [Server thread/TRACE] [FML]:   Registry: 304 minecraft:entity.llama.step net.minecraft.util.SoundEvent@51dae791
[20:56:33] [Server thread/TRACE] [FML]:   Registry: 305 minecraft:entity.llama.swag net.minecraft.util.SoundEvent@688a2c09
[20:56:33] [Server thread/TRACE] [FML]:   Registry: 306 minecraft:entity.magmacube.death net.minecraft.util.SoundEvent@5de5e95
[20:56:33] [Server thread/TRACE] [FML]:   Registry: 307 minecraft:entity.magmacube.hurt net.minecraft.util.SoundEvent@365cdacf
[20:56:33] [Server thread/TRACE] [FML]:   Registry: 308 minecraft:entity.magmacube.jump net.minecraft.util.SoundEvent@303c55fa
[20:56:33] [Server thread/TRACE] [FML]:   Registry: 309 minecraft:entity.magmacube.squish net.minecraft.util.SoundEvent@9efcd90
[20:56:33] [Server thread/TRACE] [FML]:   Registry: 310 minecraft:entity.minecart.inside net.minecraft.util.SoundEvent@7eb200ce
[20:56:33] [Server thread/TRACE] [FML]:   Registry: 311 minecraft:entity.minecart.riding net.minecraft.util.SoundEvent@2ee83775
[20:56:33] [Server thread/TRACE] [FML]:   Registry: 312 minecraft:entity.mooshroom.shear net.minecraft.util.SoundEvent@7c2924d7
[20:56:33] [Server thread/TRACE] [FML]:   Registry: 313 minecraft:entity.mule.ambient net.minecraft.util.SoundEvent@b5de58f
[20:56:33] [Server thread/TRACE] [FML]:   Registry: 314 minecraft:entity.mule.chest net.minecraft.util.SoundEvent@6587305a
[20:56:33] [Server thread/TRACE] [FML]:   Registry: 315 minecraft:entity.mule.death net.minecraft.util.SoundEvent@abbe000
[20:56:33] [Server thread/TRACE] [FML]:   Registry: 316 minecraft:entity.mule.hurt net.minecraft.util.SoundEvent@3f81621c
[20:56:33] [Server thread/TRACE] [FML]:   Registry: 317 minecraft:entity.painting.break net.minecraft.util.SoundEvent@5b9499fe
[20:56:33] [Server thread/TRACE] [FML]:   Registry: 318 minecraft:entity.painting.place net.minecraft.util.SoundEvent@74d6736
[20:56:33] [Server thread/TRACE] [FML]:   Registry: 319 minecraft:entity.parrot.ambient net.minecraft.util.SoundEvent@52a33c3f
[20:56:33] [Server thread/TRACE] [FML]:   Registry: 320 minecraft:entity.parrot.death net.minecraft.util.SoundEvent@668625f5
[20:56:33] [Server thread/TRACE] [FML]:   Registry: 321 minecraft:entity.parrot.eat net.minecraft.util.SoundEvent@19a20bb2
[20:56:33] [Server thread/TRACE] [FML]:   Registry: 322 minecraft:entity.parrot.fly net.minecraft.util.SoundEvent@75babb67
[20:56:33] [Server thread/TRACE] [FML]:   Registry: 323 minecraft:entity.parrot.hurt net.minecraft.util.SoundEvent@3eb3232b
[20:56:33] [Server thread/TRACE] [FML]:   Registry: 324 minecraft:entity.parrot.imitate.blaze net.minecraft.util.SoundEvent@69cd1085
[20:56:33] [Server thread/TRACE] [FML]:   Registry: 325 minecraft:entity.parrot.imitate.creeper net.minecraft.util.SoundEvent@60bb7995
[20:56:33] [Server thread/TRACE] [FML]:   Registry: 326 minecraft:entity.parrot.imitate.elder_guardian net.minecraft.util.SoundEvent@40fa8766
[20:56:33] [Server thread/TRACE] [FML]:   Registry: 327 minecraft:entity.parrot.imitate.enderdragon net.minecraft.util.SoundEvent@67774e29
[20:56:33] [Server thread/TRACE] [FML]:   Registry: 328 minecraft:entity.parrot.imitate.enderman net.minecraft.util.SoundEvent@663f237a
[20:56:33] [Server thread/TRACE] [FML]:   Registry: 329 minecraft:entity.parrot.imitate.endermite net.minecraft.util.SoundEvent@5d7399f9
[20:56:33] [Server thread/TRACE] [FML]:   Registry: 330 minecraft:entity.parrot.imitate.evocation_illager net.minecraft.util.SoundEvent@49a6f486
[20:56:33] [Server thread/TRACE] [FML]:   Registry: 331 minecraft:entity.parrot.imitate.ghast net.minecraft.util.SoundEvent@14fded9d
[20:56:33] [Server thread/TRACE] [FML]:   Registry: 332 minecraft:entity.parrot.imitate.husk net.minecraft.util.SoundEvent@bc6288b
[20:56:33] [Server thread/TRACE] [FML]:   Registry: 333 minecraft:entity.parrot.imitate.illusion_illager net.minecraft.util.SoundEvent@4a3bd45b
[20:56:33] [Server thread/TRACE] [FML]:   Registry: 334 minecraft:entity.parrot.imitate.magmacube net.minecraft.util.SoundEvent@34c70b5e
[20:56:33] [Server thread/TRACE] [FML]:   Registry: 335 minecraft:entity.parrot.imitate.polar_bear net.minecraft.util.SoundEvent@4f2d995e
[20:56:33] [Server thread/TRACE] [FML]:   Registry: 336 minecraft:entity.parrot.imitate.shulker net.minecraft.util.SoundEvent@75156240
[20:56:33] [Server thread/TRACE] [FML]:   Registry: 337 minecraft:entity.parrot.imitate.silverfish net.minecraft.util.SoundEvent@6198e9b5
[20:56:33] [Server thread/TRACE] [FML]:   Registry: 338 minecraft:entity.parrot.imitate.skeleton net.minecraft.util.SoundEvent@6d099323
[20:56:33] [Server thread/TRACE] [FML]:   Registry: 339 minecraft:entity.parrot.imitate.slime net.minecraft.util.SoundEvent@4ecd00b5
[20:56:33] [Server thread/TRACE] [FML]:   Registry: 340 minecraft:entity.parrot.imitate.spider net.minecraft.util.SoundEvent@10947c4e
[20:56:33] [Server thread/TRACE] [FML]:   Registry: 341 minecraft:entity.parrot.imitate.stray net.minecraft.util.SoundEvent@3667faa8
[20:56:33] [Server thread/TRACE] [FML]:   Registry: 342 minecraft:entity.parrot.imitate.vex net.minecraft.util.SoundEvent@1756f7cc
[20:56:33] [Server thread/TRACE] [FML]:   Registry: 343 minecraft:entity.parrot.imitate.vindication_illager net.minecraft.util.SoundEvent@3138953b
[20:56:33] [Server thread/TRACE] [FML]:   Registry: 344 minecraft:entity.parrot.imitate.witch net.minecraft.util.SoundEvent@27df95e
[20:56:33] [Server thread/TRACE] [FML]:   Registry: 345 minecraft:entity.parrot.imitate.wither net.minecraft.util.SoundEvent@b46e103
[20:56:33] [Server thread/TRACE] [FML]:   Registry: 346 minecraft:entity.parrot.imitate.wither_skeleton net.minecraft.util.SoundEvent@2b0e9f30
[20:56:33] [Server thread/TRACE] [FML]:   Registry: 347 minecraft:entity.parrot.imitate.wolf net.minecraft.util.SoundEvent@5eea5627
[20:56:33] [Server thread/TRACE] [FML]:   Registry: 348 minecraft:entity.parrot.imitate.zombie net.minecraft.util.SoundEvent@3330f3ad
[20:56:33] [Server thread/TRACE] [FML]:   Registry: 349 minecraft:entity.parrot.imitate.zombie_pigman net.minecraft.util.SoundEvent@f425231
[20:56:33] [Server thread/TRACE] [FML]:   Registry: 350 minecraft:entity.parrot.imitate.zombie_villager net.minecraft.util.SoundEvent@506aabf6
[20:56:33] [Server thread/TRACE] [FML]:   Registry: 351 minecraft:entity.parrot.step net.minecraft.util.SoundEvent@5cbd94b2
[20:56:33] [Server thread/TRACE] [FML]:   Registry: 352 minecraft:entity.pig.ambient net.minecraft.util.SoundEvent@6824b913
[20:56:33] [Server thread/TRACE] [FML]:   Registry: 353 minecraft:entity.pig.death net.minecraft.util.SoundEvent@756aadfc
[20:56:33] [Server thread/TRACE] [FML]:   Registry: 354 minecraft:entity.pig.hurt net.minecraft.util.SoundEvent@705a8dbc
[20:56:33] [Server thread/TRACE] [FML]:   Registry: 355 minecraft:entity.pig.saddle net.minecraft.util.SoundEvent@40729f01
[20:56:33] [Server thread/TRACE] [FML]:   Registry: 356 minecraft:entity.pig.step net.minecraft.util.SoundEvent@d535a3d
[20:56:33] [Server thread/TRACE] [FML]:   Registry: 357 minecraft:entity.player.attack.crit net.minecraft.util.SoundEvent@2d760326
[20:56:33] [Server thread/TRACE] [FML]:   Registry: 358 minecraft:entity.player.attack.knockback net.minecraft.util.SoundEvent@9e54c59
[20:56:33] [Server thread/TRACE] [FML]:   Registry: 359 minecraft:entity.player.attack.nodamage net.minecraft.util.SoundEvent@5dbb50f3
[20:56:33] [Server thread/TRACE] [FML]:   Registry: 360 minecraft:entity.player.attack.strong net.minecraft.util.SoundEvent@4a2e7bcb
[20:56:33] [Server thread/TRACE] [FML]:   Registry: 361 minecraft:entity.player.attack.sweep net.minecraft.util.SoundEvent@575c3e9b
[20:56:33] [Server thread/TRACE] [FML]:   Registry: 362 minecraft:entity.player.attack.weak net.minecraft.util.SoundEvent@74f827ad
[20:56:33] [Server thread/TRACE] [FML]:   Registry: 363 minecraft:entity.player.big_fall net.minecraft.util.SoundEvent@73c3cd09
[20:56:33] [Server thread/TRACE] [FML]:   Registry: 364 minecraft:entity.player.breath net.minecraft.util.SoundEvent@4a8a0099
[20:56:33] [Server thread/TRACE] [FML]:   Registry: 365 minecraft:entity.player.burp net.minecraft.util.SoundEvent@7c1447b5
[20:56:33] [Server thread/TRACE] [FML]:   Registry: 366 minecraft:entity.player.death net.minecraft.util.SoundEvent@49e4c2d5
[20:56:33] [Server thread/TRACE] [FML]:   Registry: 367 minecraft:entity.player.hurt net.minecraft.util.SoundEvent@24a2e565
[20:56:33] [Server thread/TRACE] [FML]:   Registry: 368 minecraft:entity.player.hurt_drown net.minecraft.util.SoundEvent@3e36b7a0
[20:56:33] [Server thread/TRACE] [FML]:   Registry: 369 minecraft:entity.player.hurt_on_fire net.minecraft.util.SoundEvent@60c1663c
[20:56:33] [Server thread/TRACE] [FML]:   Registry: 370 minecraft:entity.player.levelup net.minecraft.util.SoundEvent@f5cf29b
[20:56:33] [Server thread/TRACE] [FML]:   Registry: 371 minecraft:entity.player.small_fall net.minecraft.util.SoundEvent@3c66b7d8
[20:56:33] [Server thread/TRACE] [FML]:   Registry: 372 minecraft:entity.player.splash net.minecraft.util.SoundEvent@37e69c43
[20:56:33] [Server thread/TRACE] [FML]:   Registry: 373 minecraft:entity.player.swim net.minecraft.util.SoundEvent@5c7dfc05
[20:56:33] [Server thread/TRACE] [FML]:   Registry: 374 minecraft:entity.polar_bear.ambient net.minecraft.util.SoundEvent@345d053b
[20:56:33] [Server thread/TRACE] [FML]:   Registry: 375 minecraft:entity.polar_bear.baby_ambient net.minecraft.util.SoundEvent@3d0cac1f
[20:56:33] [Server thread/TRACE] [FML]:   Registry: 376 minecraft:entity.polar_bear.death net.minecraft.util.SoundEvent@3e8b3b79
[20:56:33] [Server thread/TRACE] [FML]:   Registry: 377 minecraft:entity.polar_bear.hurt net.minecraft.util.SoundEvent@d257579
[20:56:33] [Server thread/TRACE] [FML]:   Registry: 378 minecraft:entity.polar_bear.step net.minecraft.util.SoundEvent@518ddd3b
[20:56:33] [Server thread/TRACE] [FML]:   Registry: 379 minecraft:entity.polar_bear.warning net.minecraft.util.SoundEvent@939ff41
[20:56:33] [Server thread/TRACE] [FML]:   Registry: 380 minecraft:entity.rabbit.ambient net.minecraft.util.SoundEvent@6e0e5dec
[20:56:33] [Server thread/TRACE] [FML]:   Registry: 381 minecraft:entity.rabbit.attack net.minecraft.util.SoundEvent@48a663e9
[20:56:33] [Server thread/TRACE] [FML]:   Registry: 382 minecraft:entity.rabbit.death net.minecraft.util.SoundEvent@777d0bc3
[20:56:33] [Server thread/TRACE] [FML]:   Registry: 383 minecraft:entity.rabbit.hurt net.minecraft.util.SoundEvent@3178219a
[20:56:33] [Server thread/TRACE] [FML]:   Registry: 384 minecraft:entity.rabbit.jump net.minecraft.util.SoundEvent@2d85fb64
[20:56:33] [Server thread/TRACE] [FML]:   Registry: 385 minecraft:entity.sheep.ambient net.minecraft.util.SoundEvent@56476c16
[20:56:33] [Server thread/TRACE] [FML]:   Registry: 386 minecraft:entity.sheep.death net.minecraft.util.SoundEvent@497b560e
[20:56:33] [Server thread/TRACE] [FML]:   Registry: 387 minecraft:entity.sheep.hurt net.minecraft.util.SoundEvent@39ffda4a
[20:56:33] [Server thread/TRACE] [FML]:   Registry: 388 minecraft:entity.sheep.shear net.minecraft.util.SoundEvent@3ba348ca
[20:56:33] [Server thread/TRACE] [FML]:   Registry: 389 minecraft:entity.sheep.step net.minecraft.util.SoundEvent@56e9a474
[20:56:33] [Server thread/TRACE] [FML]:   Registry: 390 minecraft:entity.shulker.ambient net.minecraft.util.SoundEvent@45b15381
[20:56:33] [Server thread/TRACE] [FML]:   Registry: 391 minecraft:entity.shulker.close net.minecraft.util.SoundEvent@2dbfcf7
[20:56:33] [Server thread/TRACE] [FML]:   Registry: 392 minecraft:entity.shulker.death net.minecraft.util.SoundEvent@239f017e
[20:56:33] [Server thread/TRACE] [FML]:   Registry: 393 minecraft:entity.shulker.hurt net.minecraft.util.SoundEvent@38cedb7d
[20:56:33] [Server thread/TRACE] [FML]:   Registry: 394 minecraft:entity.shulker.hurt_closed net.minecraft.util.SoundEvent@772caabe
[20:56:33] [Server thread/TRACE] [FML]:   Registry: 395 minecraft:entity.shulker.open net.minecraft.util.SoundEvent@2acdcce8
[20:56:33] [Server thread/TRACE] [FML]:   Registry: 396 minecraft:entity.shulker.shoot net.minecraft.util.SoundEvent@7102ac3e
[20:56:33] [Server thread/TRACE] [FML]:   Registry: 397 minecraft:entity.shulker.teleport net.minecraft.util.SoundEvent@3f598450
[20:56:33] [Server thread/TRACE] [FML]:   Registry: 398 minecraft:entity.shulker_bullet.hit net.minecraft.util.SoundEvent@2db2a05f
[20:56:33] [Server thread/TRACE] [FML]:   Registry: 399 minecraft:entity.shulker_bullet.hurt net.minecraft.util.SoundEvent@695c938d
[20:56:33] [Server thread/TRACE] [FML]:   Registry: 400 minecraft:entity.silverfish.ambient net.minecraft.util.SoundEvent@d5bb1c4
[20:56:33] [Server thread/TRACE] [FML]:   Registry: 401 minecraft:entity.silverfish.death net.minecraft.util.SoundEvent@7ed3df3b
[20:56:33] [Server thread/TRACE] [FML]:   Registry: 402 minecraft:entity.silverfish.hurt net.minecraft.util.SoundEvent@465b38e6
[20:56:33] [Server thread/TRACE] [FML]:   Registry: 403 minecraft:entity.silverfish.step net.minecraft.util.SoundEvent@4b960b5b
[20:56:33] [Server thread/TRACE] [FML]:   Registry: 404 minecraft:entity.skeleton.ambient net.minecraft.util.SoundEvent@1b13467c
[20:56:33] [Server thread/TRACE] [FML]:   Registry: 405 minecraft:entity.skeleton.death net.minecraft.util.SoundEvent@7bd96822
[20:56:33] [Server thread/TRACE] [FML]:   Registry: 406 minecraft:entity.skeleton.hurt net.minecraft.util.SoundEvent@64dae3b7
[20:56:33] [Server thread/TRACE] [FML]:   Registry: 407 minecraft:entity.skeleton.shoot net.minecraft.util.SoundEvent@1fedf0a4
[20:56:33] [Server thread/TRACE] [FML]:   Registry: 408 minecraft:entity.skeleton.step net.minecraft.util.SoundEvent@1e4c6583
[20:56:33] [Server thread/TRACE] [FML]:   Registry: 409 minecraft:entity.skeleton_horse.ambient net.minecraft.util.SoundEvent@2ee48610
[20:56:33] [Server thread/TRACE] [FML]:   Registry: 410 minecraft:entity.skeleton_horse.death net.minecraft.util.SoundEvent@1d901f20
[20:56:33] [Server thread/TRACE] [FML]:   Registry: 411 minecraft:entity.skeleton_horse.hurt net.minecraft.util.SoundEvent@6d08b4e6
[20:56:33] [Server thread/TRACE] [FML]:   Registry: 412 minecraft:entity.slime.attack net.minecraft.util.SoundEvent@1015a4b9
[20:56:33] [Server thread/TRACE] [FML]:   Registry: 413 minecraft:entity.slime.death net.minecraft.util.SoundEvent@1acb74ad
[20:56:33] [Server thread/TRACE] [FML]:   Registry: 414 minecraft:entity.slime.hurt net.minecraft.util.SoundEvent@7bf01cb
[20:56:33] [Server thread/TRACE] [FML]:   Registry: 415 minecraft:entity.slime.jump net.minecraft.util.SoundEvent@2f382a5e
[20:56:33] [Server thread/TRACE] [FML]:   Registry: 416 minecraft:entity.slime.squish net.minecraft.util.SoundEvent@12b5736c
[20:56:33] [Server thread/TRACE] [FML]:   Registry: 417 minecraft:entity.small_magmacube.death net.minecraft.util.SoundEvent@539a138b
[20:56:33] [Server thread/TRACE] [FML]:   Registry: 418 minecraft:entity.small_magmacube.hurt net.minecraft.util.SoundEvent@2cd4e16a
[20:56:33] [Server thread/TRACE] [FML]:   Registry: 419 minecraft:entity.small_magmacube.squish net.minecraft.util.SoundEvent@42505474
[20:56:33] [Server thread/TRACE] [FML]:   Registry: 420 minecraft:entity.small_slime.death net.minecraft.util.SoundEvent@7b477141
[20:56:33] [Server thread/TRACE] [FML]:   Registry: 421 minecraft:entity.small_slime.hurt net.minecraft.util.SoundEvent@784223e9
[20:56:33] [Server thread/TRACE] [FML]:   Registry: 422 minecraft:entity.small_slime.jump net.minecraft.util.SoundEvent@7316523a
[20:56:33] [Server thread/TRACE] [FML]:   Registry: 423 minecraft:entity.small_slime.squish net.minecraft.util.SoundEvent@33a55bd8
[20:56:33] [Server thread/TRACE] [FML]:   Registry: 424 minecraft:entity.snowball.throw net.minecraft.util.SoundEvent@73a8e994
[20:56:33] [Server thread/TRACE] [FML]:   Registry: 425 minecraft:entity.snowman.ambient net.minecraft.util.SoundEvent@1a1cc163
[20:56:33] [Server thread/TRACE] [FML]:   Registry: 426 minecraft:entity.snowman.death net.minecraft.util.SoundEvent@5b5ac798
[20:56:33] [Server thread/TRACE] [FML]:   Registry: 427 minecraft:entity.snowman.hurt net.minecraft.util.SoundEvent@42383cb0
[20:56:33] [Server thread/TRACE] [FML]:   Registry: 428 minecraft:entity.snowman.shoot net.minecraft.util.SoundEvent@7668892a
[20:56:33] [Server thread/TRACE] [FML]:   Registry: 429 minecraft:entity.spider.ambient net.minecraft.util.SoundEvent@a83495d
[20:56:33] [Server thread/TRACE] [FML]:   Registry: 430 minecraft:entity.spider.death net.minecraft.util.SoundEvent@7e83992
[20:56:33] [Server thread/TRACE] [FML]:   Registry: 431 minecraft:entity.spider.hurt net.minecraft.util.SoundEvent@4364863
[20:56:33] [Server thread/TRACE] [FML]:   Registry: 432 minecraft:entity.spider.step net.minecraft.util.SoundEvent@3625a016
[20:56:33] [Server thread/TRACE] [FML]:   Registry: 433 minecraft:entity.splash_potion.break net.minecraft.util.SoundEvent@267cde2e
[20:56:33] [Server thread/TRACE] [FML]:   Registry: 434 minecraft:entity.splash_potion.throw net.minecraft.util.SoundEvent@609e57da
[20:56:33] [Server thread/TRACE] [FML]:   Registry: 435 minecraft:entity.squid.ambient net.minecraft.util.SoundEvent@56dd6efa
[20:56:33] [Server thread/TRACE] [FML]:   Registry: 436 minecraft:entity.squid.death net.minecraft.util.SoundEvent@4d634127
[20:56:33] [Server thread/TRACE] [FML]:   Registry: 437 minecraft:entity.squid.hurt net.minecraft.util.SoundEvent@d2e6b0b
[20:56:33] [Server thread/TRACE] [FML]:   Registry: 438 minecraft:entity.stray.ambient net.minecraft.util.SoundEvent@1f1cddf3
[20:56:33] [Server thread/TRACE] [FML]:   Registry: 439 minecraft:entity.stray.death net.minecraft.util.SoundEvent@228bda54
[20:56:33] [Server thread/TRACE] [FML]:   Registry: 440 minecraft:entity.stray.hurt net.minecraft.util.SoundEvent@75b6dd5b
[20:56:33] [Server thread/TRACE] [FML]:   Registry: 441 minecraft:entity.stray.step net.minecraft.util.SoundEvent@b3e86d5
[20:56:33] [Server thread/TRACE] [FML]:   Registry: 442 minecraft:entity.tnt.primed net.minecraft.util.SoundEvent@72b43104
[20:56:33] [Server thread/TRACE] [FML]:   Registry: 443 minecraft:entity.vex.ambient net.minecraft.util.SoundEvent@e111c7c
[20:56:33] [Server thread/TRACE] [FML]:   Registry: 444 minecraft:entity.vex.charge net.minecraft.util.SoundEvent@4d0e54e0
[20:56:33] [Server thread/TRACE] [FML]:   Registry: 445 minecraft:entity.vex.death net.minecraft.util.SoundEvent@32f96bba
[20:56:33] [Server thread/TRACE] [FML]:   Registry: 446 minecraft:entity.vex.hurt net.minecraft.util.SoundEvent@611640f0
[20:56:33] [Server thread/TRACE] [FML]:   Registry: 447 minecraft:entity.villager.ambient net.minecraft.util.SoundEvent@67e25252
[20:56:33] [Server thread/TRACE] [FML]:   Registry: 448 minecraft:entity.villager.death net.minecraft.util.SoundEvent@58f4b31a
[20:56:33] [Server thread/TRACE] [FML]:   Registry: 449 minecraft:entity.villager.hurt net.minecraft.util.SoundEvent@21a9a705
[20:56:33] [Server thread/TRACE] [FML]:   Registry: 450 minecraft:entity.villager.no net.minecraft.util.SoundEvent@72eb6200
[20:56:33] [Server thread/TRACE] [FML]:   Registry: 451 minecraft:entity.villager.trading net.minecraft.util.SoundEvent@76ececd
[20:56:33] [Server thread/TRACE] [FML]:   Registry: 452 minecraft:entity.villager.yes net.minecraft.util.SoundEvent@7affc159
[20:56:33] [Server thread/TRACE] [FML]:   Registry: 453 minecraft:entity.vindication_illager.ambient net.minecraft.util.SoundEvent@1682c08c
[20:56:33] [Server thread/TRACE] [FML]:   Registry: 454 minecraft:entity.vindication_illager.death net.minecraft.util.SoundEvent@3fd05b3e
[20:56:33] [Server thread/TRACE] [FML]:   Registry: 455 minecraft:entity.vindication_illager.hurt net.minecraft.util.SoundEvent@4eb9f2af
[20:56:33] [Server thread/TRACE] [FML]:   Registry: 456 minecraft:entity.witch.ambient net.minecraft.util.SoundEvent@4a481728
[20:56:33] [Server thread/TRACE] [FML]:   Registry: 457 minecraft:entity.witch.death net.minecraft.util.SoundEvent@4ace284d
[20:56:33] [Server thread/TRACE] [FML]:   Registry: 458 minecraft:entity.witch.drink net.minecraft.util.SoundEvent@77fa9381
[20:56:33] [Server thread/TRACE] [FML]:   Registry: 459 minecraft:entity.witch.hurt net.minecraft.util.SoundEvent@76d72b5b
[20:56:33] [Server thread/TRACE] [FML]:   Registry: 460 minecraft:entity.witch.throw net.minecraft.util.SoundEvent@7cac93fe
[20:56:33] [Server thread/TRACE] [FML]:   Registry: 461 minecraft:entity.wither.ambient net.minecraft.util.SoundEvent@479b5066
[20:56:33] [Server thread/TRACE] [FML]:   Registry: 462 minecraft:entity.wither.break_block net.minecraft.util.SoundEvent@64deb58f
[20:56:33] [Server thread/TRACE] [FML]:   Registry: 463 minecraft:entity.wither.death net.minecraft.util.SoundEvent@2b1cd7bc
[20:56:33] [Server thread/TRACE] [FML]:   Registry: 464 minecraft:entity.wither.hurt net.minecraft.util.SoundEvent@33379242
[20:56:33] [Server thread/TRACE] [FML]:   Registry: 465 minecraft:entity.wither.shoot net.minecraft.util.SoundEvent@2e32fc22
[20:56:33] [Server thread/TRACE] [FML]:   Registry: 466 minecraft:entity.wither.spawn net.minecraft.util.SoundEvent@3f5156a6
[20:56:33] [Server thread/TRACE] [FML]:   Registry: 467 minecraft:entity.wither_skeleton.ambient net.minecraft.util.SoundEvent@72bdd7c7
[20:56:33] [Server thread/TRACE] [FML]:   Registry: 468 minecraft:entity.wither_skeleton.death net.minecraft.util.SoundEvent@7d17ee50
[20:56:33] [Server thread/TRACE] [FML]:   Registry: 469 minecraft:entity.wither_skeleton.hurt net.minecraft.util.SoundEvent@44fdce3c
[20:56:33] [Server thread/TRACE] [FML]:   Registry: 470 minecraft:entity.wither_skeleton.step net.minecraft.util.SoundEvent@712c5463
[20:56:33] [Server thread/TRACE] [FML]:   Registry: 471 minecraft:entity.wolf.ambient net.minecraft.util.SoundEvent@6d33a66e
[20:56:33] [Server thread/TRACE] [FML]:   Registry: 472 minecraft:entity.wolf.death net.minecraft.util.SoundEvent@2f14b0f6
[20:56:33] [Server thread/TRACE] [FML]:   Registry: 473 minecraft:entity.wolf.growl net.minecraft.util.SoundEvent@5b20706
[20:56:33] [Server thread/TRACE] [FML]:   Registry: 474 minecraft:entity.wolf.howl net.minecraft.util.SoundEvent@16aed49f
[20:56:33] [Server thread/TRACE] [FML]:   Registry: 475 minecraft:entity.wolf.hurt net.minecraft.util.SoundEvent@66de00f2
[20:56:33] [Server thread/TRACE] [FML]:   Registry: 476 minecraft:entity.wolf.pant net.minecraft.util.SoundEvent@6c479fdf
[20:56:33] [Server thread/TRACE] [FML]:   Registry: 477 minecraft:entity.wolf.shake net.minecraft.util.SoundEvent@79d82f66
[20:56:33] [Server thread/TRACE] [FML]:   Registry: 478 minecraft:entity.wolf.step net.minecraft.util.SoundEvent@19b206ee
[20:56:33] [Server thread/TRACE] [FML]:   Registry: 479 minecraft:entity.wolf.whine net.minecraft.util.SoundEvent@ffd4cba
[20:56:33] [Server thread/TRACE] [FML]:   Registry: 480 minecraft:entity.zombie.ambient net.minecraft.util.SoundEvent@5f1483fd
[20:56:33] [Server thread/TRACE] [FML]:   Registry: 481 minecraft:entity.zombie.attack_door_wood net.minecraft.util.SoundEvent@670f2466
[20:56:33] [Server thread/TRACE] [FML]:   Registry: 482 minecraft:entity.zombie.attack_iron_door net.minecraft.util.SoundEvent@6e03db1f
[20:56:33] [Server thread/TRACE] [FML]:   Registry: 483 minecraft:entity.zombie.break_door_wood net.minecraft.util.SoundEvent@bfec2f9
[20:56:33] [Server thread/TRACE] [FML]:   Registry: 484 minecraft:entity.zombie.death net.minecraft.util.SoundEvent@708eb310
[20:56:33] [Server thread/TRACE] [FML]:   Registry: 485 minecraft:entity.zombie.hurt net.minecraft.util.SoundEvent@6ebc9573
[20:56:33] [Server thread/TRACE] [FML]:   Registry: 486 minecraft:entity.zombie.infect net.minecraft.util.SoundEvent@1e977098
[20:56:33] [Server thread/TRACE] [FML]:   Registry: 487 minecraft:entity.zombie.step net.minecraft.util.SoundEvent@630390b9
[20:56:33] [Server thread/TRACE] [FML]:   Registry: 488 minecraft:entity.zombie_horse.ambient net.minecraft.util.SoundEvent@6690b9fa
[20:56:33] [Server thread/TRACE] [FML]:   Registry: 489 minecraft:entity.zombie_horse.death net.minecraft.util.SoundEvent@6c8dbf56
[20:56:33] [Server thread/TRACE] [FML]:   Registry: 490 minecraft:entity.zombie_horse.hurt net.minecraft.util.SoundEvent@493b01ef
[20:56:33] [Server thread/TRACE] [FML]:   Registry: 491 minecraft:entity.zombie_pig.ambient net.minecraft.util.SoundEvent@36c2d629
[20:56:33] [Server thread/TRACE] [FML]:   Registry: 492 minecraft:entity.zombie_pig.angry net.minecraft.util.SoundEvent@55fee662
[20:56:33] [Server thread/TRACE] [FML]:   Registry: 493 minecraft:entity.zombie_pig.death net.minecraft.util.SoundEvent@54089484
[20:56:33] [Server thread/TRACE] [FML]:   Registry: 494 minecraft:entity.zombie_pig.hurt net.minecraft.util.SoundEvent@45adc393
[20:56:33] [Server thread/TRACE] [FML]:   Registry: 495 minecraft:entity.zombie_villager.ambient net.minecraft.util.SoundEvent@65fe2691
[20:56:33] [Server thread/TRACE] [FML]:   Registry: 496 minecraft:entity.zombie_villager.converted net.minecraft.util.SoundEvent@479111ba
[20:56:33] [Server thread/TRACE] [FML]:   Registry: 497 minecraft:entity.zombie_villager.cure net.minecraft.util.SoundEvent@57ad1178
[20:56:33] [Server thread/TRACE] [FML]:   Registry: 498 minecraft:entity.zombie_villager.death net.minecraft.util.SoundEvent@7c37f145
[20:56:33] [Server thread/TRACE] [FML]:   Registry: 499 minecraft:entity.zombie_villager.hurt net.minecraft.util.SoundEvent@68699afc
[20:56:33] [Server thread/TRACE] [FML]:   Registry: 500 minecraft:entity.zombie_villager.step net.minecraft.util.SoundEvent@273a5a8a
[20:56:33] [Server thread/TRACE] [FML]:   Registry: 501 minecraft:item.armor.equip_chain net.minecraft.util.SoundEvent@1823b9c4
[20:56:33] [Server thread/TRACE] [FML]:   Registry: 502 minecraft:item.armor.equip_diamond net.minecraft.util.SoundEvent@5b5dce5c
[20:56:33] [Server thread/TRACE] [FML]:   Registry: 503 minecraft:item.armor.equip_elytra net.minecraft.util.SoundEvent@7f4701b1
[20:56:33] [Server thread/TRACE] [FML]:   Registry: 504 minecraft:item.armor.equip_generic net.minecraft.util.SoundEvent@adcfad9
[20:56:33] [Server thread/TRACE] [FML]:   Registry: 505 minecraft:item.armor.equip_gold net.minecraft.util.SoundEvent@fb49fdf
[20:56:33] [Server thread/TRACE] [FML]:   Registry: 506 minecraft:item.armor.equip_iron net.minecraft.util.SoundEvent@3a2e9f5b
[20:56:33] [Server thread/TRACE] [FML]:   Registry: 507 minecraft:item.armor.equip_leather net.minecraft.util.SoundEvent@7da34b26
[20:56:33] [Server thread/TRACE] [FML]:   Registry: 508 minecraft:item.bottle.empty net.minecraft.util.SoundEvent@10c47c79
[20:56:33] [Server thread/TRACE] [FML]:   Registry: 509 minecraft:item.bottle.fill net.minecraft.util.SoundEvent@3b2553d9
[20:56:33] [Server thread/TRACE] [FML]:   Registry: 510 minecraft:item.bottle.fill_dragonbreath net.minecraft.util.SoundEvent@753fd7a1
[20:56:33] [Server thread/TRACE] [FML]:   Registry: 511 minecraft:item.bucket.empty net.minecraft.util.SoundEvent@12a2585b
[20:56:33] [Server thread/TRACE] [FML]:   Registry: 512 minecraft:item.bucket.empty_lava net.minecraft.util.SoundEvent@21b6c9c2
[20:56:33] [Server thread/TRACE] [FML]:   Registry: 513 minecraft:item.bucket.fill net.minecraft.util.SoundEvent@309cedb6
[20:56:33] [Server thread/TRACE] [FML]:   Registry: 514 minecraft:item.bucket.fill_lava net.minecraft.util.SoundEvent@3b95a6db
[20:56:33] [Server thread/TRACE] [FML]:   Registry: 515 minecraft:item.chorus_fruit.teleport net.minecraft.util.SoundEvent@3bf54172
[20:56:33] [Server thread/TRACE] [FML]:   Registry: 516 minecraft:item.elytra.flying net.minecraft.util.SoundEvent@2c9a6717
[20:56:33] [Server thread/TRACE] [FML]:   Registry: 517 minecraft:item.firecharge.use net.minecraft.util.SoundEvent@7b3cde6f
[20:56:33] [Server thread/TRACE] [FML]:   Registry: 518 minecraft:item.flintandsteel.use net.minecraft.util.SoundEvent@6d091cad
[20:56:33] [Server thread/TRACE] [FML]:   Registry: 519 minecraft:item.hoe.till net.minecraft.util.SoundEvent@7c663eaf
[20:56:33] [Server thread/TRACE] [FML]:   Registry: 520 minecraft:item.shield.block net.minecraft.util.SoundEvent@3bb5ceb
[20:56:33] [Server thread/TRACE] [FML]:   Registry: 521 minecraft:item.shield.break net.minecraft.util.SoundEvent@1e692555
[20:56:33] [Server thread/TRACE] [FML]:   Registry: 522 minecraft:item.shovel.flatten net.minecraft.util.SoundEvent@3ba0ae41
[20:56:33] [Server thread/TRACE] [FML]:   Registry: 523 minecraft:item.totem.use net.minecraft.util.SoundEvent@76fe6cdc
[20:56:33] [Server thread/TRACE] [FML]:   Registry: 524 minecraft:music.creative net.minecraft.util.SoundEvent@2ffb3aec
[20:56:33] [Server thread/TRACE] [FML]:   Registry: 525 minecraft:music.credits net.minecraft.util.SoundEvent@786ff1cb
[20:56:33] [Server thread/TRACE] [FML]:   Registry: 526 minecraft:music.dragon net.minecraft.util.SoundEvent@46039a21
[20:56:33] [Server thread/TRACE] [FML]:   Registry: 527 minecraft:music.end net.minecraft.util.SoundEvent@431e86b1
[20:56:33] [Server thread/TRACE] [FML]:   Registry: 528 minecraft:music.game net.minecraft.util.SoundEvent@35c4e864
[20:56:33] [Server thread/TRACE] [FML]:   Registry: 529 minecraft:music.menu net.minecraft.util.SoundEvent@32a2a6be
[20:56:33] [Server thread/TRACE] [FML]:   Registry: 530 minecraft:music.nether net.minecraft.util.SoundEvent@682af059
[20:56:33] [Server thread/TRACE] [FML]:   Registry: 531 minecraft:record.11 net.minecraft.util.SoundEvent@5f36c8e3
[20:56:33] [Server thread/TRACE] [FML]:   Registry: 532 minecraft:record.13 net.minecraft.util.SoundEvent@4da39ca9
[20:56:33] [Server thread/TRACE] [FML]:   Registry: 533 minecraft:record.blocks net.minecraft.util.SoundEvent@6a9344f5
[20:56:33] [Server thread/TRACE] [FML]:   Registry: 534 minecraft:record.cat net.minecraft.util.SoundEvent@5584d9c6
[20:56:33] [Server thread/TRACE] [FML]:   Registry: 535 minecraft:record.chirp net.minecraft.util.SoundEvent@3c9c6245
[20:56:33] [Server thread/TRACE] [FML]:   Registry: 536 minecraft:record.far net.minecraft.util.SoundEvent@6d0be7ab
[20:56:33] [Server thread/TRACE] [FML]:   Registry: 537 minecraft:record.mall net.minecraft.util.SoundEvent@1d4fb213
[20:56:33] [Server thread/TRACE] [FML]:   Registry: 538 minecraft:record.mellohi net.minecraft.util.SoundEvent@6ef60295
[20:56:33] [Server thread/TRACE] [FML]:   Registry: 539 minecraft:record.stal net.minecraft.util.SoundEvent@3127cb44
[20:56:33] [Server thread/TRACE] [FML]:   Registry: 540 minecraft:record.strad net.minecraft.util.SoundEvent@3234474
[20:56:33] [Server thread/TRACE] [FML]:   Registry: 541 minecraft:record.wait net.minecraft.util.SoundEvent@631cb129
[20:56:33] [Server thread/TRACE] [FML]:   Registry: 542 minecraft:record.ward net.minecraft.util.SoundEvent@3d20e575
[20:56:33] [Server thread/TRACE] [FML]:   Registry: 543 minecraft:ui.button.click net.minecraft.util.SoundEvent@3252747e
[20:56:33] [Server thread/TRACE] [FML]:   Registry: 544 minecraft:ui.toast.in net.minecraft.util.SoundEvent@2b4b96a4
[20:56:33] [Server thread/TRACE] [FML]:   Registry: 545 minecraft:ui.toast.out net.minecraft.util.SoundEvent@2dd8ff1d
[20:56:33] [Server thread/TRACE] [FML]:   Registry: 546 minecraft:ui.toast.challenge_complete net.minecraft.util.SoundEvent@17e9bc9e
[20:56:33] [Server thread/TRACE] [FML]:   Registry: 547 minecraft:weather.rain net.minecraft.util.SoundEvent@36b9cb99
[20:56:33] [Server thread/TRACE] [FML]:   Registry: 548 minecraft:weather.rain.above net.minecraft.util.SoundEvent@4130955c
[20:56:33] [Server thread/TRACE] [FML]: Registry Name : minecraft:potiontypes
[20:56:33] [Server thread/TRACE] [FML]:   Registry: 0 minecraft:empty net.minecraft.potion.PotionType@5c1dd18
[20:56:33] [Server thread/TRACE] [FML]:   Registry: 1 minecraft:water net.minecraft.potion.PotionType@2a6dbb7c
[20:56:33] [Server thread/TRACE] [FML]:   Registry: 2 minecraft:mundane net.minecraft.potion.PotionType@5178345d
[20:56:33] [Server thread/TRACE] [FML]:   Registry: 3 minecraft:thick net.minecraft.potion.PotionType@7b2d58e6
[20:56:33] [Server thread/TRACE] [FML]:   Registry: 4 minecraft:awkward net.minecraft.potion.PotionType@708f7386
[20:56:33] [Server thread/TRACE] [FML]:   Registry: 5 minecraft:night_vision net.minecraft.potion.PotionType@377e90b0
[20:56:33] [Server thread/TRACE] [FML]:   Registry: 6 minecraft:long_night_vision net.minecraft.potion.PotionType@27b490de
[20:56:33] [Server thread/TRACE] [FML]:   Registry: 7 minecraft:invisibility net.minecraft.potion.PotionType@36cf16a6
[20:56:33] [Server thread/TRACE] [FML]:   Registry: 8 minecraft:long_invisibility net.minecraft.potion.PotionType@3dd750ba
[20:56:33] [Server thread/TRACE] [FML]:   Registry: 9 minecraft:leaping net.minecraft.potion.PotionType@7eefaca0
[20:56:33] [Server thread/TRACE] [FML]:   Registry: 10 minecraft:long_leaping net.minecraft.potion.PotionType@7d5ef1c3
[20:56:33] [Server thread/TRACE] [FML]:   Registry: 11 minecraft:strong_leaping net.minecraft.potion.PotionType@33eab2e8
[20:56:33] [Server thread/TRACE] [FML]:   Registry: 12 minecraft:fire_resistance net.minecraft.potion.PotionType@34bf66af
[20:56:33] [Server thread/TRACE] [FML]:   Registry: 13 minecraft:long_fire_resistance net.minecraft.potion.PotionType@37364634
[20:56:33] [Server thread/TRACE] [FML]:   Registry: 14 minecraft:swiftness net.minecraft.potion.PotionType@3dec79f8
[20:56:33] [Server thread/TRACE] [FML]:   Registry: 15 minecraft:long_swiftness net.minecraft.potion.PotionType@5bf7f15f
[20:56:33] [Server thread/TRACE] [FML]:   Registry: 16 minecraft:strong_swiftness net.minecraft.potion.PotionType@14b26e90
[20:56:33] [Server thread/TRACE] [FML]:   Registry: 17 minecraft:slowness net.minecraft.potion.PotionType@11309dd4
[20:56:33] [Server thread/TRACE] [FML]:   Registry: 18 minecraft:long_slowness net.minecraft.potion.PotionType@4f4d05b3
[20:56:33] [Server thread/TRACE] [FML]:   Registry: 19 minecraft:water_breathing net.minecraft.potion.PotionType@2bd4780c
[20:56:33] [Server thread/TRACE] [FML]:   Registry: 20 minecraft:long_water_breathing net.minecraft.potion.PotionType@2c154508
[20:56:33] [Server thread/TRACE] [FML]:   Registry: 21 minecraft:healing net.minecraft.potion.PotionType@395eb363
[20:56:33] [Server thread/TRACE] [FML]:   Registry: 22 minecraft:strong_healing net.minecraft.potion.PotionType@1e194966
[20:56:33] [Server thread/TRACE] [FML]:   Registry: 23 minecraft:harming net.minecraft.potion.PotionType@160546b1
[20:56:33] [Server thread/TRACE] [FML]:   Registry: 24 minecraft:strong_harming net.minecraft.potion.PotionType@103e7c7c
[20:56:33] [Server thread/TRACE] [FML]:   Registry: 25 minecraft:poison net.minecraft.potion.PotionType@5c3710b3
[20:56:33] [Server thread/TRACE] [FML]:   Registry: 26 minecraft:long_poison net.minecraft.potion.PotionType@8b1202a
[20:56:33] [Server thread/TRACE] [FML]:   Registry: 27 minecraft:strong_poison net.minecraft.potion.PotionType@34bddf43
[20:56:33] [Server thread/TRACE] [FML]:   Registry: 28 minecraft:regeneration net.minecraft.potion.PotionType@57839834
[20:56:33] [Server thread/TRACE] [FML]:   Registry: 29 minecraft:long_regeneration net.minecraft.potion.PotionType@3355b8ff
[20:56:33] [Server thread/TRACE] [FML]:   Registry: 30 minecraft:strong_regeneration net.minecraft.potion.PotionType@32646ecf
[20:56:33] [Server thread/TRACE] [FML]:   Registry: 31 minecraft:strength net.minecraft.potion.PotionType@68f9e807
[20:56:33] [Server thread/TRACE] [FML]:   Registry: 32 minecraft:long_strength net.minecraft.potion.PotionType@23708f14
[20:56:33] [Server thread/TRACE] [FML]:   Registry: 33 minecraft:strong_strength net.minecraft.potion.PotionType@3dfc59c5
[20:56:33] [Server thread/TRACE] [FML]:   Registry: 34 minecraft:weakness net.minecraft.potion.PotionType@2cff5aa3
[20:56:33] [Server thread/TRACE] [FML]:   Registry: 35 minecraft:long_weakness net.minecraft.potion.PotionType@b6136eb
[20:56:33] [Server thread/TRACE] [FML]:   Registry: 36 minecraft:luck net.minecraft.potion.PotionType@2cce10bc
[20:56:33] [Server thread/TRACE] [FML]: Registry Name : minecraft:enchantments
[20:56:33] [Server thread/TRACE] [FML]:   Registry: 0 minecraft:protection net.minecraft.enchantment.EnchantmentProtection@5bb99d1d
[20:56:33] [Server thread/TRACE] [FML]:   Registry: 1 minecraft:fire_protection net.minecraft.enchantment.EnchantmentProtection@3006bfb
[20:56:33] [Server thread/TRACE] [FML]:   Registry: 2 minecraft:feather_falling net.minecraft.enchantment.EnchantmentProtection@4fd37449
[20:56:33] [Server thread/TRACE] [FML]:   Registry: 3 minecraft:blast_protection net.minecraft.enchantment.EnchantmentProtection@5402612e
[20:56:33] [Server thread/TRACE] [FML]:   Registry: 4 minecraft:projectile_protection net.minecraft.enchantment.EnchantmentProtection@43445fc6
[20:56:33] [Server thread/TRACE] [FML]:   Registry: 5 minecraft:respiration net.minecraft.enchantment.EnchantmentOxygen@2f73f0c7
[20:56:33] [Server thread/TRACE] [FML]:   Registry: 6 minecraft:aqua_affinity net.minecraft.enchantment.EnchantmentWaterWorker@5950054d
[20:56:33] [Server thread/TRACE] [FML]:   Registry: 7 minecraft:thorns net.minecraft.enchantment.EnchantmentThorns@4c2bea52
[20:56:33] [Server thread/TRACE] [FML]:   Registry: 8 minecraft:depth_strider net.minecraft.enchantment.EnchantmentWaterWalker@58f290bc
[20:56:33] [Server thread/TRACE] [FML]:   Registry: 9 minecraft:frost_walker net.minecraft.enchantment.EnchantmentFrostWalker@1fa98a22
[20:56:33] [Server thread/TRACE] [FML]:   Registry: 10 minecraft:binding_curse net.minecraft.enchantment.EnchantmentBindingCurse@67e11bda
[20:56:33] [Server thread/TRACE] [FML]:   Registry: 16 minecraft:sharpness net.minecraft.enchantment.EnchantmentDamage@10a0a1e
[20:56:33] [Server thread/TRACE] [FML]:   Registry: 17 minecraft:smite net.minecraft.enchantment.EnchantmentDamage@2976ef56
[20:56:33] [Server thread/TRACE] [FML]:   Registry: 18 minecraft:bane_of_arthropods net.minecraft.enchantment.EnchantmentDamage@4345fd45
[20:56:33] [Server thread/TRACE] [FML]:   Registry: 19 minecraft:knockback net.minecraft.enchantment.EnchantmentKnockback@36665c11
[20:56:33] [Server thread/TRACE] [FML]:   Registry: 20 minecraft:fire_aspect net.minecraft.enchantment.EnchantmentFireAspect@3e4f2300
[20:56:33] [Server thread/TRACE] [FML]:   Registry: 21 minecraft:looting net.minecraft.enchantment.EnchantmentLootBonus@6906be0f
[20:56:33] [Server thread/TRACE] [FML]:   Registry: 22 minecraft:sweeping net.minecraft.enchantment.EnchantmentSweepingEdge@e91facf
[20:56:33] [Server thread/TRACE] [FML]:   Registry: 32 minecraft:efficiency net.minecraft.enchantment.EnchantmentDigging@74830d73
[20:56:33] [Server thread/TRACE] [FML]:   Registry: 33 minecraft:silk_touch net.minecraft.enchantment.EnchantmentUntouching@644947ee
[20:56:33] [Server thread/TRACE] [FML]:   Registry: 34 minecraft:unbreaking net.minecraft.enchantment.EnchantmentDurability@71262020
[20:56:33] [Server thread/TRACE] [FML]:   Registry: 35 minecraft:fortune net.minecraft.enchantment.EnchantmentLootBonus@5f3ddc86
[20:56:33] [Server thread/TRACE] [FML]:   Registry: 48 minecraft:power net.minecraft.enchantment.EnchantmentArrowDamage@38e7860c
[20:56:33] [Server thread/TRACE] [FML]:   Registry: 49 minecraft:punch net.minecraft.enchantment.EnchantmentArrowKnockback@5891b7c5
[20:56:33] [Server thread/TRACE] [FML]:   Registry: 50 minecraft:flame net.minecraft.enchantment.EnchantmentArrowFire@2965dd88
[20:56:33] [Server thread/TRACE] [FML]:   Registry: 51 minecraft:infinity net.minecraft.enchantment.EnchantmentArrowInfinite@d13379e
[20:56:33] [Server thread/TRACE] [FML]:   Registry: 61 minecraft:luck_of_the_sea net.minecraft.enchantment.EnchantmentLootBonus@7c8df667
[20:56:33] [Server thread/TRACE] [FML]:   Registry: 62 minecraft:lure net.minecraft.enchantment.EnchantmentFishingSpeed@37c87fcc
[20:56:33] [Server thread/TRACE] [FML]:   Registry: 70 minecraft:mending net.minecraft.enchantment.EnchantmentMending@1d622556
[20:56:33] [Server thread/TRACE] [FML]:   Registry: 71 minecraft:vanishing_curse net.minecraft.enchantment.EnchantmentVanishingCurse@129b69b2
[20:56:33] [Server thread/TRACE] [FML]: Registry Name : minecraft:recipes
[20:56:33] [Server thread/TRACE] [FML]:   Registry: 0 minecraft:armordye net.minecraft.item.crafting.RecipesArmorDyes@4de93edd
[20:56:33] [Server thread/TRACE] [FML]:   Registry: 1 minecraft:bookcloning net.minecraft.item.crafting.RecipeBookCloning@5de243bb
[20:56:33] [Server thread/TRACE] [FML]:   Registry: 2 minecraft:mapcloning net.minecraft.item.crafting.RecipesMapCloning@72d0196d
[20:56:33] [Server thread/TRACE] [FML]:   Registry: 3 minecraft:mapextending net.minecraft.item.crafting.RecipesMapExtending@2d2133fd
[20:56:33] [Server thread/TRACE] [FML]:   Registry: 4 minecraft:fireworks net.minecraft.item.crafting.RecipeFireworks@5d6d424d
[20:56:33] [Server thread/TRACE] [FML]:   Registry: 5 minecraft:repairitem net.minecraft.item.crafting.RecipeRepairItem@18ff1520
[20:56:33] [Server thread/TRACE] [FML]:   Registry: 6 minecraft:tippedarrow net.minecraft.item.crafting.RecipeTippedArrow@51cd2d2
[20:56:33] [Server thread/TRACE] [FML]:   Registry: 7 minecraft:bannerduplicate net.minecraft.item.crafting.RecipesBanners$RecipeDuplicatePattern@3b8b5b40
[20:56:33] [Server thread/TRACE] [FML]:   Registry: 8 minecraft:banneraddpattern net.minecraft.item.crafting.RecipesBanners$RecipeAddPattern@418d1c03
[20:56:33] [Server thread/TRACE] [FML]:   Registry: 9 minecraft:shielddecoration net.minecraft.item.crafting.ShieldRecipes$Decoration@443253a6
[20:56:33] [Server thread/TRACE] [FML]:   Registry: 10 minecraft:shulkerboxcoloring net.minecraft.item.crafting.ShulkerBoxRecipes$ShulkerBoxColoring@6723e6b3
[20:56:33] [Server thread/TRACE] [FML]:   Registry: 11 minecraft:yellow_wool net.minecraft.item.crafting.ShapelessRecipes@6942ee48
[20:56:33] [Server thread/TRACE] [FML]:   Registry: 12 minecraft:yellow_stained_hardened_clay net.minecraft.item.crafting.ShapedRecipes@5fd4e67f
[20:56:33] [Server thread/TRACE] [FML]:   Registry: 13 minecraft:yellow_stained_glass_pane net.minecraft.item.crafting.ShapedRecipes@2b1a1a37
[20:56:33] [Server thread/TRACE] [FML]:   Registry: 14 minecraft:yellow_stained_glass net.minecraft.item.crafting.ShapedRecipes@119f072c
[20:56:33] [Server thread/TRACE] [FML]:   Registry: 15 minecraft:yellow_dye_from_sunflower net.minecraft.item.crafting.ShapelessRecipes@771afdd5
[20:56:33] [Server thread/TRACE] [FML]:   Registry: 16 minecraft:yellow_dye_from_dandelion net.minecraft.item.crafting.ShapelessRecipes@667dd150
[20:56:33] [Server thread/TRACE] [FML]:   Registry: 17 minecraft:yellow_concrete_powder net.minecraft.item.crafting.ShapelessRecipes@666b91db
[20:56:33] [Server thread/TRACE] [FML]:   Registry: 18 minecraft:yellow_carpet net.minecraft.item.crafting.ShapedRecipes@2b6ee447
[20:56:33] [Server thread/TRACE] [FML]:   Registry: 19 minecraft:yellow_bed_from_white_bed net.minecraft.item.crafting.ShapelessRecipes@1ab85862
[20:56:33] [Server thread/TRACE] [FML]:   Registry: 20 minecraft:yellow_bed net.minecraft.item.crafting.ShapedRecipes@62c47480
[20:56:33] [Server thread/TRACE] [FML]:   Registry: 21 minecraft:yellow_banner net.minecraft.item.crafting.ShapedRecipes@1554eaa4
[20:56:33] [Server thread/TRACE] [FML]:   Registry: 22 minecraft:writable_book net.minecraft.item.crafting.ShapelessRecipes@3e55eeb9
[20:56:33] [Server thread/TRACE] [FML]:   Registry: 23 minecraft:wooden_sword net.minecraft.item.crafting.ShapedRecipes@4e14d520
[20:56:33] [Server thread/TRACE] [FML]:   Registry: 24 minecraft:wooden_shovel net.minecraft.item.crafting.ShapedRecipes@3ee68377
[20:56:33] [Server thread/TRACE] [FML]:   Registry: 25 minecraft:wooden_pressure_plate net.minecraft.item.crafting.ShapedRecipes@9499643
[20:56:33] [Server thread/TRACE] [FML]:   Registry: 26 minecraft:wooden_pickaxe net.minecraft.item.crafting.ShapedRecipes@55b45ea1
[20:56:33] [Server thread/TRACE] [FML]:   Registry: 27 minecraft:wooden_hoe net.minecraft.item.crafting.ShapedRecipes@12d35bc9
[20:56:33] [Server thread/TRACE] [FML]:   Registry: 28 minecraft:wooden_door net.minecraft.item.crafting.ShapedRecipes@52035328
[20:56:33] [Server thread/TRACE] [FML]:   Registry: 29 minecraft:wooden_button net.minecraft.item.crafting.ShapedRecipes@749ee0e3
[20:56:33] [Server thread/TRACE] [FML]:   Registry: 30 minecraft:wooden_axe net.minecraft.item.crafting.ShapedRecipes@78a165db
[20:56:33] [Server thread/TRACE] [FML]:   Registry: 31 minecraft:white_stained_hardened_clay net.minecraft.item.crafting.ShapedRecipes@7744195
[20:56:33] [Server thread/TRACE] [FML]:   Registry: 32 minecraft:white_stained_glass_pane net.minecraft.item.crafting.ShapedRecipes@40cb95c1
[20:56:33] [Server thread/TRACE] [FML]:   Registry: 33 minecraft:white_stained_glass net.minecraft.item.crafting.ShapedRecipes@6068cda1
[20:56:33] [Server thread/TRACE] [FML]:   Registry: 34 minecraft:white_concrete_powder net.minecraft.item.crafting.ShapelessRecipes@113c4ad6
[20:56:33] [Server thread/TRACE] [FML]:   Registry: 35 minecraft:white_carpet net.minecraft.item.crafting.ShapedRecipes@cb1c58c
[20:56:33] [Server thread/TRACE] [FML]:   Registry: 36 minecraft:white_bed net.minecraft.item.crafting.ShapedRecipes@684a802a
[20:56:33] [Server thread/TRACE] [FML]:   Registry: 37 minecraft:white_banner net.minecraft.item.crafting.ShapedRecipes@23c00420
[20:56:33] [Server thread/TRACE] [FML]:   Registry: 38 minecraft:wheat net.minecraft.item.crafting.ShapedRecipes@21c5c68a
[20:56:33] [Server thread/TRACE] [FML]:   Registry: 39 minecraft:tripwire_hook net.minecraft.item.crafting.ShapedRecipes@1f57666b
[20:56:33] [Server thread/TRACE] [FML]:   Registry: 40 minecraft:trapped_chest net.minecraft.item.crafting.ShapelessRecipes@4153a832
[20:56:33] [Server thread/TRACE] [FML]:   Registry: 41 minecraft:trapdoor net.minecraft.item.crafting.ShapedRecipes@30ed4034
[20:56:33] [Server thread/TRACE] [FML]:   Registry: 42 minecraft:torch net.minecraft.item.crafting.ShapedRecipes@3bb4c2b2
[20:56:33] [Server thread/TRACE] [FML]:   Registry: 43 minecraft:tnt_minecart net.minecraft.item.crafting.ShapedRecipes@15d0b458
[20:56:33] [Server thread/TRACE] [FML]:   Registry: 44 minecraft:tnt net.minecraft.item.crafting.ShapedRecipes@6fd97fd1
[20:56:33] [Server thread/TRACE] [FML]:   Registry: 45 minecraft:sugar net.minecraft.item.crafting.ShapedRecipes@361fa478
[20:56:33] [Server thread/TRACE] [FML]:   Registry: 46 minecraft:string_to_wool net.minecraft.item.crafting.ShapedRecipes@3b4f1eb
[20:56:33] [Server thread/TRACE] [FML]:   Registry: 47 minecraft:stonebrick net.minecraft.item.crafting.ShapedRecipes@5e3405a1
[20:56:33] [Server thread/TRACE] [FML]:   Registry: 48 minecraft:stone_sword net.minecraft.item.crafting.ShapedRecipes@7cd25bf5
[20:56:33] [Server thread/TRACE] [FML]:   Registry: 49 minecraft:stone_stairs net.minecraft.item.crafting.ShapedRecipes@2697c156
[20:56:33] [Server thread/TRACE] [FML]:   Registry: 50 minecraft:stone_slab net.minecraft.item.crafting.ShapedRecipes@22ee7fdc
[20:56:33] [Server thread/TRACE] [FML]:   Registry: 51 minecraft:stone_shovel net.minecraft.item.crafting.ShapedRecipes@278c998
[20:56:33] [Server thread/TRACE] [FML]:   Registry: 52 minecraft:stone_pressure_plate net.minecraft.item.crafting.ShapedRecipes@3cfab340
[20:56:33] [Server thread/TRACE] [FML]:   Registry: 53 minecraft:stone_pickaxe net.minecraft.item.crafting.ShapedRecipes@4203529f
[20:56:33] [Server thread/TRACE] [FML]:   Registry: 54 minecraft:stone_hoe net.minecraft.item.crafting.ShapedRecipes@69ac5752
[20:56:33] [Server thread/TRACE] [FML]:   Registry: 55 minecraft:stone_button net.minecraft.item.crafting.ShapedRecipes@3df6494f
[20:56:33] [Server thread/TRACE] [FML]:   Registry: 56 minecraft:stone_brick_stairs net.minecraft.item.crafting.ShapedRecipes@361f1647
[20:56:33] [Server thread/TRACE] [FML]:   Registry: 57 minecraft:stone_brick_slab net.minecraft.item.crafting.ShapedRecipes@7cd8831c
[20:56:33] [Server thread/TRACE] [FML]:   Registry: 58 minecraft:stone_axe net.minecraft.item.crafting.ShapedRecipes@1e9d721
[20:56:33] [Server thread/TRACE] [FML]:   Registry: 59 minecraft:sticky_piston net.minecraft.item.crafting.ShapedRecipes@3ae91ab3
[20:56:33] [Server thread/TRACE] [FML]:   Registry: 60 minecraft:stick net.minecraft.item.crafting.ShapedRecipes@57867d96
[20:56:33] [Server thread/TRACE] [FML]:   Registry: 61 minecraft:spruce_wooden_slab net.minecraft.item.crafting.ShapedRecipes@c2f7c63
[20:56:33] [Server thread/TRACE] [FML]:   Registry: 62 minecraft:spruce_stairs net.minecraft.item.crafting.ShapedRecipes@4d770bcd
[20:56:33] [Server thread/TRACE] [FML]:   Registry: 63 minecraft:spruce_planks net.minecraft.item.crafting.ShapedRecipes@2d705998
[20:56:33] [Server thread/TRACE] [FML]:   Registry: 64 minecraft:spruce_fence_gate net.minecraft.item.crafting.ShapedRecipes@55317c63
[20:56:33] [Server thread/TRACE] [FML]:   Registry: 65 minecraft:spruce_fence net.minecraft.item.crafting.ShapedRecipes@288b73c1
[20:56:33] [Server thread/TRACE] [FML]:   Registry: 66 minecraft:spruce_door net.minecraft.item.crafting.ShapedRecipes@582ea164
[20:56:33] [Server thread/TRACE] [FML]:   Registry: 67 minecraft:spruce_boat net.minecraft.item.crafting.ShapedRecipes@3ac406d4
[20:56:33] [Server thread/TRACE] [FML]:   Registry: 68 minecraft:spectral_arrow net.minecraft.item.crafting.ShapedRecipes@57cff804
[20:56:33] [Server thread/TRACE] [FML]:   Registry: 69 minecraft:speckled_melon net.minecraft.item.crafting.ShapedRecipes@3de383f7
[20:56:33] [Server thread/TRACE] [FML]:   Registry: 70 minecraft:snow_layer net.minecraft.item.crafting.ShapedRecipes@341964d0
[20:56:33] [Server thread/TRACE] [FML]:   Registry: 71 minecraft:snow net.minecraft.item.crafting.ShapedRecipes@31de27c
[20:56:33] [Server thread/TRACE] [FML]:   Registry: 72 minecraft:smooth_sandstone net.minecraft.item.crafting.ShapedRecipes@6cd7dc74
[20:56:33] [Server thread/TRACE] [FML]:   Registry: 73 minecraft:smooth_red_sandstone net.minecraft.item.crafting.ShapedRecipes@5ca8bd01
[20:56:33] [Server thread/TRACE] [FML]:   Registry: 74 minecraft:slime_ball net.minecraft.item.crafting.ShapedRecipes@10ad95cd
[20:56:33] [Server thread/TRACE] [FML]:   Registry: 75 minecraft:slime net.minecraft.item.crafting.ShapedRecipes@64f33dee
[20:56:33] [Server thread/TRACE] [FML]:   Registry: 76 minecraft:sign net.minecraft.item.crafting.ShapedRecipes@5ee0cf64
[20:56:33] [Server thread/TRACE] [FML]:   Registry: 77 minecraft:shield net.minecraft.item.crafting.ShapedRecipes@3e71a1f8
[20:56:33] [Server thread/TRACE] [FML]:   Registry: 78 minecraft:shears net.minecraft.item.crafting.ShapedRecipes@2d3d4a54
[20:56:33] [Server thread/TRACE] [FML]:   Registry: 79 minecraft:sea_lantern net.minecraft.item.crafting.ShapedRecipes@3205610d
[20:56:33] [Server thread/TRACE] [FML]:   Registry: 80 minecraft:sandstone_stairs net.minecraft.item.crafting.ShapedRecipes@4e45fbd0
[20:56:33] [Server thread/TRACE] [FML]:   Registry: 81 minecraft:sandstone_slab net.minecraft.item.crafting.ShapedRecipes@2a5efbb9
[20:56:33] [Server thread/TRACE] [FML]:   Registry: 82 minecraft:sandstone net.minecraft.item.crafting.ShapedRecipes@456b140f
[20:56:33] [Server thread/TRACE] [FML]:   Registry: 83 minecraft:repeater net.minecraft.item.crafting.ShapedRecipes@1b9c716f
[20:56:33] [Server thread/TRACE] [FML]:   Registry: 84 minecraft:redstone_torch net.minecraft.item.crafting.ShapedRecipes@22854f2b
[20:56:33] [Server thread/TRACE] [FML]:   Registry: 85 minecraft:redstone_lamp net.minecraft.item.crafting.ShapedRecipes@7845ee8a
[20:56:33] [Server thread/TRACE] [FML]:   Registry: 86 minecraft:redstone_block net.minecraft.item.crafting.ShapedRecipes@27d6267e
[20:56:33] [Server thread/TRACE] [FML]:   Registry: 87 minecraft:redstone net.minecraft.item.crafting.ShapedRecipes@637506d8
[20:56:33] [Server thread/TRACE] [FML]:   Registry: 88 minecraft:red_wool net.minecraft.item.crafting.ShapelessRecipes@43cbafa6
[20:56:33] [Server thread/TRACE] [FML]:   Registry: 89 minecraft:red_stained_hardened_clay net.minecraft.item.crafting.ShapedRecipes@6bd2f039
[20:56:33] [Server thread/TRACE] [FML]:   Registry: 90 minecraft:red_stained_glass_pane net.minecraft.item.crafting.ShapedRecipes@4fc71437
[20:56:33] [Server thread/TRACE] [FML]:   Registry: 91 minecraft:red_stained_glass net.minecraft.item.crafting.ShapedRecipes@1b10f60e
[20:56:33] [Server thread/TRACE] [FML]:   Registry: 92 minecraft:red_sandstone_stairs net.minecraft.item.crafting.ShapedRecipes@2e02cc37
[20:56:33] [Server thread/TRACE] [FML]:   Registry: 93 minecraft:red_sandstone_slab net.minecraft.item.crafting.ShapedRecipes@186d6033
[20:56:33] [Server thread/TRACE] [FML]:   Registry: 94 minecraft:red_sandstone net.minecraft.item.crafting.ShapedRecipes@96075c0
[20:56:33] [Server thread/TRACE] [FML]:   Registry: 95 minecraft:red_nether_brick net.minecraft.item.crafting.ShapedRecipes@57e57dc5
[20:56:33] [Server thread/TRACE] [FML]:   Registry: 96 minecraft:red_dye_from_tulip net.minecraft.item.crafting.ShapelessRecipes@838e109
[20:56:33] [Server thread/TRACE] [FML]:   Registry: 97 minecraft:red_dye_from_rose_bush net.minecraft.item.crafting.ShapelessRecipes@57df09a7
[20:56:33] [Server thread/TRACE] [FML]:   Registry: 98 minecraft:red_dye_from_poppy net.minecraft.item.crafting.ShapelessRecipes@3b046e64
[20:56:33] [Server thread/TRACE] [FML]:   Registry: 99 minecraft:red_dye_from_beetroot net.minecraft.item.crafting.ShapelessRecipes@3921135e
[20:56:33] [Server thread/TRACE] [FML]:   Registry: 100 minecraft:red_concrete_powder net.minecraft.item.crafting.ShapelessRecipes@3093b9ff
[20:56:33] [Server thread/TRACE] [FML]:   Registry: 101 minecraft:red_carpet net.minecraft.item.crafting.ShapedRecipes@72bce309
[20:56:33] [Server thread/TRACE] [FML]:   Registry: 102 minecraft:red_bed_from_white_bed net.minecraft.item.crafting.ShapelessRecipes@5487a8f1
[20:56:33] [Server thread/TRACE] [FML]:   Registry: 103 minecraft:red_bed net.minecraft.item.crafting.ShapedRecipes@17dbca0a
[20:56:33] [Server thread/TRACE] [FML]:   Registry: 104 minecraft:red_banner net.minecraft.item.crafting.ShapedRecipes@5d00b469
[20:56:33] [Server thread/TRACE] [FML]:   Registry: 105 minecraft:rail net.minecraft.item.crafting.ShapedRecipes@228958a
[20:56:33] [Server thread/TRACE] [FML]:   Registry: 106 minecraft:rabbit_stew_from_red_mushroom net.minecraft.item.crafting.ShapedRecipes@2cc97e47
[20:56:33] [Server thread/TRACE] [FML]:   Registry: 107 minecraft:rabbit_stew_from_brown_mushroom net.minecraft.item.crafting.ShapedRecipes@7112fa5
[20:56:33] [Server thread/TRACE] [FML]:   Registry: 108 minecraft:quartz_stairs net.minecraft.item.crafting.ShapedRecipes@26feccf7
[20:56:33] [Server thread/TRACE] [FML]:   Registry: 109 minecraft:quartz_slab net.minecraft.item.crafting.ShapedRecipes@253b1cbd
[20:56:33] [Server thread/TRACE] [FML]:   Registry: 110 minecraft:quartz_block net.minecraft.item.crafting.ShapedRecipes@28c7fd9d
[20:56:33] [Server thread/TRACE] [FML]:   Registry: 111 minecraft:purpur_stairs net.minecraft.item.crafting.ShapedRecipes@788a0513
[20:56:33] [Server thread/TRACE] [FML]:   Registry: 112 minecraft:purpur_slab net.minecraft.item.crafting.ShapedRecipes@320fc4b0
[20:56:33] [Server thread/TRACE] [FML]:   Registry: 113 minecraft:purpur_pillar net.minecraft.item.crafting.ShapedRecipes@5cd6719d
[20:56:33] [Server thread/TRACE] [FML]:   Registry: 114 minecraft:purpur_block net.minecraft.item.crafting.ShapedRecipes@1ecec098
[20:56:33] [Server thread/TRACE] [FML]:   Registry: 115 minecraft:purple_wool net.minecraft.item.crafting.ShapelessRecipes@7ebaf0d
[20:56:33] [Server thread/TRACE] [FML]:   Registry: 116 minecraft:purple_stained_hardened_clay net.minecraft.item.crafting.ShapedRecipes@7cbfbcd1
[20:56:33] [Server thread/TRACE] [FML]:   Registry: 117 minecraft:purple_stained_glass_pane net.minecraft.item.crafting.ShapedRecipes@3ddac0b6
[20:56:33] [Server thread/TRACE] [FML]:   Registry: 118 minecraft:purple_stained_glass net.minecraft.item.crafting.ShapedRecipes@366b4a7b
[20:56:33] [Server thread/TRACE] [FML]:   Registry: 119 minecraft:purple_shulker_box net.minecraft.item.crafting.ShapedRecipes@a30dbc0
[20:56:33] [Server thread/TRACE] [FML]:   Registry: 120 minecraft:purple_dye net.minecraft.item.crafting.ShapelessRecipes@47772462
[20:56:33] [Server thread/TRACE] [FML]:   Registry: 121 minecraft:purple_concrete_powder net.minecraft.item.crafting.ShapelessRecipes@696105c4
[20:56:33] [Server thread/TRACE] [FML]:   Registry: 122 minecraft:purple_carpet net.minecraft.item.crafting.ShapedRecipes@3c17794e
[20:56:33] [Server thread/TRACE] [FML]:   Registry: 123 minecraft:purple_bed_from_white_bed net.minecraft.item.crafting.ShapelessRecipes@49ea13b6
[20:56:33] [Server thread/TRACE] [FML]:   Registry: 124 minecraft:purple_bed net.minecraft.item.crafting.ShapedRecipes@5dd6f517
[20:56:33] [Server thread/TRACE] [FML]:   Registry: 125 minecraft:purple_banner net.minecraft.item.crafting.ShapedRecipes@807c1e8
[20:56:33] [Server thread/TRACE] [FML]:   Registry: 126 minecraft:pumpkin_seeds net.minecraft.item.crafting.ShapedRecipes@33bfe6d3
[20:56:33] [Server thread/TRACE] [FML]:   Registry: 127 minecraft:pumpkin_pie net.minecraft.item.crafting.ShapelessRecipes@2d5c160e
[20:56:33] [Server thread/TRACE] [FML]:   Registry: 128 minecraft:prismarine_bricks net.minecraft.item.crafting.ShapedRecipes@2a73a64f
[20:56:33] [Server thread/TRACE] [FML]:   Registry: 129 minecraft:prismarine net.minecraft.item.crafting.ShapedRecipes@654db80b
[20:56:33] [Server thread/TRACE] [FML]:   Registry: 130 minecraft:polished_granite net.minecraft.item.crafting.ShapedRecipes@3be50b2c
[20:56:33] [Server thread/TRACE] [FML]:   Registry: 131 minecraft:polished_diorite net.minecraft.item.crafting.ShapedRecipes@3dec769
[20:56:33] [Server thread/TRACE] [FML]:   Registry: 132 minecraft:polished_andesite net.minecraft.item.crafting.ShapedRecipes@433b546f
[20:56:33] [Server thread/TRACE] [FML]:   Registry: 133 minecraft:piston net.minecraft.item.crafting.ShapedRecipes@68550d86
[20:56:33] [Server thread/TRACE] [FML]:   Registry: 134 minecraft:pink_wool net.minecraft.item.crafting.ShapelessRecipes@3436d3d7
[20:56:33] [Server thread/TRACE] [FML]:   Registry: 135 minecraft:pink_stained_hardened_clay net.minecraft.item.crafting.ShapedRecipes@8d7718e
[20:56:33] [Server thread/TRACE] [FML]:   Registry: 136 minecraft:pink_stained_glass_pane net.minecraft.item.crafting.ShapedRecipes@7c871ce4
[20:56:33] [Server thread/TRACE] [FML]:   Registry: 137 minecraft:pink_stained_glass net.minecraft.item.crafting.ShapedRecipes@4be7acd9
[20:56:33] [Server thread/TRACE] [FML]:   Registry: 138 minecraft:pink_dye_from_red_bonemeal net.minecraft.item.crafting.ShapelessRecipes@6f7b8ae1
[20:56:33] [Server thread/TRACE] [FML]:   Registry: 139 minecraft:pink_dye_from_pink_tulip net.minecraft.item.crafting.ShapelessRecipes@163fbbc9
[20:56:33] [Server thread/TRACE] [FML]:   Registry: 140 minecraft:pink_dye_from_peony net.minecraft.item.crafting.ShapelessRecipes@206bd7a0
[20:56:33] [Server thread/TRACE] [FML]:   Registry: 141 minecraft:pink_concrete_powder net.minecraft.item.crafting.ShapelessRecipes@350e3fb4
[20:56:33] [Server thread/TRACE] [FML]:   Registry: 142 minecraft:pink_carpet net.minecraft.item.crafting.ShapedRecipes@699bb304
[20:56:33] [Server thread/TRACE] [FML]:   Registry: 143 minecraft:pink_bed_from_white_bed net.minecraft.item.crafting.ShapelessRecipes@13cc31df
[20:56:33] [Server thread/TRACE] [FML]:   Registry: 144 minecraft:pink_bed net.minecraft.item.crafting.ShapedRecipes@440461ef
[20:56:33] [Server thread/TRACE] [FML]:   Registry: 145 minecraft:pink_banner net.minecraft.item.crafting.ShapedRecipes@2cd52eda
[20:56:33] [Server thread/TRACE] [FML]:   Registry: 146 minecraft:pillar_quartz_block net.minecraft.item.crafting.ShapedRecipes@6ed7b9c5
[20:56:33] [Server thread/TRACE] [FML]:   Registry: 147 minecraft:paper net.minecraft.item.crafting.ShapedRecipes@2c465259
[20:56:33] [Server thread/TRACE] [FML]:   Registry: 148 minecraft:painting net.minecraft.item.crafting.ShapedRecipes@87f6ab5
[20:56:33] [Server thread/TRACE] [FML]:   Registry: 149 minecraft:orange_wool net.minecraft.item.crafting.ShapelessRecipes@3494a35e
[20:56:33] [Server thread/TRACE] [FML]:   Registry: 150 minecraft:orange_stained_hardened_clay net.minecraft.item.crafting.ShapedRecipes@4a3bf37c
[20:56:33] [Server thread/TRACE] [FML]:   Registry: 151 minecraft:orange_stained_glass_pane net.minecraft.item.crafting.ShapedRecipes@328e50eb
[20:56:33] [Server thread/TRACE] [FML]:   Registry: 152 minecraft:orange_stained_glass net.minecraft.item.crafting.ShapedRecipes@1e1ea16d
[20:56:33] [Server thread/TRACE] [FML]:   Registry: 153 minecraft:orange_dye_from_red_yellow net.minecraft.item.crafting.ShapelessRecipes@29394966
[20:56:33] [Server thread/TRACE] [FML]:   Registry: 154 minecraft:orange_dye_from_orange_tulip net.minecraft.item.crafting.ShapelessRecipes@4a45ca1c
[20:56:33] [Server thread/TRACE] [FML]:   Registry: 155 minecraft:orange_concrete_powder net.minecraft.item.crafting.ShapelessRecipes@38093ffe
[20:56:33] [Server thread/TRACE] [FML]:   Registry: 156 minecraft:orange_carpet net.minecraft.item.crafting.ShapedRecipes@1cca3e8c
[20:56:33] [Server thread/TRACE] [FML]:   Registry: 157 minecraft:orange_bed_from_white_bed net.minecraft.item.crafting.ShapelessRecipes@4e4af370
[20:56:33] [Server thread/TRACE] [FML]:   Registry: 158 minecraft:orange_bed net.minecraft.item.crafting.ShapedRecipes@5617168c
[20:56:33] [Server thread/TRACE] [FML]:   Registry: 159 minecraft:orange_banner net.minecraft.item.crafting.ShapedRecipes@1826475
[20:56:33] [Server thread/TRACE] [FML]:   Registry: 160 minecraft:observer net.minecraft.item.crafting.ShapedRecipes@59d0fac9
[20:56:33] [Server thread/TRACE] [FML]:   Registry: 161 minecraft:oak_wooden_slab net.minecraft.item.crafting.ShapedRecipes@593f7d2e
[20:56:33] [Server thread/TRACE] [FML]:   Registry: 162 minecraft:oak_stairs net.minecraft.item.crafting.ShapedRecipes@42cf5a6f
[20:56:33] [Server thread/TRACE] [FML]:   Registry: 163 minecraft:oak_planks net.minecraft.item.crafting.ShapedRecipes@6738e8b2
[20:56:33] [Server thread/TRACE] [FML]:   Registry: 164 minecraft:noteblock net.minecraft.item.crafting.ShapedRecipes@229514ff
[20:56:33] [Server thread/TRACE] [FML]:   Registry: 165 minecraft:nether_wart_block net.minecraft.item.crafting.ShapedRecipes@24f5e9e8
[20:56:33] [Server thread/TRACE] [FML]:   Registry: 166 minecraft:nether_brick_stairs net.minecraft.item.crafting.ShapedRecipes@3661b732
[20:56:33] [Server thread/TRACE] [FML]:   Registry: 167 minecraft:nether_brick_slab net.minecraft.item.crafting.ShapedRecipes@727f36dd
[20:56:33] [Server thread/TRACE] [FML]:   Registry: 168 minecraft:nether_brick_fence net.minecraft.item.crafting.ShapedRecipes@2e91cf69
[20:56:33] [Server thread/TRACE] [FML]:   Registry: 169 minecraft:nether_brick net.minecraft.item.crafting.ShapedRecipes@2c224096
[20:56:33] [Server thread/TRACE] [FML]:   Registry: 170 minecraft:mushroom_stew net.minecraft.item.crafting.ShapelessRecipes@33c9f1ac
[20:56:33] [Server thread/TRACE] [FML]:   Registry: 171 minecraft:mossy_stonebrick net.minecraft.item.crafting.ShapelessRecipes@23263ba
[20:56:33] [Server thread/TRACE] [FML]:   Registry: 172 minecraft:mossy_cobblestone_wall net.minecraft.item.crafting.ShapedRecipes@178ba69f
[20:56:33] [Server thread/TRACE] [FML]:   Registry: 173 minecraft:mossy_cobblestone net.minecraft.item.crafting.ShapelessRecipes@36ab69d9
[20:56:33] [Server thread/TRACE] [FML]:   Registry: 174 minecraft:minecart net.minecraft.item.crafting.ShapedRecipes@56a9b662
[20:56:33] [Server thread/TRACE] [FML]:   Registry: 175 minecraft:melon_seeds net.minecraft.item.crafting.ShapedRecipes@76134251
[20:56:33] [Server thread/TRACE] [FML]:   Registry: 176 minecraft:melon_block net.minecraft.item.crafting.ShapedRecipes@6dc2e473
[20:56:33] [Server thread/TRACE] [FML]:   Registry: 177 minecraft:map net.minecraft.item.crafting.ShapedRecipes@55f23335
[20:56:33] [Server thread/TRACE] [FML]:   Registry: 178 minecraft:magma_cream net.minecraft.item.crafting.ShapelessRecipes@79ee779c
[20:56:33] [Server thread/TRACE] [FML]:   Registry: 179 minecraft:magma net.minecraft.item.crafting.ShapedRecipes@23365142
[20:56:33] [Server thread/TRACE] [FML]:   Registry: 180 minecraft:magenta_wool net.minecraft.item.crafting.ShapelessRecipes@14bf9fd0
[20:56:33] [Server thread/TRACE] [FML]:   Registry: 181 minecraft:magenta_stained_hardened_clay net.minecraft.item.crafting.ShapedRecipes@64887fbc
[20:56:33] [Server thread/TRACE] [FML]:   Registry: 182 minecraft:magenta_stained_glass_pane net.minecraft.item.crafting.ShapedRecipes@7836c79
[20:56:33] [Server thread/TRACE] [FML]:   Registry: 183 minecraft:magenta_stained_glass net.minecraft.item.crafting.ShapedRecipes@20f99c18
[20:56:33] [Server thread/TRACE] [FML]:   Registry: 184 minecraft:magenta_dye_from_purple_and_pink net.minecraft.item.crafting.ShapelessRecipes@152035eb
[20:56:33] [Server thread/TRACE] [FML]:   Registry: 185 minecraft:magenta_dye_from_lilac net.minecraft.item.crafting.ShapelessRecipes@24d0c6a4
[20:56:33] [Server thread/TRACE] [FML]:   Registry: 186 minecraft:magenta_dye_from_lapis_red_pink net.minecraft.item.crafting.ShapelessRecipes@29dfc68f
[20:56:33] [Server thread/TRACE] [FML]:   Registry: 187 minecraft:magenta_dye_from_lapis_ink_bonemeal net.minecraft.item.crafting.ShapelessRecipes@344a065a
[20:56:33] [Server thread/TRACE] [FML]:   Registry: 188 minecraft:magenta_dye_from_allium net.minecraft.item.crafting.ShapelessRecipes@9825465
[20:56:33] [Server thread/TRACE] [FML]:   Registry: 189 minecraft:magenta_concrete_powder net.minecraft.item.crafting.ShapelessRecipes@afb7b03
[20:56:33] [Server thread/TRACE] [FML]:   Registry: 190 minecraft:magenta_carpet net.minecraft.item.crafting.ShapedRecipes@5d98364c
[20:56:33] [Server thread/TRACE] [FML]:   Registry: 191 minecraft:magenta_bed_from_white_bed net.minecraft.item.crafting.ShapelessRecipes@6ee1ddcf
[20:56:33] [Server thread/TRACE] [FML]:   Registry: 192 minecraft:magenta_bed net.minecraft.item.crafting.ShapedRecipes@574f9e36
[20:56:33] [Server thread/TRACE] [FML]:   Registry: 193 minecraft:magenta_banner net.minecraft.item.crafting.ShapedRecipes@6fc6f68f
[20:56:33] [Server thread/TRACE] [FML]:   Registry: 194 minecraft:lit_pumpkin net.minecraft.item.crafting.ShapedRecipes@30ed2a26
[20:56:33] [Server thread/TRACE] [FML]:   Registry: 195 minecraft:lime_wool net.minecraft.item.crafting.ShapelessRecipes@5e34a84b
[20:56:33] [Server thread/TRACE] [FML]:   Registry: 196 minecraft:lime_stained_hardened_clay net.minecraft.item.crafting.ShapedRecipes@6f4f2cc0
[20:56:33] [Server thread/TRACE] [FML]:   Registry: 197 minecraft:lime_stained_glass_pane net.minecraft.item.crafting.ShapedRecipes@522f0bb8
[20:56:33] [Server thread/TRACE] [FML]:   Registry: 198 minecraft:lime_stained_glass net.minecraft.item.crafting.ShapedRecipes@3be369fc
[20:56:33] [Server thread/TRACE] [FML]:   Registry: 199 minecraft:lime_dye net.minecraft.item.crafting.ShapelessRecipes@75c0cd39
[20:56:33] [Server thread/TRACE] [FML]:   Registry: 200 minecraft:lime_concrete_powder net.minecraft.item.crafting.ShapelessRecipes@34e68840
[20:56:33] [Server thread/TRACE] [FML]:   Registry: 201 minecraft:lime_carpet net.minecraft.item.crafting.ShapedRecipes@62615be
[20:56:33] [Server thread/TRACE] [FML]:   Registry: 202 minecraft:lime_bed_from_white_bed net.minecraft.item.crafting.ShapelessRecipes@6493f780
[20:56:33] [Server thread/TRACE] [FML]:   Registry: 203 minecraft:lime_bed net.minecraft.item.crafting.ShapedRecipes@67a3dd86
[20:56:33] [Server thread/TRACE] [FML]:   Registry: 204 minecraft:lime_banner net.minecraft.item.crafting.ShapedRecipes@34e4fb39
[20:56:33] [Server thread/TRACE] [FML]:   Registry: 205 minecraft:light_weighted_pressure_plate net.minecraft.item.crafting.ShapedRecipes@5cb6abc8
[20:56:33] [Server thread/TRACE] [FML]:   Registry: 206 minecraft:light_gray_wool net.minecraft.item.crafting.ShapelessRecipes@a97a895
[20:56:33] [Server thread/TRACE] [FML]:   Registry: 207 minecraft:light_gray_stained_hardened_clay net.minecraft.item.crafting.ShapedRecipes@5895c065
[20:56:33] [Server thread/TRACE] [FML]:   Registry: 208 minecraft:light_gray_stained_glass_pane net.minecraft.item.crafting.ShapedRecipes@f837c11
[20:56:33] [Server thread/TRACE] [FML]:   Registry: 209 minecraft:light_gray_stained_glass net.minecraft.item.crafting.ShapedRecipes@bc4a9b0
[20:56:33] [Server thread/TRACE] [FML]:   Registry: 210 minecraft:light_gray_dye_from_white_tulip net.minecraft.item.crafting.ShapelessRecipes@35995029
[20:56:33] [Server thread/TRACE] [FML]:   Registry: 211 minecraft:light_gray_dye_from_oxeye_daisy net.minecraft.item.crafting.ShapelessRecipes@2212e291
[20:56:33] [Server thread/TRACE] [FML]:   Registry: 212 minecraft:light_gray_dye_from_ink_bonemeal net.minecraft.item.crafting.ShapelessRecipes@10830d50
[20:56:33] [Server thread/TRACE] [FML]:   Registry: 213 minecraft:light_gray_dye_from_gray_bonemeal net.minecraft.item.crafting.ShapelessRecipes@239d9cb7
[20:56:33] [Server thread/TRACE] [FML]:   Registry: 214 minecraft:light_gray_dye_from_azure_bluet net.minecraft.item.crafting.ShapelessRecipes@169d4aba
[20:56:33] [Server thread/TRACE] [FML]:   Registry: 215 minecraft:light_gray_concrete_powder net.minecraft.item.crafting.ShapelessRecipes@19fc0ef7
[20:56:33] [Server thread/TRACE] [FML]:   Registry: 216 minecraft:light_gray_carpet net.minecraft.item.crafting.ShapedRecipes@6f0ae0ee
[20:56:33] [Server thread/TRACE] [FML]:   Registry: 217 minecraft:light_gray_bed_from_white_bed net.minecraft.item.crafting.ShapelessRecipes@6e23ba17
[20:56:33] [Server thread/TRACE] [FML]:   Registry: 218 minecraft:light_gray_bed net.minecraft.item.crafting.ShapedRecipes@5eef8a16
[20:56:33] [Server thread/TRACE] [FML]:   Registry: 219 minecraft:light_gray_banner net.minecraft.item.crafting.ShapedRecipes@7b58d678
[20:56:33] [Server thread/TRACE] [FML]:   Registry: 220 minecraft:light_blue_wool net.minecraft.item.crafting.ShapelessRecipes@2078bf0a
[20:56:33] [Server thread/TRACE] [FML]:   Registry: 221 minecraft:light_blue_stained_hardened_clay net.minecraft.item.crafting.ShapedRecipes@4c579b5b
[20:56:33] [Server thread/TRACE] [FML]:   Registry: 222 minecraft:light_blue_stained_glass_pane net.minecraft.item.crafting.ShapedRecipes@64af5454
[20:56:33] [Server thread/TRACE] [FML]:   Registry: 223 minecraft:light_blue_stained_glass net.minecraft.item.crafting.ShapedRecipes@4f22fd5d
[20:56:33] [Server thread/TRACE] [FML]:   Registry: 224 minecraft:light_blue_dye_from_lapis_bonemeal net.minecraft.item.crafting.ShapelessRecipes@7bebad0d
[20:56:33] [Server thread/TRACE] [FML]:   Registry: 225 minecraft:light_blue_dye_from_blue_orchid net.minecraft.item.crafting.ShapelessRecipes@14eb96e9
[20:56:33] [Server thread/TRACE] [FML]:   Registry: 226 minecraft:light_blue_concrete_powder net.minecraft.item.crafting.ShapelessRecipes@6ad198c9
[20:56:33] [Server thread/TRACE] [FML]:   Registry: 227 minecraft:light_blue_carpet net.minecraft.item.crafting.ShapedRecipes@2a60981c
[20:56:33] [Server thread/TRACE] [FML]:   Registry: 228 minecraft:light_blue_bed_from_white_bed net.minecraft.item.crafting.ShapelessRecipes@5aeebccc
[20:56:33] [Server thread/TRACE] [FML]:   Registry: 229 minecraft:light_blue_bed net.minecraft.item.crafting.ShapedRecipes@3e73f5e7
[20:56:33] [Server thread/TRACE] [FML]:   Registry: 230 minecraft:light_blue_banner net.minecraft.item.crafting.ShapedRecipes@6e7fa4b0
[20:56:33] [Server thread/TRACE] [FML]:   Registry: 231 minecraft:lever net.minecraft.item.crafting.ShapedRecipes@26be0d23
[20:56:33] [Server thread/TRACE] [FML]:   Registry: 232 minecraft:leather_leggings net.minecraft.item.crafting.ShapedRecipes@59aa2fba
[20:56:33] [Server thread/TRACE] [FML]:   Registry: 233 minecraft:leather_helmet net.minecraft.item.crafting.ShapedRecipes@2fb70301
[20:56:33] [Server thread/TRACE] [FML]:   Registry: 234 minecraft:leather_chestplate net.minecraft.item.crafting.ShapedRecipes@16c9e378
[20:56:33] [Server thread/TRACE] [FML]:   Registry: 235 minecraft:leather_boots net.minecraft.item.crafting.ShapedRecipes@594c66c3
[20:56:33] [Server thread/TRACE] [FML]:   Registry: 236 minecraft:leather net.minecraft.item.crafting.ShapedRecipes@5606d537
[20:56:33] [Server thread/TRACE] [FML]:   Registry: 237 minecraft:lead net.minecraft.item.crafting.ShapedRecipes@397dfbe8
[20:56:33] [Server thread/TRACE] [FML]:   Registry: 238 minecraft:lapis_lazuli net.minecraft.item.crafting.ShapedRecipes@308be1a3
[20:56:33] [Server thread/TRACE] [FML]:   Registry: 239 minecraft:lapis_block net.minecraft.item.crafting.ShapedRecipes@78e50fca
[20:56:33] [Server thread/TRACE] [FML]:   Registry: 240 minecraft:ladder net.minecraft.item.crafting.ShapedRecipes@5265a8dd
[20:56:33] [Server thread/TRACE] [FML]:   Registry: 241 minecraft:jungle_wooden_slab net.minecraft.item.crafting.ShapedRecipes@e3692ca
[20:56:33] [Server thread/TRACE] [FML]:   Registry: 242 minecraft:jungle_stairs net.minecraft.item.crafting.ShapedRecipes@40d370fa
[20:56:33] [Server thread/TRACE] [FML]:   Registry: 243 minecraft:jungle_planks net.minecraft.item.crafting.ShapedRecipes@1ce57bbb
[20:56:33] [Server thread/TRACE] [FML]:   Registry: 244 minecraft:jungle_fence_gate net.minecraft.item.crafting.ShapedRecipes@362c48c
[20:56:33] [Server thread/TRACE] [FML]:   Registry: 245 minecraft:jungle_fence net.minecraft.item.crafting.ShapedRecipes@2914a328
[20:56:33] [Server thread/TRACE] [FML]:   Registry: 246 minecraft:jungle_door net.minecraft.item.crafting.ShapedRecipes@2b540131
[20:56:33] [Server thread/TRACE] [FML]:   Registry: 247 minecraft:jungle_boat net.minecraft.item.crafting.ShapedRecipes@4fc256ec
[20:56:33] [Server thread/TRACE] [FML]:   Registry: 248 minecraft:jukebox net.minecraft.item.crafting.ShapedRecipes@60e80279
[20:56:33] [Server thread/TRACE] [FML]:   Registry: 249 minecraft:item_frame net.minecraft.item.crafting.ShapedRecipes@14d53884
[20:56:33] [Server thread/TRACE] [FML]:   Registry: 250 minecraft:iron_trapdoor net.minecraft.item.crafting.ShapedRecipes@568c9ee1
[20:56:33] [Server thread/TRACE] [FML]:   Registry: 251 minecraft:iron_sword net.minecraft.item.crafting.ShapedRecipes@74d53d63
[20:56:33] [Server thread/TRACE] [FML]:   Registry: 252 minecraft:iron_shovel net.minecraft.item.crafting.ShapedRecipes@33827b88
[20:56:33] [Server thread/TRACE] [FML]:   Registry: 253 minecraft:iron_pickaxe net.minecraft.item.crafting.ShapedRecipes@507f7cd1
[20:56:33] [Server thread/TRACE] [FML]:   Registry: 254 minecraft:iron_nugget net.minecraft.item.crafting.ShapedRecipes@4c1b4e07
[20:56:33] [Server thread/TRACE] [FML]:   Registry: 255 minecraft:iron_leggings net.minecraft.item.crafting.ShapedRecipes@24731caf
[20:56:33] [Server thread/TRACE] [FML]:   Registry: 256 minecraft:iron_ingot_from_nuggets net.minecraft.item.crafting.ShapedRecipes@36b761e3
[20:56:33] [Server thread/TRACE] [FML]:   Registry: 257 minecraft:iron_ingot_from_block net.minecraft.item.crafting.ShapedRecipes@4301fa39
[20:56:33] [Server thread/TRACE] [FML]:   Registry: 258 minecraft:iron_hoe net.minecraft.item.crafting.ShapedRecipes@3faa55
[20:56:33] [Server thread/TRACE] [FML]:   Registry: 259 minecraft:iron_helmet net.minecraft.item.crafting.ShapedRecipes@4cd51e4e
[20:56:33] [Server thread/TRACE] [FML]:   Registry: 260 minecraft:iron_door net.minecraft.item.crafting.ShapedRecipes@5b32e0b1
[20:56:33] [Server thread/TRACE] [FML]:   Registry: 261 minecraft:iron_chestplate net.minecraft.item.crafting.ShapedRecipes@6f1163f7
[20:56:33] [Server thread/TRACE] [FML]:   Registry: 262 minecraft:iron_boots net.minecraft.item.crafting.ShapedRecipes@5a99543b
[20:56:33] [Server thread/TRACE] [FML]:   Registry: 263 minecraft:iron_block net.minecraft.item.crafting.ShapedRecipes@7857cb1d
[20:56:33] [Server thread/TRACE] [FML]:   Registry: 264 minecraft:iron_bars net.minecraft.item.crafting.ShapedRecipes@2e64ae1a
[20:56:33] [Server thread/TRACE] [FML]:   Registry: 265 minecraft:iron_axe net.minecraft.item.crafting.ShapedRecipes@3f5ac587
[20:56:33] [Server thread/TRACE] [FML]:   Registry: 266 minecraft:hopper_minecart net.minecraft.item.crafting.ShapedRecipes@35f6f105
[20:56:33] [Server thread/TRACE] [FML]:   Registry: 267 minecraft:hopper net.minecraft.item.crafting.ShapedRecipes@47f39279
[20:56:33] [Server thread/TRACE] [FML]:   Registry: 268 minecraft:heavy_weighted_pressure_plate net.minecraft.item.crafting.ShapedRecipes@5f65e0c0
[20:56:33] [Server thread/TRACE] [FML]:   Registry: 269 minecraft:hay_block net.minecraft.item.crafting.ShapedRecipes@f9cd1e6
[20:56:33] [Server thread/TRACE] [FML]:   Registry: 270 minecraft:green_wool net.minecraft.item.crafting.ShapelessRecipes@4e933cf1
[20:56:33] [Server thread/TRACE] [FML]:   Registry: 271 minecraft:green_stained_hardened_clay net.minecraft.item.crafting.ShapedRecipes@3d01ea33
[20:56:33] [Server thread/TRACE] [FML]:   Registry: 272 minecraft:green_stained_glass_pane net.minecraft.item.crafting.ShapedRecipes@8f589d7
[20:56:33] [Server thread/TRACE] [FML]:   Registry: 273 minecraft:green_stained_glass net.minecraft.item.crafting.ShapedRecipes@c7269ad
[20:56:33] [Server thread/TRACE] [FML]:   Registry: 274 minecraft:green_concrete_powder net.minecraft.item.crafting.ShapelessRecipes@3023f157
[20:56:33] [Server thread/TRACE] [FML]:   Registry: 275 minecraft:green_carpet net.minecraft.item.crafting.ShapedRecipes@6f4029e9
[20:56:33] [Server thread/TRACE] [FML]:   Registry: 276 minecraft:green_bed_from_white_bed net.minecraft.item.crafting.ShapelessRecipes@cda144a
[20:56:33] [Server thread/TRACE] [FML]:   Registry: 277 minecraft:green_bed net.minecraft.item.crafting.ShapedRecipes@102aa5fc
[20:56:33] [Server thread/TRACE] [FML]:   Registry: 278 minecraft:green_banner net.minecraft.item.crafting.ShapedRecipes@7a0f43dc
[20:56:33] [Server thread/TRACE] [FML]:   Registry: 279 minecraft:gray_wool net.minecraft.item.crafting.ShapelessRecipes@796cf2b5
[20:56:33] [Server thread/TRACE] [FML]:   Registry: 280 minecraft:gray_stained_hardened_clay net.minecraft.item.crafting.ShapedRecipes@1c5d376c
[20:56:33] [Server thread/TRACE] [FML]:   Registry: 281 minecraft:gray_stained_glass_pane net.minecraft.item.crafting.ShapedRecipes@144dc2f7
[20:56:33] [Server thread/TRACE] [FML]:   Registry: 282 minecraft:gray_stained_glass net.minecraft.item.crafting.ShapedRecipes@56976b8b
[20:56:33] [Server thread/TRACE] [FML]:   Registry: 283 minecraft:gray_dye net.minecraft.item.crafting.ShapelessRecipes@34b462e0
[20:56:33] [Server thread/TRACE] [FML]:   Registry: 284 minecraft:gray_concrete_powder net.minecraft.item.crafting.ShapelessRecipes@2b82018
[20:56:33] [Server thread/TRACE] [FML]:   Registry: 285 minecraft:gray_carpet net.minecraft.item.crafting.ShapedRecipes@7df5549e
[20:56:33] [Server thread/TRACE] [FML]:   Registry: 286 minecraft:gray_bed_from_white_bed net.minecraft.item.crafting.ShapelessRecipes@7a522157
[20:56:33] [Server thread/TRACE] [FML]:   Registry: 287 minecraft:gray_bed net.minecraft.item.crafting.ShapedRecipes@6b92a0d1
[20:56:33] [Server thread/TRACE] [FML]:   Registry: 288 minecraft:gray_banner net.minecraft.item.crafting.ShapedRecipes@7d43f1c9
[20:56:33] [Server thread/TRACE] [FML]:   Registry: 289 minecraft:granite net.minecraft.item.crafting.ShapelessRecipes@279ab15e
[20:56:33] [Server thread/TRACE] [FML]:   Registry: 290 minecraft:golden_sword net.minecraft.item.crafting.ShapedRecipes@a926db4
[20:56:33] [Server thread/TRACE] [FML]:   Registry: 291 minecraft:golden_shovel net.minecraft.item.crafting.ShapedRecipes@7e63374b
[20:56:33] [Server thread/TRACE] [FML]:   Registry: 292 minecraft:golden_rail net.minecraft.item.crafting.ShapedRecipes@1ca0aa40
[20:56:33] [Server thread/TRACE] [FML]:   Registry: 293 minecraft:golden_pickaxe net.minecraft.item.crafting.ShapedRecipes@301770d9
[20:56:33] [Server thread/TRACE] [FML]:   Registry: 294 minecraft:golden_leggings net.minecraft.item.crafting.ShapedRecipes@8e8ceb3
[20:56:33] [Server thread/TRACE] [FML]:   Registry: 295 minecraft:golden_hoe net.minecraft.item.crafting.ShapedRecipes@6c2f8ecb
[20:56:33] [Server thread/TRACE] [FML]:   Registry: 296 minecraft:golden_helmet net.minecraft.item.crafting.ShapedRecipes@4c614d8c
[20:56:33] [Server thread/TRACE] [FML]:   Registry: 297 minecraft:golden_chestplate net.minecraft.item.crafting.ShapedRecipes@65b19e5c
[20:56:33] [Server thread/TRACE] [FML]:   Registry: 298 minecraft:golden_carrot net.minecraft.item.crafting.ShapedRecipes@66596c4c
[20:56:33] [Server thread/TRACE] [FML]:   Registry: 299 minecraft:golden_boots net.minecraft.item.crafting.ShapedRecipes@141229f6
[20:56:33] [Server thread/TRACE] [FML]:   Registry: 300 minecraft:golden_axe net.minecraft.item.crafting.ShapedRecipes@becb93a
[20:56:33] [Server thread/TRACE] [FML]:   Registry: 301 minecraft:golden_apple net.minecraft.item.crafting.ShapedRecipes@2b506a79
[20:56:33] [Server thread/TRACE] [FML]:   Registry: 302 minecraft:gold_nugget net.minecraft.item.crafting.ShapedRecipes@5443086a
[20:56:33] [Server thread/TRACE] [FML]:   Registry: 303 minecraft:gold_ingot_from_nuggets net.minecraft.item.crafting.ShapedRecipes@35840ecc
[20:56:33] [Server thread/TRACE] [FML]:   Registry: 304 minecraft:gold_ingot_from_block net.minecraft.item.crafting.ShapedRecipes@4bf89d3d
[20:56:33] [Server thread/TRACE] [FML]:   Registry: 305 minecraft:gold_block net.minecraft.item.crafting.ShapedRecipes@1e54e900
[20:56:33] [Server thread/TRACE] [FML]:   Registry: 306 minecraft:glowstone net.minecraft.item.crafting.ShapedRecipes@417751d3
[20:56:33] [Server thread/TRACE] [FML]:   Registry: 307 minecraft:glass_pane net.minecraft.item.crafting.ShapedRecipes@1e27bb89
[20:56:33] [Server thread/TRACE] [FML]:   Registry: 308 minecraft:glass_bottle net.minecraft.item.crafting.ShapedRecipes@1ee22768
[20:56:33] [Server thread/TRACE] [FML]:   Registry: 309 minecraft:furnace_minecart net.minecraft.item.crafting.ShapedRecipes@4219a4cc
[20:56:33] [Server thread/TRACE] [FML]:   Registry: 310 minecraft:furnace net.minecraft.item.crafting.ShapedRecipes@184bb873
[20:56:33] [Server thread/TRACE] [FML]:   Registry: 311 minecraft:flower_pot net.minecraft.item.crafting.ShapedRecipes@564d3940
[20:56:33] [Server thread/TRACE] [FML]:   Registry: 312 minecraft:flint_and_steel net.minecraft.item.crafting.ShapelessRecipes@4aea57dc
[20:56:33] [Server thread/TRACE] [FML]:   Registry: 313 minecraft:fishing_rod net.minecraft.item.crafting.ShapedRecipes@3c9971af
[20:56:33] [Server thread/TRACE] [FML]:   Registry: 314 minecraft:fire_charge net.minecraft.item.crafting.ShapelessRecipes@731fae
[20:56:33] [Server thread/TRACE] [FML]:   Registry: 315 minecraft:fermented_spider_eye net.minecraft.item.crafting.ShapelessRecipes@7dfec0bc
[20:56:33] [Server thread/TRACE] [FML]:   Registry: 316 minecraft:fence_gate net.minecraft.item.crafting.ShapedRecipes@67cd84f9
[20:56:33] [Server thread/TRACE] [FML]:   Registry: 317 minecraft:fence net.minecraft.item.crafting.ShapedRecipes@42734b71
[20:56:33] [Server thread/TRACE] [FML]:   Registry: 318 minecraft:ender_eye net.minecraft.item.crafting.ShapelessRecipes@776a7ec6
[20:56:33] [Server thread/TRACE] [FML]:   Registry: 319 minecraft:ender_chest net.minecraft.item.crafting.ShapedRecipes@666b1244
[20:56:33] [Server thread/TRACE] [FML]:   Registry: 320 minecraft:end_rod net.minecraft.item.crafting.ShapedRecipes@44e4cf8a
[20:56:33] [Server thread/TRACE] [FML]:   Registry: 321 minecraft:end_crystal net.minecraft.item.crafting.ShapedRecipes@c86c486
[20:56:33] [Server thread/TRACE] [FML]:   Registry: 322 minecraft:end_bricks net.minecraft.item.crafting.ShapedRecipes@55c341d0
[20:56:33] [Server thread/TRACE] [FML]:   Registry: 323 minecraft:enchanting_table net.minecraft.item.crafting.ShapedRecipes@c96c497
[20:56:33] [Server thread/TRACE] [FML]:   Registry: 324 minecraft:emerald_block net.minecraft.item.crafting.ShapedRecipes@28654aff
[20:56:33] [Server thread/TRACE] [FML]:   Registry: 325 minecraft:emerald net.minecraft.item.crafting.ShapedRecipes@7978550b
[20:56:33] [Server thread/TRACE] [FML]:   Registry: 326 minecraft:dropper net.minecraft.item.crafting.ShapedRecipes@2e7e84f8
[20:56:33] [Server thread/TRACE] [FML]:   Registry: 327 minecraft:dispenser net.minecraft.item.crafting.ShapedRecipes@6e6f5842
[20:56:33] [Server thread/TRACE] [FML]:   Registry: 328 minecraft:diorite net.minecraft.item.crafting.ShapedRecipes@21a0795f
[20:56:33] [Server thread/TRACE] [FML]:   Registry: 329 minecraft:diamond_sword net.minecraft.item.crafting.ShapedRecipes@73e25780
[20:56:33] [Server thread/TRACE] [FML]:   Registry: 330 minecraft:diamond_shovel net.minecraft.item.crafting.ShapedRecipes@6148827c
[20:56:33] [Server thread/TRACE] [FML]:   Registry: 331 minecraft:diamond_pickaxe net.minecraft.item.crafting.ShapedRecipes@723c5f86
[20:56:33] [Server thread/TRACE] [FML]:   Registry: 332 minecraft:diamond_leggings net.minecraft.item.crafting.ShapedRecipes@74787609
[20:56:33] [Server thread/TRACE] [FML]:   Registry: 333 minecraft:diamond_hoe net.minecraft.item.crafting.ShapedRecipes@1c66cd02
[20:56:33] [Server thread/TRACE] [FML]:   Registry: 334 minecraft:diamond_helmet net.minecraft.item.crafting.ShapedRecipes@7f02b2d4
[20:56:33] [Server thread/TRACE] [FML]:   Registry: 335 minecraft:diamond_chestplate net.minecraft.item.crafting.ShapedRecipes@3d667b59
[20:56:33] [Server thread/TRACE] [FML]:   Registry: 336 minecraft:diamond_boots net.minecraft.item.crafting.ShapedRecipes@2bda7a5b
[20:56:33] [Server thread/TRACE] [FML]:   Registry: 337 minecraft:diamond_block net.minecraft.item.crafting.ShapedRecipes@366bf608
[20:56:33] [Server thread/TRACE] [FML]:   Registry: 338 minecraft:diamond_axe net.minecraft.item.crafting.ShapedRecipes@5e0442dd
[20:56:33] [Server thread/TRACE] [FML]:   Registry: 339 minecraft:diamond net.minecraft.item.crafting.ShapedRecipes@1e36baca
[20:56:33] [Server thread/TRACE] [FML]:   Registry: 340 minecraft:detector_rail net.minecraft.item.crafting.ShapedRecipes@2728add3
[20:56:33] [Server thread/TRACE] [FML]:   Registry: 341 minecraft:daylight_detector net.minecraft.item.crafting.ShapedRecipes@5e8698c0
[20:56:33] [Server thread/TRACE] [FML]:   Registry: 342 minecraft:dark_prismarine net.minecraft.item.crafting.ShapedRecipes@4b9beefe
[20:56:33] [Server thread/TRACE] [FML]:   Registry: 343 minecraft:dark_oak_wooden_slab net.minecraft.item.crafting.ShapedRecipes@64a7ad02
[20:56:33] [Server thread/TRACE] [FML]:   Registry: 344 minecraft:dark_oak_stairs net.minecraft.item.crafting.ShapedRecipes@3f3f554f
[20:56:33] [Server thread/TRACE] [FML]:   Registry: 345 minecraft:dark_oak_planks net.minecraft.item.crafting.ShapedRecipes@2c731a16
[20:56:33] [Server thread/TRACE] [FML]:   Registry: 346 minecraft:dark_oak_fence_gate net.minecraft.item.crafting.ShapedRecipes@40b8158d
[20:56:33] [Server thread/TRACE] [FML]:   Registry: 347 minecraft:dark_oak_fence net.minecraft.item.crafting.ShapedRecipes@346330b6
[20:56:33] [Server thread/TRACE] [FML]:   Registry: 348 minecraft:dark_oak_door net.minecraft.item.crafting.ShapedRecipes@7f792530
[20:56:33] [Server thread/TRACE] [FML]:   Registry: 349 minecraft:dark_oak_boat net.minecraft.item.crafting.ShapedRecipes@531299d3
[20:56:33] [Server thread/TRACE] [FML]:   Registry: 350 minecraft:cyan_wool net.minecraft.item.crafting.ShapelessRecipes@7ea039b4
[20:56:33] [Server thread/TRACE] [FML]:   Registry: 351 minecraft:cyan_stained_hardened_clay net.minecraft.item.crafting.ShapedRecipes@1d0f7bcf
[20:56:33] [Server thread/TRACE] [FML]:   Registry: 352 minecraft:cyan_stained_glass_pane net.minecraft.item.crafting.ShapedRecipes@3e1897d
[20:56:33] [Server thread/TRACE] [FML]:   Registry: 353 minecraft:cyan_stained_glass net.minecraft.item.crafting.ShapedRecipes@5cb76070
[20:56:33] [Server thread/TRACE] [FML]:   Registry: 354 minecraft:cyan_dye net.minecraft.item.crafting.ShapelessRecipes@713497cd
[20:56:33] [Server thread/TRACE] [FML]:   Registry: 355 minecraft:cyan_concrete_powder net.minecraft.item.crafting.ShapelessRecipes@2e785b28
[20:56:33] [Server thread/TRACE] [FML]:   Registry: 356 minecraft:cyan_carpet net.minecraft.item.crafting.ShapedRecipes@5764d421
[20:56:33] [Server thread/TRACE] [FML]:   Registry: 357 minecraft:cyan_bed_from_white_bed net.minecraft.item.crafting.ShapelessRecipes@5dbc4598
[20:56:33] [Server thread/TRACE] [FML]:   Registry: 358 minecraft:cyan_bed net.minecraft.item.crafting.ShapedRecipes@788d9139
[20:56:33] [Server thread/TRACE] [FML]:   Registry: 359 minecraft:cyan_banner net.minecraft.item.crafting.ShapedRecipes@4452e13c
[20:56:33] [Server thread/TRACE] [FML]:   Registry: 360 minecraft:crafting_table net.minecraft.item.crafting.ShapedRecipes@8e77c5b
[20:56:33] [Server thread/TRACE] [FML]:   Registry: 361 minecraft:cookie net.minecraft.item.crafting.ShapedRecipes@3bc18fec
[20:56:33] [Server thread/TRACE] [FML]:   Registry: 362 minecraft:compass net.minecraft.item.crafting.ShapedRecipes@45295cfd
[20:56:33] [Server thread/TRACE] [FML]:   Registry: 363 minecraft:comparator net.minecraft.item.crafting.ShapedRecipes@7d4bdbd8
[20:56:33] [Server thread/TRACE] [FML]:   Registry: 364 minecraft:cobblestone_wall net.minecraft.item.crafting.ShapedRecipes@4e31b64d
[20:56:33] [Server thread/TRACE] [FML]:   Registry: 365 minecraft:cobblestone_slab net.minecraft.item.crafting.ShapedRecipes@36f40d72
[20:56:33] [Server thread/TRACE] [FML]:   Registry: 366 minecraft:coarse_dirt net.minecraft.item.crafting.ShapedRecipes@3afaa39f
[20:56:33] [Server thread/TRACE] [FML]:   Registry: 367 minecraft:coal_block net.minecraft.item.crafting.ShapedRecipes@4a1934e2
[20:56:33] [Server thread/TRACE] [FML]:   Registry: 368 minecraft:coal net.minecraft.item.crafting.ShapedRecipes@4a49919c
[20:56:33] [Server thread/TRACE] [FML]:   Registry: 369 minecraft:clock net.minecraft.item.crafting.ShapedRecipes@14624acc
[20:56:33] [Server thread/TRACE] [FML]:   Registry: 370 minecraft:clay net.minecraft.item.crafting.ShapedRecipes@656302c
[20:56:33] [Server thread/TRACE] [FML]:   Registry: 371 minecraft:chiseled_stonebrick net.minecraft.item.crafting.ShapedRecipes@5fd31df7
[20:56:33] [Server thread/TRACE] [FML]:   Registry: 372 minecraft:chiseled_sandstone net.minecraft.item.crafting.ShapedRecipes@1f0f92f5
[20:56:33] [Server thread/TRACE] [FML]:   Registry: 373 minecraft:chiseled_red_sandstone net.minecraft.item.crafting.ShapedRecipes@38347345
[20:56:33] [Server thread/TRACE] [FML]:   Registry: 374 minecraft:chiseled_quartz_block net.minecraft.item.crafting.ShapedRecipes@61fa3583
[20:56:33] [Server thread/TRACE] [FML]:   Registry: 375 minecraft:chest_minecart net.minecraft.item.crafting.ShapedRecipes@165454f7
[20:56:33] [Server thread/TRACE] [FML]:   Registry: 376 minecraft:chest net.minecraft.item.crafting.ShapedRecipes@1dd9a3ae
[20:56:33] [Server thread/TRACE] [FML]:   Registry: 377 minecraft:cauldron net.minecraft.item.crafting.ShapedRecipes@66589252
[20:56:33] [Server thread/TRACE] [FML]:   Registry: 378 minecraft:carrot_on_a_stick net.minecraft.item.crafting.ShapedRecipes@4b20aa21
[20:56:33] [Server thread/TRACE] [FML]:   Registry: 379 minecraft:cake net.minecraft.item.crafting.ShapedRecipes@7e514482
[20:56:33] [Server thread/TRACE] [FML]:   Registry: 380 minecraft:bucket net.minecraft.item.crafting.ShapedRecipes@4eec5fa6
[20:56:33] [Server thread/TRACE] [FML]:   Registry: 381 minecraft:brown_wool net.minecraft.item.crafting.ShapelessRecipes@45e35a0d
[20:56:33] [Server thread/TRACE] [FML]:   Registry: 382 minecraft:brown_stained_hardened_clay net.minecraft.item.crafting.ShapedRecipes@12765ebd
[20:56:33] [Server thread/TRACE] [FML]:   Registry: 383 minecraft:brown_stained_glass_pane net.minecraft.item.crafting.ShapedRecipes@2336d3f
[20:56:33] [Server thread/TRACE] [FML]:   Registry: 384 minecraft:brown_stained_glass net.minecraft.item.crafting.ShapedRecipes@65c689e7
[20:56:33] [Server thread/TRACE] [FML]:   Registry: 385 minecraft:brown_concrete_powder net.minecraft.item.crafting.ShapelessRecipes@48d464cf
[20:56:33] [Server thread/TRACE] [FML]:   Registry: 386 minecraft:brown_carpet net.minecraft.item.crafting.ShapedRecipes@77d3c3d7
[20:56:33] [Server thread/TRACE] [FML]:   Registry: 387 minecraft:brown_bed_from_white_bed net.minecraft.item.crafting.ShapelessRecipes@102fd71d
[20:56:33] [Server thread/TRACE] [FML]:   Registry: 388 minecraft:brown_bed net.minecraft.item.crafting.ShapedRecipes@22846a1d
[20:56:33] [Server thread/TRACE] [FML]:   Registry: 389 minecraft:brown_banner net.minecraft.item.crafting.ShapedRecipes@3ef914f5
[20:56:33] [Server thread/TRACE] [FML]:   Registry: 390 minecraft:brick_stairs net.minecraft.item.crafting.ShapedRecipes@3cae4518
[20:56:33] [Server thread/TRACE] [FML]:   Registry: 391 minecraft:brick_slab net.minecraft.item.crafting.ShapedRecipes@23dc70c1
[20:56:33] [Server thread/TRACE] [FML]:   Registry: 392 minecraft:brick_block net.minecraft.item.crafting.ShapedRecipes@220cda54
[20:56:33] [Server thread/TRACE] [FML]:   Registry: 393 minecraft:brewing_stand net.minecraft.item.crafting.ShapedRecipes@61d8a491
[20:56:33] [Server thread/TRACE] [FML]:   Registry: 394 minecraft:bread net.minecraft.item.crafting.ShapedRecipes@550f522b
[20:56:33] [Server thread/TRACE] [FML]:   Registry: 395 minecraft:bowl net.minecraft.item.crafting.ShapedRecipes@8b1170f
[20:56:33] [Server thread/TRACE] [FML]:   Registry: 396 minecraft:bow net.minecraft.item.crafting.ShapedRecipes@52b30dcd
[20:56:33] [Server thread/TRACE] [FML]:   Registry: 397 minecraft:bookshelf net.minecraft.item.crafting.ShapedRecipes@7146c6ea
[20:56:33] [Server thread/TRACE] [FML]:   Registry: 398 minecraft:book net.minecraft.item.crafting.ShapelessRecipes@f98cff
[20:56:33] [Server thread/TRACE] [FML]:   Registry: 399 minecraft:bone_meal_from_bone net.minecraft.item.crafting.ShapelessRecipes@1f1ffc18
[20:56:33] [Server thread/TRACE] [FML]:   Registry: 400 minecraft:bone_meal_from_block net.minecraft.item.crafting.ShapelessRecipes@46bdc55e
[20:56:33] [Server thread/TRACE] [FML]:   Registry: 401 minecraft:bone_block net.minecraft.item.crafting.ShapedRecipes@72240290
[20:56:33] [Server thread/TRACE] [FML]:   Registry: 402 minecraft:boat net.minecraft.item.crafting.ShapedRecipes@61ca5134
[20:56:33] [Server thread/TRACE] [FML]:   Registry: 403 minecraft:blue_wool net.minecraft.item.crafting.ShapelessRecipes@1b79df53
[20:56:33] [Server thread/TRACE] [FML]:   Registry: 404 minecraft:blue_stained_hardened_clay net.minecraft.item.crafting.ShapedRecipes@1322b542
[20:56:33] [Server thread/TRACE] [FML]:   Registry: 405 minecraft:blue_stained_glass_pane net.minecraft.item.crafting.ShapedRecipes@630c3af3
[20:56:33] [Server thread/TRACE] [FML]:   Registry: 406 minecraft:blue_stained_glass net.minecraft.item.crafting.ShapedRecipes@2f2f92f
[20:56:33] [Server thread/TRACE] [FML]:   Registry: 407 minecraft:blue_concrete_powder net.minecraft.item.crafting.ShapelessRecipes@6765b6a2
[20:56:33] [Server thread/TRACE] [FML]:   Registry: 408 minecraft:blue_carpet net.minecraft.item.crafting.ShapedRecipes@426913c4
[20:56:33] [Server thread/TRACE] [FML]:   Registry: 409 minecraft:blue_bed_from_white_bed net.minecraft.item.crafting.ShapelessRecipes@1317ac2c
[20:56:33] [Server thread/TRACE] [FML]:   Registry: 410 minecraft:blue_bed net.minecraft.item.crafting.ShapedRecipes@7c8f803d
[20:56:33] [Server thread/TRACE] [FML]:   Registry: 411 minecraft:blue_banner net.minecraft.item.crafting.ShapedRecipes@1f7557fe
[20:56:33] [Server thread/TRACE] [FML]:   Registry: 412 minecraft:blaze_powder net.minecraft.item.crafting.ShapelessRecipes@399fd710
[20:56:33] [Server thread/TRACE] [FML]:   Registry: 413 minecraft:black_wool net.minecraft.item.crafting.ShapelessRecipes@1734b1a
[20:56:33] [Server thread/TRACE] [FML]:   Registry: 414 minecraft:black_stained_hardened_clay net.minecraft.item.crafting.ShapedRecipes@69a294d8
[20:56:33] [Server thread/TRACE] [FML]:   Registry: 415 minecraft:black_stained_glass_pane net.minecraft.item.crafting.ShapedRecipes@1331d6fd
[20:56:33] [Server thread/TRACE] [FML]:   Registry: 416 minecraft:black_stained_glass net.minecraft.item.crafting.ShapedRecipes@6787bd41
[20:56:33] [Server thread/TRACE] [FML]:   Registry: 417 minecraft:black_concrete_powder net.minecraft.item.crafting.ShapelessRecipes@497fd334
[20:56:33] [Server thread/TRACE] [FML]:   Registry: 418 minecraft:black_carpet net.minecraft.item.crafting.ShapedRecipes@3879feec
[20:56:33] [Server thread/TRACE] [FML]:   Registry: 419 minecraft:black_bed_from_white_bed net.minecraft.item.crafting.ShapelessRecipes@8dcacf1
[20:56:33] [Server thread/TRACE] [FML]:   Registry: 420 minecraft:black_bed net.minecraft.item.crafting.ShapedRecipes@5bf1b528
[20:56:33] [Server thread/TRACE] [FML]:   Registry: 421 minecraft:black_banner net.minecraft.item.crafting.ShapedRecipes@182fd26b
[20:56:33] [Server thread/TRACE] [FML]:   Registry: 422 minecraft:birch_wooden_slab net.minecraft.item.crafting.ShapedRecipes@182dcd2b
[20:56:33] [Server thread/TRACE] [FML]:   Registry: 423 minecraft:birch_stairs net.minecraft.item.crafting.ShapedRecipes@1238a074
[20:56:33] [Server thread/TRACE] [FML]:   Registry: 424 minecraft:birch_planks net.minecraft.item.crafting.ShapedRecipes@13018f00
[20:56:33] [Server thread/TRACE] [FML]:   Registry: 425 minecraft:birch_fence_gate net.minecraft.item.crafting.ShapedRecipes@6a562255
[20:56:33] [Server thread/TRACE] [FML]:   Registry: 426 minecraft:birch_fence net.minecraft.item.crafting.ShapedRecipes@2e2cd42c
[20:56:33] [Server thread/TRACE] [FML]:   Registry: 427 minecraft:birch_door net.minecraft.item.crafting.ShapedRecipes@71cc0e35
[20:56:33] [Server thread/TRACE] [FML]:   Registry: 428 minecraft:birch_boat net.minecraft.item.crafting.ShapedRecipes@6958d5d0
[20:56:33] [Server thread/TRACE] [FML]:   Registry: 429 minecraft:beetroot_soup net.minecraft.item.crafting.ShapedRecipes@50caeb4b
[20:56:33] [Server thread/TRACE] [FML]:   Registry: 430 minecraft:beacon net.minecraft.item.crafting.ShapedRecipes@744f0e0b
[20:56:33] [Server thread/TRACE] [FML]:   Registry: 431 minecraft:arrow net.minecraft.item.crafting.ShapedRecipes@47994b51
[20:56:33] [Server thread/TRACE] [FML]:   Registry: 432 minecraft:armor_stand net.minecraft.item.crafting.ShapedRecipes@41463c56
[20:56:33] [Server thread/TRACE] [FML]:   Registry: 433 minecraft:anvil net.minecraft.item.crafting.ShapedRecipes@69abeb14
[20:56:33] [Server thread/TRACE] [FML]:   Registry: 434 minecraft:andesite net.minecraft.item.crafting.ShapelessRecipes@72b53f27
[20:56:33] [Server thread/TRACE] [FML]:   Registry: 435 minecraft:activator_rail net.minecraft.item.crafting.ShapedRecipes@5a07ae2f
[20:56:33] [Server thread/TRACE] [FML]:   Registry: 436 minecraft:acacia_wooden_slab net.minecraft.item.crafting.ShapedRecipes@a1a72d4
[20:56:33] [Server thread/TRACE] [FML]:   Registry: 437 minecraft:acacia_stairs net.minecraft.item.crafting.ShapedRecipes@70eb94d7
[20:56:33] [Server thread/TRACE] [FML]:   Registry: 438 minecraft:acacia_planks net.minecraft.item.crafting.ShapedRecipes@dbcf7c3
[20:56:33] [Server thread/TRACE] [FML]:   Registry: 439 minecraft:acacia_fence_gate net.minecraft.item.crafting.ShapedRecipes@36931450
[20:56:33] [Server thread/TRACE] [FML]:   Registry: 440 minecraft:acacia_fence net.minecraft.item.crafting.ShapedRecipes@f575d2b
[20:56:33] [Server thread/TRACE] [FML]:   Registry: 441 minecraft:acacia_door net.minecraft.item.crafting.ShapedRecipes@2ba08f26
[20:56:33] [Server thread/TRACE] [FML]:   Registry: 442 minecraft:acacia_boat net.minecraft.item.crafting.ShapedRecipes@3892802b
[20:56:33] [Server thread/TRACE] [FML]: Registry Name : minecraft:villagerprofessions
[20:56:33] [Server thread/TRACE] [FML]:   Registry: 0 minecraft:farmer net.minecraftforge.fml.common.registry.VillagerRegistry$VillagerProfession@11069eac
[20:56:33] [Server thread/TRACE] [FML]:   Registry: 1 minecraft:librarian net.minecraftforge.fml.common.registry.VillagerRegistry$VillagerProfession@2cacd55e
[20:56:33] [Server thread/TRACE] [FML]:   Registry: 2 minecraft:priest net.minecraftforge.fml.common.registry.VillagerRegistry$VillagerProfession@2ba9f743
[20:56:33] [Server thread/TRACE] [FML]:   Registry: 3 minecraft:smith net.minecraftforge.fml.common.registry.VillagerRegistry$VillagerProfession@7535f28
[20:56:33] [Server thread/TRACE] [FML]:   Registry: 4 minecraft:butcher net.minecraftforge.fml.common.registry.VillagerRegistry$VillagerProfession@75f65d54
[20:56:33] [Server thread/TRACE] [FML]:   Registry: 5 minecraft:nitwit net.minecraftforge.fml.common.registry.VillagerRegistry$VillagerProfession@3f3a6091
[20:56:33] [Server thread/TRACE] [FML]: Registry Name : minecraft:dataserializers
[20:56:33] [Server thread/TRACE] [FML]: Registry Name : minecraft:entities
[20:56:33] [Server thread/TRACE] [FML]:   Registry: 1 minecraft:item net.minecraftforge.fml.common.registry.EntityEntry@1b5af65b
[20:56:33] [Server thread/TRACE] [FML]:   Registry: 2 minecraft:xp_orb net.minecraftforge.fml.common.registry.EntityEntry@58583a2d
[20:56:33] [Server thread/TRACE] [FML]:   Registry: 3 minecraft:area_effect_cloud net.minecraftforge.fml.common.registry.EntityEntry@614cd187
[20:56:33] [Server thread/TRACE] [FML]:   Registry: 4 minecraft:elder_guardian net.minecraftforge.fml.common.registry.EntityEntry@41f90b10
[20:56:33] [Server thread/TRACE] [FML]:   Registry: 5 minecraft:wither_skeleton net.minecraftforge.fml.common.registry.EntityEntry@73ae82da
[20:56:33] [Server thread/TRACE] [FML]:   Registry: 6 minecraft:stray net.minecraftforge.fml.common.registry.EntityEntry@29b5e7db
[20:56:33] [Server thread/TRACE] [FML]:   Registry: 7 minecraft:egg net.minecraftforge.fml.common.registry.EntityEntry@11f9b95a
[20:56:33] [Server thread/TRACE] [FML]:   Registry: 8 minecraft:leash_knot net.minecraftforge.fml.common.registry.EntityEntry@687e561b
[20:56:33] [Server thread/TRACE] [FML]:   Registry: 9 minecraft:painting net.minecraftforge.fml.common.registry.EntityEntry@75f8d9b0
[20:56:33] [Server thread/TRACE] [FML]:   Registry: 10 minecraft:arrow net.minecraftforge.fml.common.registry.EntityEntry@1e23ee0e
[20:56:33] [Server thread/TRACE] [FML]:   Registry: 11 minecraft:snowball net.minecraftforge.fml.common.registry.EntityEntry@38923cfe
[20:56:33] [Server thread/TRACE] [FML]:   Registry: 12 minecraft:fireball net.minecraftforge.fml.common.registry.EntityEntry@5bccaedb
[20:56:33] [Server thread/TRACE] [FML]:   Registry: 13 minecraft:small_fireball net.minecraftforge.fml.common.registry.EntityEntry@49d979c4
[20:56:33] [Server thread/TRACE] [FML]:   Registry: 14 minecraft:ender_pearl net.minecraftforge.fml.common.registry.EntityEntry@16e5344c
[20:56:33] [Server thread/TRACE] [FML]:   Registry: 15 minecraft:eye_of_ender_signal net.minecraftforge.fml.common.registry.EntityEntry@47fca3cc
[20:56:33] [Server thread/TRACE] [FML]:   Registry: 16 minecraft:potion net.minecraftforge.fml.common.registry.EntityEntry@6a0c7af6
[20:56:33] [Server thread/TRACE] [FML]:   Registry: 17 minecraft:xp_bottle net.minecraftforge.fml.common.registry.EntityEntry@5d5ae6aa
[20:56:33] [Server thread/TRACE] [FML]:   Registry: 18 minecraft:item_frame net.minecraftforge.fml.common.registry.EntityEntry@2210e466
[20:56:33] [Server thread/TRACE] [FML]:   Registry: 19 minecraft:wither_skull net.minecraftforge.fml.common.registry.EntityEntry@1d0dad12
[20:56:33] [Server thread/TRACE] [FML]:   Registry: 20 minecraft:tnt net.minecraftforge.fml.common.registry.EntityEntry@58a8ea6f
[20:56:33] [Server thread/TRACE] [FML]:   Registry: 21 minecraft:falling_block net.minecraftforge.fml.common.registry.EntityEntry@5e7e7a7e
[20:56:33] [Server thread/TRACE] [FML]:   Registry: 22 minecraft:fireworks_rocket net.minecraftforge.fml.common.registry.EntityEntry@1c610f
[20:56:33] [Server thread/TRACE] [FML]:   Registry: 23 minecraft:husk net.minecraftforge.fml.common.registry.EntityEntry@78861d9e
[20:56:33] [Server thread/TRACE] [FML]:   Registry: 24 minecraft:spectral_arrow net.minecraftforge.fml.common.registry.EntityEntry@1eabfad5
[20:56:33] [Server thread/TRACE] [FML]:   Registry: 25 minecraft:shulker_bullet net.minecraftforge.fml.common.registry.EntityEntry@670c171c
[20:56:33] [Server thread/TRACE] [FML]:   Registry: 26 minecraft:dragon_fireball net.minecraftforge.fml.common.registry.EntityEntry@6fcc0a1
[20:56:33] [Server thread/TRACE] [FML]:   Registry: 27 minecraft:zombie_villager net.minecraftforge.fml.common.registry.EntityEntry@46d69ca4
[20:56:33] [Server thread/TRACE] [FML]:   Registry: 28 minecraft:skeleton_horse net.minecraftforge.fml.common.registry.EntityEntry@672d8370
[20:56:33] [Server thread/TRACE] [FML]:   Registry: 29 minecraft:zombie_horse net.minecraftforge.fml.common.registry.EntityEntry@21e702b8
[20:56:33] [Server thread/TRACE] [FML]:   Registry: 30 minecraft:armor_stand net.minecraftforge.fml.common.registry.EntityEntry@5c9e3d01
[20:56:33] [Server thread/TRACE] [FML]:   Registry: 31 minecraft:donkey net.minecraftforge.fml.common.registry.EntityEntry@54f69311
[20:56:33] [Server thread/TRACE] [FML]:   Registry: 32 minecraft:mule net.minecraftforge.fml.common.registry.EntityEntry@7793b55d
[20:56:33] [Server thread/TRACE] [FML]:   Registry: 33 minecraft:evocation_fangs net.minecraftforge.fml.common.registry.EntityEntry@4c79ca55
[20:56:33] [Server thread/TRACE] [FML]:   Registry: 34 minecraft:evocation_illager net.minecraftforge.fml.common.registry.EntityEntry@54e94de9
[20:56:33] [Server thread/TRACE] [FML]:   Registry: 35 minecraft:vex net.minecraftforge.fml.common.registry.EntityEntry@6f428e6e
[20:56:33] [Server thread/TRACE] [FML]:   Registry: 36 minecraft:vindication_illager net.minecraftforge.fml.common.registry.EntityEntry@45d38165
[20:56:33] [Server thread/TRACE] [FML]:   Registry: 37 minecraft:illusion_illager net.minecraftforge.fml.common.registry.EntityEntry@7b8cb283
[20:56:33] [Server thread/TRACE] [FML]:   Registry: 40 minecraft:commandblock_minecart net.minecraftforge.fml.common.registry.EntityEntry@12532e37
[20:56:33] [Server thread/TRACE] [FML]:   Registry: 41 minecraft:boat net.minecraftforge.fml.common.registry.EntityEntry@4e3ee457
[20:56:33] [Server thread/TRACE] [FML]:   Registry: 42 minecraft:minecart net.minecraftforge.fml.common.registry.EntityEntry@fb2c2f3
[20:56:33] [Server thread/TRACE] [FML]:   Registry: 43 minecraft:chest_minecart net.minecraftforge.fml.common.registry.EntityEntry@60b553f
[20:56:33] [Server thread/TRACE] [FML]:   Registry: 44 minecraft:furnace_minecart net.minecraftforge.fml.common.registry.EntityEntry@66abb2fa
[20:56:33] [Server thread/TRACE] [FML]:   Registry: 45 minecraft:tnt_minecart net.minecraftforge.fml.common.registry.EntityEntry@2133b712
[20:56:33] [Server thread/TRACE] [FML]:   Registry: 46 minecraft:hopper_minecart net.minecraftforge.fml.common.registry.EntityEntry@6585df70
[20:56:33] [Server thread/TRACE] [FML]:   Registry: 47 minecraft:spawner_minecart net.minecraftforge.fml.common.registry.EntityEntry@3cb49121
[20:56:33] [Server thread/TRACE] [FML]:   Registry: 50 minecraft:creeper net.minecraftforge.fml.common.registry.EntityEntry@4ebd8d2
[20:56:33] [Server thread/TRACE] [FML]:   Registry: 51 minecraft:skeleton net.minecraftforge.fml.common.registry.EntityEntry@360a3106
[20:56:33] [Server thread/TRACE] [FML]:   Registry: 52 minecraft:spider net.minecraftforge.fml.common.registry.EntityEntry@2c02a007
[20:56:33] [Server thread/TRACE] [FML]:   Registry: 53 minecraft:giant net.minecraftforge.fml.common.registry.EntityEntry@6f4fc83f
[20:56:33] [Server thread/TRACE] [FML]:   Registry: 54 minecraft:zombie net.minecraftforge.fml.common.registry.EntityEntry@16e4db59
[20:56:33] [Server thread/TRACE] [FML]:   Registry: 55 minecraft:slime net.minecraftforge.fml.common.registry.EntityEntry@6be422da
[20:56:33] [Server thread/TRACE] [FML]:   Registry: 56 minecraft:ghast net.minecraftforge.fml.common.registry.EntityEntry@6a7aa675
[20:56:33] [Server thread/TRACE] [FML]:   Registry: 57 minecraft:zombie_pigman net.minecraftforge.fml.common.registry.EntityEntry@3a3bc0da
[20:56:33] [Server thread/TRACE] [FML]:   Registry: 58 minecraft:enderman net.minecraftforge.fml.common.registry.EntityEntry@351c6341
[20:56:33] [Server thread/TRACE] [FML]:   Registry: 59 minecraft:cave_spider net.minecraftforge.fml.common.registry.EntityEntry@df6f19b
[20:56:33] [Server thread/TRACE] [FML]:   Registry: 60 minecraft:silverfish net.minecraftforge.fml.common.registry.EntityEntry@729d6ee2
[20:56:33] [Server thread/TRACE] [FML]:   Registry: 61 minecraft:blaze net.minecraftforge.fml.common.registry.EntityEntry@5ae87de0
[20:56:33] [Server thread/TRACE] [FML]:   Registry: 62 minecraft:magma_cube net.minecraftforge.fml.common.registry.EntityEntry@4910afdf
[20:56:33] [Server thread/TRACE] [FML]:   Registry: 63 minecraft:ender_dragon net.minecraftforge.fml.common.registry.EntityEntry@2cebf82f
[20:56:33] [Server thread/TRACE] [FML]:   Registry: 64 minecraft:wither net.minecraftforge.fml.common.registry.EntityEntry@57afe44b
[20:56:33] [Server thread/TRACE] [FML]:   Registry: 65 minecraft:bat net.minecraftforge.fml.common.registry.EntityEntry@301d84f6
[20:56:33] [Server thread/TRACE] [FML]:   Registry: 66 minecraft:witch net.minecraftforge.fml.common.registry.EntityEntry@57920d6c
[20:56:33] [Server thread/TRACE] [FML]:   Registry: 67 minecraft:endermite net.minecraftforge.fml.common.registry.EntityEntry@62cf86d6
[20:56:33] [Server thread/TRACE] [FML]:   Registry: 68 minecraft:guardian net.minecraftforge.fml.common.registry.EntityEntry@6dd2e453
[20:56:33] [Server thread/TRACE] [FML]:   Registry: 69 minecraft:shulker net.minecraftforge.fml.common.registry.EntityEntry@106802ea
[20:56:33] [Server thread/TRACE] [FML]:   Registry: 90 minecraft:pig net.minecraftforge.fml.common.registry.EntityEntry@66682e8f
[20:56:33] [Server thread/TRACE] [FML]:   Registry: 91 minecraft:sheep net.minecraftforge.fml.common.registry.EntityEntry@3580134d
[20:56:33] [Server thread/TRACE] [FML]:   Registry: 92 minecraft:cow net.minecraftforge.fml.common.registry.EntityEntry@6159fb3c
[20:56:33] [Server thread/TRACE] [FML]:   Registry: 93 minecraft:chicken net.minecraftforge.fml.common.registry.EntityEntry@37142579
[20:56:33] [Server thread/TRACE] [FML]:   Registry: 94 minecraft:squid net.minecraftforge.fml.common.registry.EntityEntry@36330be8
[20:56:33] [Server thread/TRACE] [FML]:   Registry: 95 minecraft:wolf net.minecraftforge.fml.common.registry.EntityEntry@7a8b7e11
[20:56:33] [Server thread/TRACE] [FML]:   Registry: 96 minecraft:mooshroom net.minecraftforge.fml.common.registry.EntityEntry@24258b54
[20:56:33] [Server thread/TRACE] [FML]:   Registry: 97 minecraft:snowman net.minecraftforge.fml.common.registry.EntityEntry@32428874
[20:56:33] [Server thread/TRACE] [FML]:   Registry: 98 minecraft:ocelot net.minecraftforge.fml.common.registry.EntityEntry@7ec5aad
[20:56:33] [Server thread/TRACE] [FML]:   Registry: 99 minecraft:villager_golem net.minecraftforge.fml.common.registry.EntityEntry@1c421b0f
[20:56:33] [Server thread/TRACE] [FML]:   Registry: 100 minecraft:horse net.minecraftforge.fml.common.registry.EntityEntry@2a9f8d47
[20:56:33] [Server thread/TRACE] [FML]:   Registry: 101 minecraft:rabbit net.minecraftforge.fml.common.registry.EntityEntry@5b74902c
[20:56:33] [Server thread/TRACE] [FML]:   Registry: 102 minecraft:polar_bear net.minecraftforge.fml.common.registry.EntityEntry@3292eff7
[20:56:33] [Server thread/TRACE] [FML]:   Registry: 103 minecraft:llama net.minecraftforge.fml.common.registry.EntityEntry@771cbd13
[20:56:33] [Server thread/TRACE] [FML]:   Registry: 104 minecraft:llama_spit net.minecraftforge.fml.common.registry.EntityEntry@3d57fb9e
[20:56:33] [Server thread/TRACE] [FML]:   Registry: 105 minecraft:parrot net.minecraftforge.fml.common.registry.EntityEntry@642c5bb3
[20:56:33] [Server thread/TRACE] [FML]:   Registry: 120 minecraft:villager net.minecraftforge.fml.common.registry.EntityEntry@7c03f9d0
[20:56:33] [Server thread/TRACE] [FML]:   Registry: 200 minecraft:ender_crystal net.minecraftforge.fml.common.registry.EntityEntry@17189618
[20:56:33] [Server thread/TRACE] [FML]: Sending event FMLModIdMappingEvent to mod minecraft
[20:56:33] [Server thread/TRACE] [FML]: Sent event FMLModIdMappingEvent to mod minecraft
[20:56:33] [Server thread/DEBUG] [FML]: Bar Step: ModIdMapping - Minecraft took 0.000s
[20:56:33] [Server thread/TRACE] [FML]: Sending event FMLModIdMappingEvent to mod mcp
[20:56:33] [Server thread/TRACE] [FML]: Sent event FMLModIdMappingEvent to mod mcp
[20:56:33] [Server thread/DEBUG] [FML]: Bar Step: ModIdMapping - Minecraft Coder Pack took 0.000s
[20:56:33] [Server thread/TRACE] [FML]: Sending event FMLModIdMappingEvent to mod mixinbooter
[20:56:33] [Server thread/TRACE] [FML]: Sent event FMLModIdMappingEvent to mod mixinbooter
[20:56:33] [Server thread/DEBUG] [FML]: Bar Step: ModIdMapping - MixinBooter took 0.000s
[20:56:33] [Server thread/TRACE] [FML]: Sending event FMLModIdMappingEvent to mod FML
[20:56:33] [Server thread/TRACE] [FML]: Sent event FMLModIdMappingEvent to mod FML
[20:56:33] [Server thread/DEBUG] [FML]: Bar Step: ModIdMapping - Forge Mod Loader took 0.000s
[20:56:33] [Server thread/TRACE] [FML]: Sending event FMLModIdMappingEvent to mod forge
[20:56:34] [Server thread/TRACE] [FML]: Sent event FMLModIdMappingEvent to mod forge
[20:56:34] [Server thread/DEBUG] [FML]: Bar Step: ModIdMapping - Minecraft Forge took 0.091s
[20:56:34] [Server thread/TRACE] [FML]: Sending event FMLModIdMappingEvent to mod peercraft
[20:56:34] [Server thread/TRACE] [FML]: Sent event FMLModIdMappingEvent to mod peercraft
[20:56:34] [Server thread/DEBUG] [FML]: Bar Step: ModIdMapping - PeerCraft took 0.000s
[20:56:34] [Server thread/DEBUG] [FML]: Bar Finished: ModIdMapping took 0.092s
[20:56:34] [Server thread/INFO] [FML]: Applying holder lookups
[20:56:34] [Server thread/INFO] [FML]: Holder lookups applied
[20:56:34] [Server thread/DEBUG] [FML]: Loading persistent fluid defaults from world
[20:56:34] [Server thread/DEBUG] [FML]: The fluid minecraft:lava has been selected as the default fluid for lava
[20:56:34] [Server thread/DEBUG] [FML]: The fluid minecraft:water has been selected as the default fluid for water
[20:56:34] [Server thread/INFO] [FML]: Loading dimension 0 (New World) (net.minecraft.server.integrated.IntegratedServer@2c7b7dd1)
[20:56:34] [Server thread/INFO] [net.minecraft.advancements.AdvancementList]: Loaded 488 advancements
[20:56:34] [Server thread/INFO] [FML]: Loading dimension -1 (New World) (net.minecraft.server.integrated.IntegratedServer@2c7b7dd1)
[20:56:34] [Server thread/INFO] [FML]: Loading dimension 1 (New World) (net.minecraft.server.integrated.IntegratedServer@2c7b7dd1)
[20:56:34] [Server thread/INFO] [net.minecraft.server.MinecraftServer]: Preparing start region for level 0
[20:56:35] [Server thread/TRACE] [FML]: Sending event FMLServerStartingEvent to mod minecraft
[20:56:35] [Server thread/TRACE] [FML]: Sent event FMLServerStartingEvent to mod minecraft
[20:56:35] [Server thread/DEBUG] [FML]: Bar Step: ServerStarting - Minecraft took 0.000s
[20:56:35] [Server thread/TRACE] [FML]: Sending event FMLServerStartingEvent to mod mcp
[20:56:35] [Server thread/TRACE] [FML]: Sent event FMLServerStartingEvent to mod mcp
[20:56:35] [Server thread/DEBUG] [FML]: Bar Step: ServerStarting - Minecraft Coder Pack took 0.000s
[20:56:35] [Server thread/TRACE] [FML]: Sending event FMLServerStartingEvent to mod mixinbooter
[20:56:35] [Server thread/TRACE] [FML]: Sent event FMLServerStartingEvent to mod mixinbooter
[20:56:35] [Server thread/DEBUG] [FML]: Bar Step: ServerStarting - MixinBooter took 0.000s
[20:56:35] [Server thread/TRACE] [FML]: Sending event FMLServerStartingEvent to mod FML
[20:56:35] [Server thread/TRACE] [FML]: Sent event FMLServerStartingEvent to mod FML
[20:56:35] [Server thread/DEBUG] [FML]: Bar Step: ServerStarting - Forge Mod Loader took 0.000s
[20:56:35] [Server thread/TRACE] [FML]: Sending event FMLServerStartingEvent to mod forge
[20:56:35] [Server thread/TRACE] [FML]: Sent event FMLServerStartingEvent to mod forge
[20:56:35] [Server thread/DEBUG] [FML]: Bar Step: ServerStarting - Minecraft Forge took 0.010s
[20:56:35] [Server thread/TRACE] [FML]: Sending event FMLServerStartingEvent to mod peercraft
[20:56:35] [Server thread/TRACE] [FML]: Sent event FMLServerStartingEvent to mod peercraft
[20:56:35] [Server thread/DEBUG] [FML]: Bar Step: ServerStarting - PeerCraft took 0.000s
[20:56:35] [Server thread/DEBUG] [FML]: Bar Finished: ServerStarting took 0.010s
[20:56:35] [Server thread/TRACE] [FML]: Sending event FMLServerStartedEvent to mod minecraft
[20:56:35] [Server thread/TRACE] [FML]: Sent event FMLServerStartedEvent to mod minecraft
[20:56:35] [Server thread/DEBUG] [FML]: Bar Step: ServerStarted - Minecraft took 0.000s
[20:56:35] [Server thread/TRACE] [FML]: Sending event FMLServerStartedEvent to mod mcp
[20:56:35] [Server thread/TRACE] [FML]: Sent event FMLServerStartedEvent to mod mcp
[20:56:35] [Server thread/DEBUG] [FML]: Bar Step: ServerStarted - Minecraft Coder Pack took 0.000s
[20:56:35] [Server thread/TRACE] [FML]: Sending event FMLServerStartedEvent to mod mixinbooter
[20:56:35] [Server thread/TRACE] [FML]: Sent event FMLServerStartedEvent to mod mixinbooter
[20:56:35] [Server thread/DEBUG] [FML]: Bar Step: ServerStarted - MixinBooter took 0.000s
[20:56:35] [Server thread/TRACE] [FML]: Sending event FMLServerStartedEvent to mod FML
[20:56:35] [Server thread/TRACE] [FML]: Sent event FMLServerStartedEvent to mod FML
[20:56:35] [Server thread/DEBUG] [FML]: Bar Step: ServerStarted - Forge Mod Loader took 0.000s
[20:56:35] [Server thread/TRACE] [FML]: Sending event FMLServerStartedEvent to mod forge
[20:56:35] [Server thread/TRACE] [FML]: Sent event FMLServerStartedEvent to mod forge
[20:56:35] [Server thread/DEBUG] [FML]: Bar Step: ServerStarted - Minecraft Forge took 0.000s
[20:56:35] [Server thread/TRACE] [FML]: Sending event FMLServerStartedEvent to mod peercraft
[20:56:35] [Server thread/INFO] [peercraft]: [PeerCraft] одиночная игра запущенна
[20:56:35] [Server thread/TRACE] [FML]: Sent event FMLServerStartedEvent to mod peercraft
[20:56:35] [Server thread/DEBUG] [FML]: Bar Step: ServerStarted - PeerCraft took 0.000s
[20:56:35] [Server thread/DEBUG] [FML]: Bar Finished: ServerStarted took 0.001s
[20:56:35] [Server thread/DEBUG] [FML]: Queueing dimension -1 to unload
[20:56:35] [Server thread/DEBUG] [FML]: Queueing dimension 1 to unload
[20:56:35] [Server thread/INFO] [FML]: Unloading dimension -1
[20:56:35] [Server thread/INFO] [FML]: Unloading dimension 1
[20:56:35] [Server thread/INFO] [peercraft]: Changing view distance to 12, from 10
[20:56:35] [Netty Server IO #1/INFO] [mixin]: Mixing ServerLoginPacketListenerImplMixin from peercraft.forge.mixins.json into net.minecraft.server.network.NetHandlerLoginServer
[20:56:35] [Netty Server IO #1/DEBUG] [org.spongepowered.asm.service.mojang.MixinServiceLaunchWrapper]: Rebuilding transformer delegation list:
[20:56:35] [Netty Server IO #1/DEBUG] [org.spongepowered.asm.service.mojang.MixinServiceLaunchWrapper]: Found name transformer: net.minecraftforge.fml.common.asm.transformers.DeobfuscationTransformer
[20:56:35] [Netty Server IO #1/DEBUG] [org.spongepowered.asm.service.mojang.MixinServiceLaunchWrapper]:   Excluding: org.spongepowered.asm.mixin.transformer.Proxy
[20:56:35] [Netty Server IO #1/DEBUG] [org.spongepowered.asm.service.mojang.MixinServiceLaunchWrapper]:   Adding:    net.minecraftforge.fml.common.asm.transformers.PatchingTransformer
[20:56:35] [Netty Server IO #1/DEBUG] [org.spongepowered.asm.service.mojang.MixinServiceLaunchWrapper]:   Adding:    $wrapper.net.minecraftforge.fml.common.asm.transformers.SideTransformer
[20:56:35] [Netty Server IO #1/DEBUG] [org.spongepowered.asm.service.mojang.MixinServiceLaunchWrapper]:   Excluding: $wrapper.net.minecraftforge.fml.common.asm.transformers.EventSubscriptionTransformer
[20:56:35] [Netty Server IO #1/DEBUG] [org.spongepowered.asm.service.mojang.MixinServiceLaunchWrapper]:   Adding:    $wrapper.net.minecraftforge.fml.common.asm.transformers.EventSubscriberTransformer
[20:56:35] [Netty Server IO #1/DEBUG] [org.spongepowered.asm.service.mojang.MixinServiceLaunchWrapper]:   Adding:    $wrapper.net.minecraftforge.fml.common.asm.transformers.SoundEngineFixTransformer
[20:56:35] [Netty Server IO #1/DEBUG] [org.spongepowered.asm.service.mojang.MixinServiceLaunchWrapper]:   Adding:    net.minecraftforge.fml.common.asm.transformers.DeobfuscationTransformer
[20:56:35] [Netty Server IO #1/DEBUG] [org.spongepowered.asm.service.mojang.MixinServiceLaunchWrapper]:   Adding:    net.minecraftforge.fml.common.asm.transformers.AccessTransformer
[20:56:35] [Netty Server IO #1/DEBUG] [org.spongepowered.asm.service.mojang.MixinServiceLaunchWrapper]:   Adding:    net.minecraftforge.fml.common.asm.transformers.ModAccessTransformer
[20:56:35] [Netty Server IO #1/DEBUG] [org.spongepowered.asm.service.mojang.MixinServiceLaunchWrapper]:   Adding:    net.minecraftforge.fml.common.asm.transformers.ItemStackTransformer
[20:56:35] [Netty Server IO #1/DEBUG] [org.spongepowered.asm.service.mojang.MixinServiceLaunchWrapper]:   Adding:    net.minecraftforge.fml.common.asm.transformers.ItemBlockTransformer
[20:56:35] [Netty Server IO #1/DEBUG] [org.spongepowered.asm.service.mojang.MixinServiceLaunchWrapper]:   Adding:    net.minecraftforge.fml.common.asm.transformers.ItemBlockSpecialTransformer
[20:56:35] [Netty Server IO #1/DEBUG] [org.spongepowered.asm.service.mojang.MixinServiceLaunchWrapper]:   Adding:    net.minecraftforge.fml.common.asm.transformers.PotionEffectTransformer
[20:56:35] [Netty Server IO #1/DEBUG] [org.spongepowered.asm.service.mojang.MixinServiceLaunchWrapper]:   Adding:    net.minecraftforge.gradle.GradleForgeHacks$AccessTransformerTransformer
[20:56:35] [Netty Server IO #1/DEBUG] [org.spongepowered.asm.service.mojang.MixinServiceLaunchWrapper]:   Excluding: net.minecraftforge.fml.common.asm.transformers.TerminalTransformer
[20:56:35] [Netty Server IO #1/DEBUG] [org.spongepowered.asm.service.mojang.MixinServiceLaunchWrapper]:   Excluding: org.spongepowered.asm.mixin.transformer.Proxy
[20:56:35] [Netty Server IO #1/DEBUG] [org.spongepowered.asm.service.mojang.MixinServiceLaunchWrapper]:   Adding:    net.minecraftforge.fml.common.asm.transformers.ModAPITransformer
[20:56:35] [Netty Server IO #1/DEBUG] [org.spongepowered.asm.service.mojang.MixinServiceLaunchWrapper]: Transformer delegation list created with 13 entries
[20:56:35] [Netty Server IO #1/TRACE] [mixin]: Added class metadata for com/mojang/authlib/GameProfile to metadata cache
[20:56:35] [Netty Server IO #1/TRACE] [mixin]: Added class metadata for net/minecraft/network/NetworkManager to metadata cache
[20:56:35] [Netty Server IO #1/TRACE] [mixin]: Added class metadata for net/peercraft/network/p2p/PlayerIdentityRegistry to metadata cache
[20:56:35] [Netty Server IO #1/TRACE] [mixin]: Added class metadata for java/net/InetSocketAddress to metadata cache
[20:56:35] [Netty Server IO #1/TRACE] [mixin]: Added class metadata for net/minecraft/util/ITickable to metadata cache
[20:56:35] [Netty Server IO #1/TRACE] [mixin]: Added class metadata for net/minecraft/network/login/INetHandlerLoginServer to metadata cache
[20:56:35] [Netty Server IO #1/TRACE] [mixin]: Added class metadata for net/minecraft/network/INetHandler to metadata cache
[20:56:35] [Netty Server IO #1/TRACE] [mixin]: Added class metadata for java/util/UUID to metadata cache
[20:56:35] [Netty Server IO #1/TRACE] [mixin]: Added class metadata for java/net/SocketAddress to metadata cache
[20:56:35] [Netty Server IO #1/DEBUG] [mixin]: RemapperAdapterFML is remapping method func_152506_a(Lcom/mojang/authlib/GameProfile;)Lcom/mojang/authlib/GameProfile; for net/minecraft/server/network/NetHandlerLoginServer
[20:56:35] [Netty Server IO #1/DEBUG] [mixin]: RemapperAdapterFML is remapping class net/minecraft/server/network/NetHandlerLoginServer
[20:56:35] [Netty Server IO #1/DEBUG] [mixin]: peercraft.forge.mixins.json:ServerLoginPacketListenerImplMixin from mod unknown-owner->@Inject::peercraft$injectAccountUuid(Lcom/mojang/authlib/GameProfile;Lorg/spongepowered/asm/mixin/injection/callback/CallbackInfoReturnable;)V does use it's CallbackInfoReturnable
[20:56:36] [Netty Local Client IO #0/TRACE] [FML]: Handshake channel activating
[20:56:36] [Netty Local Client IO #0/DEBUG] [FML]: FMLHandshakeClientState: null->FMLHandshakeClientState$1:START
[20:56:36] [Netty Local Client IO #0/DEBUG] [FML]:   Next: HELLO
[20:56:37] [Server thread/TRACE] [FML]: Handshake channel activating
[20:56:37] [Server thread/DEBUG] [FML]: FMLHandshakeServerState: null->FMLHandshakeServerState$1:START
[20:56:37] [Server thread/DEBUG] [FML]:   Next: HELLO
[20:56:37] [Netty Local Client IO #0/DEBUG] [FML]: Server FML protocol version 2, 4 byte dimension received 0
[20:56:37] [Netty Local Client IO #0/DEBUG] [FML]: FMLHandshakeClientState: $ServerHello->FMLHandshakeClientState$2:HELLO
[20:56:37] [Netty Local Client IO #0/DEBUG] [FML]:   Next: WAITINGSERVERDATA
[20:56:37] [Netty Local Client IO #0/INFO] [FML]: Server protocol version 2
[20:56:37] [Netty Local Client IO #0/DEBUG] [FML]: Received override dimension 0
[20:56:37] [Netty Server IO #1/DEBUG] [FML]: FMLHandshakeServerState: $ClientHello->FMLHandshakeServerState$2:HELLO
[20:56:37] [Netty Server IO #1/INFO] [FML]: Client protocol version 2
[20:56:37] [Netty Server IO #1/DEBUG] [FML]: FMLHandshakeServerState: $ModList:6 mods->FMLHandshakeServerState$2:HELLO
[20:56:37] [Netty Server IO #1/INFO] [FML]: Client attempting to join with 6 mods : minecraft@1.12.2,peercraft@1.0.1,FML@8.0.99.99,forge@14.23.5.2847,mixinbooter@8.9,mcp@9.42
[20:56:37] [Netty Server IO #1/DEBUG] [FML]:   Next: WAITINGCACK
[20:56:37] [Netty Local Client IO #0/DEBUG] [FML]: FMLHandshakeClientState: $ModList:6 mods->FMLHandshakeClientState$3:WAITINGSERVERDATA
[20:56:37] [Netty Local Client IO #0/DEBUG] [FML]:   Next: PENDINGCOMPLETE
[20:56:37] [Netty Server IO #1/DEBUG] [FML]: FMLHandshakeServerState: $HandshakeAck:{2}->FMLHandshakeServerState$3:WAITINGCACK
[20:56:37] [Netty Server IO #1/DEBUG] [FML]:   Next: COMPLETE
[20:56:37] [Netty Local Client IO #0/DEBUG] [FML]: FMLHandshakeClientState: $HandshakeAck:{2}->FMLHandshakeClientState$5:PENDINGCOMPLETE
[20:56:37] [Netty Local Client IO #0/DEBUG] [FML]:   Next: COMPLETE
[20:56:37] [Netty Server IO #1/DEBUG] [FML]: FMLHandshakeServerState: $HandshakeAck:{4}->FMLHandshakeServerState$4:COMPLETE
[20:56:37] [Netty Server IO #1/DEBUG] [FML]:   Next: DONE
[20:56:37] [Netty Local Client IO #0/DEBUG] [FML]: The fluid minecraft:lava has been selected as the default fluid for lava
[20:56:37] [Netty Local Client IO #0/DEBUG] [FML]: The fluid minecraft:water has been selected as the default fluid for water
[20:56:37] [Netty Local Client IO #0/DEBUG] [FML]: FMLHandshakeClientState: $HandshakeAck:{3}->FMLHandshakeClientState$6:COMPLETE
[20:56:37] [Netty Local Client IO #0/DEBUG] [FML]:   Next: DONE
[20:56:37] [Netty Server IO #1/DEBUG] [FML]: FMLHandshakeServerState: $HandshakeAck:{5}->FMLHandshakeServerState$5:DONE
[20:56:37] [Netty Local Client IO #0/INFO] [FML]: [Netty Local Client IO #0] Client side modded connection established
[20:56:37] [Server thread/INFO] [FML]: [Server thread] Server side modded connection established
[20:56:37] [Server thread/INFO] [net.minecraft.server.management.PlayerList]: Developer[local:E:aa13bbbd] logged in with entity id 330 at (97.00743017301596, 74.0, 605.4141364068823)
[20:56:37] [Server thread/INFO] [net.minecraft.server.MinecraftServer]: Developer joined the game
[20:56:37] [Client thread/DEBUG] [FML]: Overriding dimension: using 0
[20:56:38] [Server thread/INFO] [peercraft]: Saving and pausing game...
[20:56:38] [Server thread/INFO] [net.minecraft.server.MinecraftServer]: Saving chunks for level 'New World'/overworld
[20:56:38] [Server thread/DEBUG] [FML]: Gathering id map for writing to world save New World
[20:56:38] [Client thread/INFO] [net.minecraft.advancements.AdvancementList]: Loaded 20 advancements
[20:56:40] [Server thread/INFO] [peercraft]: Saving and pausing game...
[20:56:40] [Server thread/INFO] [net.minecraft.server.MinecraftServer]: Saving chunks for level 'New World'/overworld
[20:56:40] [Server thread/DEBUG] [FML]: Gathering id map for writing to world save New World
[20:56:45] [Client thread/INFO] [net.minecraft.network.NetworkSystem]: Using default channel type
[20:56:45] [Client thread/INFO] [peercraft]: Started on 45987
[20:56:45] [Client thread/INFO] [peercraft]: [PeerCraft P2P] Мир открыт для сети на порту 45987
[20:56:45] [Client thread/DEBUG] [mixin]: Generating mapped inner class net/minecraft/server/integrated/IntegratedServer$Anonymous$1de3397d19c448519e8c6898243c3e60 (originally net/peercraft/client/mixin/OpenToLanMixin$1)
[20:56:45] [Client thread/INFO] [peercraft]: [PeerCraft Receiver] UDP сокет успешно запущен на 0.0.0.0:50001 (буфер приёма: 4194304 байт)
[20:56:45] [Client thread/INFO] [peercraft]: [P2PBridge] Регистрируемся на сервере знакомств 91.146.31.165:51000 (макс. игроков: 4)...
[20:56:45] [PeerCraft-Rendezvous/INFO] [peercraft]: [PeerCraft Sender] ip adres: /91.146.31.165
[20:56:45] [Client thread/INFO] [net.minecraft.client.gui.GuiNewChat]: [CHAT] Local game hosted on port 45987
[20:56:45] [PeerCraft-Rendezvous/INFO] [peercraft]: [PeerCraft Sender] ip adres: /91.146.31.165
[20:56:46] [PeerCraft-UDP-Processor/INFO] [peercraft]: [P2PBridge] Комната создана! Код для второго игрока: CDYXWF
[20:56:46] [PeerCraft-UDP-Processor/INFO] [peercraft]: [P2PReceiver] Получено 16 байт от /91.146.31.165:51000
[20:56:46] [Client thread/INFO] [net.minecraft.client.gui.GuiNewChat]: [CHAT] peercraft.mixin.open_to_lan.room_code_prefix CDYXWF
[20:56:47] [Server thread/INFO] [net.minecraft.network.NetHandlerPlayServer]: Developer lost connection: Disconnected
[20:56:47] [Server thread/INFO] [net.minecraft.server.MinecraftServer]: Developer left the game
[20:56:47] [Server thread/INFO] [net.minecraft.network.NetHandlerPlayServer]: Stopping singleplayer server as player logged out
[20:56:47] [Server thread/TRACE] [FML]: Sending event FMLServerStoppingEvent to mod minecraft
[20:56:47] [Server thread/TRACE] [FML]: Sent event FMLServerStoppingEvent to mod minecraft
[20:56:47] [Server thread/DEBUG] [FML]: Bar Step: ServerStopping - Minecraft took 0.000s
[20:56:47] [Server thread/TRACE] [FML]: Sending event FMLServerStoppingEvent to mod mcp
[20:56:47] [Server thread/TRACE] [FML]: Sent event FMLServerStoppingEvent to mod mcp
[20:56:47] [Server thread/DEBUG] [FML]: Bar Step: ServerStopping - Minecraft Coder Pack took 0.000s
[20:56:47] [Server thread/TRACE] [FML]: Sending event FMLServerStoppingEvent to mod mixinbooter
[20:56:47] [Server thread/TRACE] [FML]: Sent event FMLServerStoppingEvent to mod mixinbooter
[20:56:47] [Server thread/DEBUG] [FML]: Bar Step: ServerStopping - MixinBooter took 0.000s
[20:56:47] [Server thread/TRACE] [FML]: Sending event FMLServerStoppingEvent to mod FML
[20:56:47] [Server thread/TRACE] [FML]: Sent event FMLServerStoppingEvent to mod FML
[20:56:47] [Server thread/DEBUG] [FML]: Bar Step: ServerStopping - Forge Mod Loader took 0.000s
[20:56:47] [Server thread/TRACE] [FML]: Sending event FMLServerStoppingEvent to mod forge
[20:56:47] [Server thread/TRACE] [FML]: Sent event FMLServerStoppingEvent to mod forge
[20:56:47] [Server thread/DEBUG] [FML]: Bar Step: ServerStopping - Minecraft Forge took 0.000s
[20:56:47] [Server thread/TRACE] [FML]: Sending event FMLServerStoppingEvent to mod peercraft
[20:56:47] [Server thread/TRACE] [FML]: Sent event FMLServerStoppingEvent to mod peercraft
[20:56:47] [Server thread/DEBUG] [FML]: Bar Step: ServerStopping - PeerCraft took 0.000s
[20:56:47] [Server thread/DEBUG] [FML]: Bar Finished: ServerStopping took 0.001s
[20:56:47] [Server thread/INFO] [net.minecraft.server.MinecraftServer]: Stopping server
[20:56:47] [Server thread/INFO] [net.minecraft.server.MinecraftServer]: Saving players
[20:56:47] [Server thread/INFO] [net.minecraft.server.MinecraftServer]: Saving worlds
[20:56:47] [Server thread/INFO] [net.minecraft.server.MinecraftServer]: Saving chunks for level 'New World'/overworld
[20:56:47] [Server thread/DEBUG] [FML]: Gathering id map for writing to world save New World
[20:56:47] [Server thread/INFO] [FML]: Unloading dimension 0
[20:56:47] [Server thread/DEBUG] [FML]: Reverting to frozen data state.
[20:56:47] [Server thread/TRACE] [FML]: Sending event FMLModIdMappingEvent to mod minecraft
[20:56:47] [Server thread/TRACE] [FML]: Sent event FMLModIdMappingEvent to mod minecraft
[20:56:47] [Server thread/DEBUG] [FML]: Bar Step: ModIdMapping - Minecraft took 0.000s
[20:56:47] [Server thread/TRACE] [FML]: Sending event FMLModIdMappingEvent to mod mcp
[20:56:47] [Server thread/TRACE] [FML]: Sent event FMLModIdMappingEvent to mod mcp
[20:56:47] [Server thread/DEBUG] [FML]: Bar Step: ModIdMapping - Minecraft Coder Pack took 0.000s
[20:56:47] [Server thread/TRACE] [FML]: Sending event FMLModIdMappingEvent to mod mixinbooter
[20:56:47] [Server thread/TRACE] [FML]: Sent event FMLModIdMappingEvent to mod mixinbooter
[20:56:47] [Server thread/DEBUG] [FML]: Bar Step: ModIdMapping - MixinBooter took 0.000s
[20:56:47] [Server thread/TRACE] [FML]: Sending event FMLModIdMappingEvent to mod FML
[20:56:47] [Server thread/TRACE] [FML]: Sent event FMLModIdMappingEvent to mod FML
[20:56:47] [Server thread/DEBUG] [FML]: Bar Step: ModIdMapping - Forge Mod Loader took 0.000s
[20:56:47] [Server thread/TRACE] [FML]: Sending event FMLModIdMappingEvent to mod forge
[20:56:48] [Server thread/TRACE] [FML]: Sent event FMLModIdMappingEvent to mod forge
[20:56:48] [Server thread/DEBUG] [FML]: Bar Step: ModIdMapping - Minecraft Forge took 0.076s
[20:56:48] [Server thread/TRACE] [FML]: Sending event FMLModIdMappingEvent to mod peercraft
[20:56:48] [Server thread/TRACE] [FML]: Sent event FMLModIdMappingEvent to mod peercraft
[20:56:48] [Server thread/DEBUG] [FML]: Bar Step: ModIdMapping - PeerCraft took 0.000s
[20:56:48] [Server thread/DEBUG] [FML]: Bar Finished: ModIdMapping took 0.077s
[20:56:48] [Server thread/INFO] [FML]: Applying holder lookups
[20:56:48] [Server thread/INFO] [FML]: Holder lookups applied
[20:56:48] [Server thread/DEBUG] [FML]: Frozen state restored.
[20:56:48] [Server thread/TRACE] [FML]: Sending event FMLServerStoppedEvent to mod minecraft
[20:56:48] [Server thread/TRACE] [FML]: Sent event FMLServerStoppedEvent to mod minecraft
[20:56:48] [Server thread/DEBUG] [FML]: Bar Step: ServerStopped - Minecraft took 0.000s
[20:56:48] [Server thread/TRACE] [FML]: Sending event FMLServerStoppedEvent to mod mcp
[20:56:48] [Server thread/TRACE] [FML]: Sent event FMLServerStoppedEvent to mod mcp
[20:56:48] [Server thread/DEBUG] [FML]: Bar Step: ServerStopped - Minecraft Coder Pack took 0.000s
[20:56:48] [Server thread/TRACE] [FML]: Sending event FMLServerStoppedEvent to mod mixinbooter
[20:56:48] [Server thread/TRACE] [FML]: Sent event FMLServerStoppedEvent to mod mixinbooter
[20:56:48] [Server thread/DEBUG] [FML]: Bar Step: ServerStopped - MixinBooter took 0.000s
[20:56:48] [Server thread/TRACE] [FML]: Sending event FMLServerStoppedEvent to mod FML
[20:56:48] [Server thread/TRACE] [FML]: Sent event FMLServerStoppedEvent to mod FML
[20:56:48] [Server thread/DEBUG] [FML]: Bar Step: ServerStopped - Forge Mod Loader took 0.000s
[20:56:48] [Server thread/TRACE] [FML]: Sending event FMLServerStoppedEvent to mod forge
[20:56:48] [Server thread/TRACE] [FML]: Sent event FMLServerStoppedEvent to mod forge
[20:56:48] [Server thread/DEBUG] [FML]: Bar Step: ServerStopped - Minecraft Forge took 0.000s
[20:56:48] [Server thread/TRACE] [FML]: Sending event FMLServerStoppedEvent to mod peercraft
[20:56:48] [Server thread/TRACE] [FML]: Sent event FMLServerStoppedEvent to mod peercraft
[20:56:48] [Server thread/DEBUG] [FML]: Bar Step: ServerStopped - PeerCraft took 0.000s
[20:56:48] [Server thread/DEBUG] [FML]: Bar Finished: ServerStopped took 0.001s
[20:56:56] [Client thread/INFO] [peercraft]: [P2PBridge] Запрошен запуск локального TCP-прокси на 127.0.0.1:25566
[20:56:56] [PeerCraft-LocalProxy/INFO] [peercraft]: [LocalProxy] Локальный TCP-прокси успешно запущен на 127.0.0.1:25566
[20:56:56] [PeerCraft-LocalProxy/INFO] [peercraft]: [LocalProxy] Во втором Minecraft-клиенте подключайся к адресу 127.0.0.1:25566
[20:56:56] [Client thread/INFO] [peercraft]: [PeerCraft Receiver] UDP сокет успешно запущен на 0.0.0.0:50002 (буфер приёма: 4194304 байт)
[20:56:56] [PeerCraft-Rendezvous/INFO] [peercraft]: [PeerCraft Sender] ip adres: /91.146.31.165
[20:56:57] [PeerCraft-Rendezvous/INFO] [peercraft]: [PeerCraft Sender] ip adres: /91.146.31.165
[20:56:57] [PeerCraft-Rendezvous/INFO] [peercraft]: [PeerCraft Sender] ip adres: /91.146.31.165
[20:56:58] [PeerCraft-Rendezvous/INFO] [peercraft]: [PeerCraft Sender] ip adres: /91.146.31.165
[20:56:58] [PeerCraft-Rendezvous/INFO] [peercraft]: [PeerCraft Sender] ip adres: /91.146.31.165
[20:56:58] [PeerCraft-UDP-Processor/INFO] [peercraft]: [P2PBridge] Пир найден: 94.183.205.205:46908, начинаем hole punching...
[20:56:58] [PeerCraft-UDP-Processor/INFO] [peercraft]: [P2PReceiver] Получено 17 байт от /91.146.31.165:51000
[20:56:58] [PeerCraft-Punch/INFO] [peercraft]: [PeerCraft Sender] ip adres: /94.183.205.205
[20:56:59] [PeerCraft-Punch/INFO] [peercraft]: [PeerCraft Sender] ip adres: /94.183.205.205
[20:56:59] [PeerCraft-Punch/INFO] [peercraft]: [PeerCraft Sender] ip adres: /94.183.205.205
[20:56:59] [PeerCraft-Punch/INFO] [peercraft]: [PeerCraft Sender] ip adres: /94.183.205.205
[20:56:59] [PeerCraft-Punch/INFO] [peercraft]: [PeerCraft Sender] ip adres: /94.183.205.205
[20:57:00] [PeerCraft-Punch/INFO] [peercraft]: [PeerCraft Sender] ip adres: /94.183.205.205
[20:57:00] [PeerCraft-Punch/INFO] [peercraft]: [PeerCraft Sender] ip adres: /94.183.205.205
[20:57:00] [PeerCraft-Punch/INFO] [peercraft]: [PeerCraft Sender] ip adres: /94.183.205.205
[20:57:01] [PeerCraft-Punch/INFO] [peercraft]: [PeerCraft Sender] ip adres: /94.183.205.205
[20:57:01] [PeerCraft-Punch/INFO] [peercraft]: [PeerCraft Sender] ip adres: /94.183.205.205
[20:57:01] [PeerCraft-Punch/INFO] [peercraft]: [PeerCraft Sender] ip adres: /94.183.205.205
[20:57:02] [PeerCraft-Punch/INFO] [peercraft]: [PeerCraft Sender] ip adres: /94.183.205.205
[20:57:02] [PeerCraft-Punch/INFO] [peercraft]: [PeerCraft Sender] ip adres: /94.183.205.205
[20:57:02] [PeerCraft-Punch/INFO] [peercraft]: [PeerCraft Sender] ip adres: /94.183.205.205
[20:57:02] [PeerCraft-Punch/INFO] [peercraft]: [PeerCraft Sender] ip adres: /94.183.205.205
[20:57:03] [PeerCraft-Punch/INFO] [peercraft]: [PeerCraft Sender] ip adres: /94.183.205.205
[20:57:03] [PeerCraft-Punch/INFO] [peercraft]: [PeerCraft Sender] ip adres: /94.183.205.205
[20:57:03] [PeerCraft-Punch/INFO] [peercraft]: [PeerCraft Sender] ip adres: /94.183.205.205
[20:57:04] [PeerCraft-Punch/INFO] [peercraft]: [PeerCraft Sender] ip adres: /94.183.205.205
[20:57:04] [PeerCraft-Punch/INFO] [peercraft]: [PeerCraft Sender] ip adres: /94.183.205.205
[20:57:04] [PeerCraft-Punch/INFO] [peercraft]: [PeerCraft Sender] ip adres: /94.183.205.205
[20:57:05] [PeerCraft-Punch/INFO] [peercraft]: [PeerCraft Sender] ip adres: /94.183.205.205
[20:57:05] [PeerCraft-Punch/INFO] [peercraft]: [PeerCraft Sender] ip adres: /94.183.205.205
[20:57:05] [PeerCraft-Punch/INFO] [peercraft]: [PeerCraft Sender] ip adres: /94.183.205.205
[20:57:06] [PeerCraft-Punch/INFO] [peercraft]: [PeerCraft Sender] ip adres: /94.183.205.205
[20:57:06] [PeerCraft-Punch/INFO] [peercraft]: [PeerCraft Sender] ip adres: /94.183.205.205
[20:57:06] [PeerCraft-Punch/INFO] [peercraft]: [PeerCraft Sender] ip adres: /94.183.205.205
[20:57:06] [PeerCraft-Punch/INFO] [peercraft]: [PeerCraft Sender] ip adres: /94.183.205.205
[20:57:07] [PeerCraft-Punch/INFO] [peercraft]: [PeerCraft Sender] ip adres: /94.183.205.205
[20:57:07] [PeerCraft-Punch/INFO] [peercraft]: [PeerCraft Sender] ip adres: /94.183.205.205
[20:57:07] [PeerCraft-Punch/INFO] [peercraft]: [PeerCraft Sender] ip adres: /94.183.205.205
[20:57:08] [PeerCraft-Punch/INFO] [peercraft]: [PeerCraft Sender] ip adres: /94.183.205.205
[20:57:08] [PeerCraft-Punch/INFO] [peercraft]: [PeerCraft Sender] ip adres: /94.183.205.205
[20:57:08] [PeerCraft-Punch/INFO] [peercraft]: [PeerCraft Sender] ip adres: /94.183.205.205
[20:57:09] [PeerCraft-Punch/WARN] [peercraft]: [PunchCoordinator] Не удалось установить прямое P2P-соединение с 94.183.205.205:46908 за 10000 мс (возможно, симметричный NAT или файрвол блокирует UDP) — hole punching не удался.
[20:57:09] [PeerCraft-Punch/ERROR] [peercraft]: [P2PBridge] Hole punching не удался: hole punching timeout
[20:57:54] [Client thread/INFO] [net.minecraft.client.Minecraft]: Stopping!
[20:57:54] [Client thread/INFO] [net.minecraft.client.audio.SoundManager]: SoundSystem shutting down...
[20:57:54] [Client thread/WARN] [net.minecraft.client.audio.SoundManager]: Author: Paul Lamb, www.paulscode.com
