Applying patch /home/ikuku/desktop/PeerCraft/peercraft-forge-1122/build/tmp/.cache/expanded/zip_831d8b75dfabe895c7da898525cf5213/net/minecraft/advancements/AdvancementManager.java.patch from bundle /home/ikuku/.gradle/caches/minecraft/net/minecraftforge/forge/1.12.2-14.23.5.2847/unpacked/patches.zip
Applying patch /home/ikuku/desktop/PeerCraft/peercraft-forge-1122/build/tmp/.cache/expanded/zip_831d8b75dfabe895c7da898525cf5213/net/minecraft/advancements/AdvancementRewards.java.patch from bundle /home/ikuku/.gradle/caches/minecraft/net/minecraftforge/forge/1.12.2-14.23.5.2847/unpacked/patches.zip
Applying patch /home/ikuku/desktop/PeerCraft/peercraft-forge-1122/build/tmp/.cache/expanded/zip_831d8b75dfabe895c7da898525cf5213/net/minecraft/advancements/DisplayInfo.java.patch from bundle /home/ikuku/.gradle/caches/minecraft/net/minecraftforge/forge/1.12.2-14.23.5.2847/unpacked/patches.zip
Applying patch /home/ikuku/desktop/PeerCraft/peercraft-forge-1122/build/tmp/.cache/expanded/zip_831d8b75dfabe895c7da898525cf5213/net/minecraft/advancements/PlayerAdvancements.java.patch from bundle /home/ikuku/.gradle/caches/minecraft/net/minecraftforge/forge/1.12.2-14.23.5.2847/unpacked/patches.zip
Applying patch /home/ikuku/desktop/PeerCraft/peercraft-forge-1122/build/tmp/.cache/expanded/zip_831d8b75dfabe895c7da898525cf5213/net/minecraft/advancements/critereon/ItemPredicate.java.patch from bundle /home/ikuku/.gradle/caches/minecraft/net/minecraftforge/forge/1.12.2-14.23.5.2847/unpacked/patches.zip
Applying patch /home/ikuku/desktop/PeerCraft/peercraft-forge-1122/build/tmp/.cache/expanded/zip_831d8b75dfabe895c7da898525cf5213/net/minecraft/block/Block.java.patch from bundle /home/ikuku/.gradle/caches/minecraft/net/minecraftforge/forge/1.12.2-14.23.5.2847/unpacked/patches.zip
Applying patch /home/ikuku/desktop/PeerCraft/peercraft-forge-1122/build/tmp/.cache/expanded/zip_831d8b75dfabe895c7da898525cf5213/net/minecraft/block/BlockBanner.java.patch from bundle /home/ikuku/.gradle/caches/minecraft/net/minecraftforge/forge/1.12.2-14.23.5.2847/unpacked/patches.zip
Applying patch /home/ikuku/desktop/PeerCraft/peercraft-forge-1122/build/tmp/.cache/expanded/zip_831d8b75dfabe895c7da898525cf5213/net/minecraft/block/BlockBed.java.patch from bundle /home/ikuku/.gradle/caches/minecraft/net/minecraftforge/forge/1.12.2-14.23.5.2847/unpacked/patches.zip
Applying patch /home/ikuku/desktop/PeerCraft/peercraft-forge-1122/build/tmp/.cache/expanded/zip_831d8b75dfabe895c7da898525cf5213/net/minecraft/block/BlockBush.java.patch from bundle /home/ikuku/.gradle/caches/minecraft/net/minecraftforge/forge/1.12.2-14.23.5.2847/unpacked/patches.zip
Applying patch /home/ikuku/desktop/PeerCraft/peercraft-forge-1122/build/tmp/.cache/expanded/zip_831d8b75dfabe895c7da898525cf5213/net/minecraft/block/BlockButton.java.patch from bundle /home/ikuku/.gradle/caches/minecraft/net/minecraftforge/forge/1.12.2-14.23.5.2847/unpacked/patches.zip
Applying patch /home/ikuku/desktop/PeerCraft/peercraft-forge-1122/build/tmp/.cache/expanded/zip_831d8b75dfabe895c7da898525cf5213/net/minecraft/block/BlockCactus.java.patch from bundle /home/ikuku/.gradle/caches/minecraft/net/minecraftforge/forge/1.12.2-14.23.5.2847/unpacked/patches.zip
Applying patch /home/ikuku/desktop/PeerCraft/peercraft-forge-1122/build/tmp/.cache/expanded/zip_831d8b75dfabe895c7da898525cf5213/net/minecraft/block/BlockChest.java.patch from bundle /home/ikuku/.gradle/caches/minecraft/net/minecraftforge/forge/1.12.2-14.23.5.2847/unpacked/patches.zip
Applying patch /home/ikuku/desktop/PeerCraft/peercraft-forge-1122/build/tmp/.cache/expanded/zip_831d8b75dfabe895c7da898525cf5213/net/minecraft/block/BlockChorusFlower.java.patch from bundle /home/ikuku/.gradle/caches/minecraft/net/minecraftforge/forge/1.12.2-14.23.5.2847/unpacked/patches.zip
Applying patch /home/ikuku/desktop/PeerCraft/peercraft-forge-1122/build/tmp/.cache/expanded/zip_831d8b75dfabe895c7da898525cf5213/net/minecraft/block/BlockCocoa.java.patch from bundle /home/ikuku/.gradle/caches/minecraft/net/minecraftforge/forge/1.12.2-14.23.5.2847/unpacked/patches.zip
Applying patch /home/ikuku/desktop/PeerCraft/peercraft-forge-1122/build/tmp/.cache/expanded/zip_831d8b75dfabe895c7da898525cf5213/net/minecraft/block/BlockCrops.java.patch from bundle /home/ikuku/.gradle/caches/minecraft/net/minecraftforge/forge/1.12.2-14.23.5.2847/unpacked/patches.zip
Applying patch /home/ikuku/desktop/PeerCraft/peercraft-forge-1122/build/tmp/.cache/expanded/zip_831d8b75dfabe895c7da898525cf5213/net/minecraft/block/BlockDeadBush.java.patch from bundle /home/ikuku/.gradle/caches/minecraft/net/minecraftforge/forge/1.12.2-14.23.5.2847/unpacked/patches.zip
Applying patch /home/ikuku/desktop/PeerCraft/peercraft-forge-1122/build/tmp/.cache/expanded/zip_831d8b75dfabe895c7da898525cf5213/net/minecraft/block/BlockDoor.java.patch from bundle /home/ikuku/.gradle/caches/minecraft/net/minecraftforge/forge/1.12.2-14.23.5.2847/unpacked/patches.zip
Applying patch /home/ikuku/desktop/PeerCraft/peercraft-forge-1122/build/tmp/.cache/expanded/zip_831d8b75dfabe895c7da898525cf5213/net/minecraft/block/BlockDoublePlant.java.patch from bundle /home/ikuku/.gradle/caches/minecraft/net/minecraftforge/forge/1.12.2-14.23.5.2847/unpacked/patches.zip
Applying patch /home/ikuku/desktop/PeerCraft/peercraft-forge-1122/build/tmp/.cache/expanded/zip_831d8b75dfabe895c7da898525cf5213/net/minecraft/block/BlockDragonEgg.java.patch from bundle /home/ikuku/.gradle/caches/minecraft/net/minecraftforge/forge/1.12.2-14.23.5.2847/unpacked/patches.zip
Applying patch /home/ikuku/desktop/PeerCraft/peercraft-forge-1122/build/tmp/.cache/expanded/zip_831d8b75dfabe895c7da898525cf5213/net/minecraft/block/BlockDropper.java.patch from bundle /home/ikuku/.gradle/caches/minecraft/net/minecraftforge/forge/1.12.2-14.23.5.2847/unpacked/patches.zip
Applying patch /home/ikuku/desktop/PeerCraft/peercraft-forge-1122/build/tmp/.cache/expanded/zip_831d8b75dfabe895c7da898525cf5213/net/minecraft/block/BlockDynamicLiquid.java.patch from bundle /home/ikuku/.gradle/caches/minecraft/net/minecraftforge/forge/1.12.2-14.23.5.2847/unpacked/patches.zip
Applying patch /home/ikuku/desktop/PeerCraft/peercraft-forge-1122/build/tmp/.cache/expanded/zip_831d8b75dfabe895c7da898525cf5213/net/minecraft/block/BlockEnchantmentTable.java.patch from bundle /home/ikuku/.gradle/caches/minecraft/net/minecraftforge/forge/1.12.2-14.23.5.2847/unpacked/patches.zip
Applying patch /home/ikuku/desktop/PeerCraft/peercraft-forge-1122/build/tmp/.cache/expanded/zip_831d8b75dfabe895c7da898525cf5213/net/minecraft/block/BlockEnderChest.java.patch from bundle /home/ikuku/.gradle/caches/minecraft/net/minecraftforge/forge/1.12.2-14.23.5.2847/unpacked/patches.zip
Applying patch /home/ikuku/desktop/PeerCraft/peercraft-forge-1122/build/tmp/.cache/expanded/zip_831d8b75dfabe895c7da898525cf5213/net/minecraft/block/BlockFalling.java.patch from bundle /home/ikuku/.gradle/caches/minecraft/net/minecraftforge/forge/1.12.2-14.23.5.2847/unpacked/patches.zip
Applying patch /home/ikuku/desktop/PeerCraft/peercraft-forge-1122/build/tmp/.cache/expanded/zip_831d8b75dfabe895c7da898525cf5213/net/minecraft/block/BlockFarmland.java.patch from bundle /home/ikuku/.gradle/caches/minecraft/net/minecraftforge/forge/1.12.2-14.23.5.2847/unpacked/patches.zip
Applying patch /home/ikuku/desktop/PeerCraft/peercraft-forge-1122/build/tmp/.cache/expanded/zip_831d8b75dfabe895c7da898525cf5213/net/minecraft/block/BlockFence.java.patch from bundle /home/ikuku/.gradle/caches/minecraft/net/minecraftforge/forge/1.12.2-14.23.5.2847/unpacked/patches.zip
Applying patch /home/ikuku/desktop/PeerCraft/peercraft-forge-1122/build/tmp/.cache/expanded/zip_831d8b75dfabe895c7da898525cf5213/net/minecraft/block/BlockFenceGate.java.patch from bundle /home/ikuku/.gradle/caches/minecraft/net/minecraftforge/forge/1.12.2-14.23.5.2847/unpacked/patches.zip
Applying patch /home/ikuku/desktop/PeerCraft/peercraft-forge-1122/build/tmp/.cache/expanded/zip_831d8b75dfabe895c7da898525cf5213/net/minecraft/block/BlockFire.java.patch from bundle /home/ikuku/.gradle/caches/minecraft/net/minecraftforge/forge/1.12.2-14.23.5.2847/unpacked/patches.zip
Applying patch /home/ikuku/desktop/PeerCraft/peercraft-forge-1122/build/tmp/.cache/expanded/zip_831d8b75dfabe895c7da898525cf5213/net/minecraft/block/BlockFlowerPot.java.patch from bundle /home/ikuku/.gradle/caches/minecraft/net/minecraftforge/forge/1.12.2-14.23.5.2847/unpacked/patches.zip
Applying patch /home/ikuku/desktop/PeerCraft/peercraft-forge-1122/build/tmp/.cache/expanded/zip_831d8b75dfabe895c7da898525cf5213/net/minecraft/block/BlockGrass.java.patch from bundle /home/ikuku/.gradle/caches/minecraft/net/minecraftforge/forge/1.12.2-14.23.5.2847/unpacked/patches.zip
Applying patch /home/ikuku/desktop/PeerCraft/peercraft-forge-1122/build/tmp/.cache/expanded/zip_831d8b75dfabe895c7da898525cf5213/net/minecraft/block/BlockHugeMushroom.java.patch from bundle /home/ikuku/.gradle/caches/minecraft/net/minecraftforge/forge/1.12.2-14.23.5.2847/unpacked/patches.zip
Applying patch /home/ikuku/desktop/PeerCraft/peercraft-forge-1122/build/tmp/.cache/expanded/zip_831d8b75dfabe895c7da898525cf5213/net/minecraft/block/BlockIce.java.patch from bundle /home/ikuku/.gradle/caches/minecraft/net/minecraftforge/forge/1.12.2-14.23.5.2847/unpacked/patches.zip
Applying patch /home/ikuku/desktop/PeerCraft/peercraft-forge-1122/build/tmp/.cache/expanded/zip_831d8b75dfabe895c7da898525cf5213/net/minecraft/block/BlockLadder.java.patch from bundle /home/ikuku/.gradle/caches/minecraft/net/minecraftforge/forge/1.12.2-14.23.5.2847/unpacked/patches.zip
Applying patch /home/ikuku/desktop/PeerCraft/peercraft-forge-1122/build/tmp/.cache/expanded/zip_831d8b75dfabe895c7da898525cf5213/net/minecraft/block/BlockLeaves.java.patch from bundle /home/ikuku/.gradle/caches/minecraft/net/minecraftforge/forge/1.12.2-14.23.5.2847/unpacked/patches.zip
Applying patch /home/ikuku/desktop/PeerCraft/peercraft-forge-1122/build/tmp/.cache/expanded/zip_831d8b75dfabe895c7da898525cf5213/net/minecraft/block/BlockLiquid.java.patch from bundle /home/ikuku/.gradle/caches/minecraft/net/minecraftforge/forge/1.12.2-14.23.5.2847/unpacked/patches.zip
Applying patch /home/ikuku/desktop/PeerCraft/peercraft-forge-1122/build/tmp/.cache/expanded/zip_831d8b75dfabe895c7da898525cf5213/net/minecraft/block/BlockLog.java.patch from bundle /home/ikuku/.gradle/caches/minecraft/net/minecraftforge/forge/1.12.2-14.23.5.2847/unpacked/patches.zip
Applying patch /home/ikuku/desktop/PeerCraft/peercraft-forge-1122/build/tmp/.cache/expanded/zip_831d8b75dfabe895c7da898525cf5213/net/minecraft/block/BlockMobSpawner.java.patch from bundle /home/ikuku/.gradle/caches/minecraft/net/minecraftforge/forge/1.12.2-14.23.5.2847/unpacked/patches.zip
Applying patch /home/ikuku/desktop/PeerCraft/peercraft-forge-1122/build/tmp/.cache/expanded/zip_831d8b75dfabe895c7da898525cf5213/net/minecraft/block/BlockMushroom.java.patch from bundle /home/ikuku/.gradle/caches/minecraft/net/minecraftforge/forge/1.12.2-14.23.5.2847/unpacked/patches.zip
Applying patch /home/ikuku/desktop/PeerCraft/peercraft-forge-1122/build/tmp/.cache/expanded/zip_831d8b75dfabe895c7da898525cf5213/net/minecraft/block/BlockMycelium.java.patch from bundle /home/ikuku/.gradle/caches/minecraft/net/minecraftforge/forge/1.12.2-14.23.5.2847/unpacked/patches.zip
Applying patch /home/ikuku/desktop/PeerCraft/peercraft-forge-1122/build/tmp/.cache/expanded/zip_831d8b75dfabe895c7da898525cf5213/net/minecraft/block/BlockNetherWart.java.patch from bundle /home/ikuku/.gradle/caches/minecraft/net/minecraftforge/forge/1.12.2-14.23.5.2847/unpacked/patches.zip
Applying patch /home/ikuku/desktop/PeerCraft/peercraft-forge-1122/build/tmp/.cache/expanded/zip_831d8b75dfabe895c7da898525cf5213/net/minecraft/block/BlockNewLeaf.java.patch from bundle /home/ikuku/.gradle/caches/minecraft/net/minecraftforge/forge/1.12.2-14.23.5.2847/unpacked/patches.zip
Applying patch /home/ikuku/desktop/PeerCraft/peercraft-forge-1122/build/tmp/.cache/expanded/zip_831d8b75dfabe895c7da898525cf5213/net/minecraft/block/BlockNote.java.patch from bundle /home/ikuku/.gradle/caches/minecraft/net/minecraftforge/forge/1.12.2-14.23.5.2847/unpacked/patches.zip
Applying patch /home/ikuku/desktop/PeerCraft/peercraft-forge-1122/build/tmp/.cache/expanded/zip_831d8b75dfabe895c7da898525cf5213/net/minecraft/block/BlockObserver.java.patch from bundle /home/ikuku/.gradle/caches/minecraft/net/minecraftforge/forge/1.12.2-14.23.5.2847/unpacked/patches.zip
Applying patch /home/ikuku/desktop/PeerCraft/peercraft-forge-1122/build/tmp/.cache/expanded/zip_831d8b75dfabe895c7da898525cf5213/net/minecraft/block/BlockOldLeaf.java.patch from bundle /home/ikuku/.gradle/caches/minecraft/net/minecraftforge/forge/1.12.2-14.23.5.2847/unpacked/patches.zip
Applying patch /home/ikuku/desktop/PeerCraft/peercraft-forge-1122/build/tmp/.cache/expanded/zip_831d8b75dfabe895c7da898525cf5213/net/minecraft/block/BlockOre.java.patch from bundle /home/ikuku/.gradle/caches/minecraft/net/minecraftforge/forge/1.12.2-14.23.5.2847/unpacked/patches.zip
Applying patch /home/ikuku/desktop/PeerCraft/peercraft-forge-1122/build/tmp/.cache/expanded/zip_831d8b75dfabe895c7da898525cf5213/net/minecraft/block/BlockPane.java.patch from bundle /home/ikuku/.gradle/caches/minecraft/net/minecraftforge/forge/1.12.2-14.23.5.2847/unpacked/patches.zip
Applying patch /home/ikuku/desktop/PeerCraft/peercraft-forge-1122/build/tmp/.cache/expanded/zip_831d8b75dfabe895c7da898525cf5213/net/minecraft/block/BlockPistonBase.java.patch from bundle /home/ikuku/.gradle/caches/minecraft/net/minecraftforge/forge/1.12.2-14.23.5.2847/unpacked/patches.zip
Applying patch /home/ikuku/desktop/PeerCraft/peercraft-forge-1122/build/tmp/.cache/expanded/zip_831d8b75dfabe895c7da898525cf5213/net/minecraft/block/BlockPistonMoving.java.patch from bundle /home/ikuku/.gradle/caches/minecraft/net/minecraftforge/forge/1.12.2-14.23.5.2847/unpacked/patches.zip
Applying patch /home/ikuku/desktop/PeerCraft/peercraft-forge-1122/build/tmp/.cache/expanded/zip_831d8b75dfabe895c7da898525cf5213/net/minecraft/block/BlockPortal.java.patch from bundle /home/ikuku/.gradle/caches/minecraft/net/minecraftforge/forge/1.12.2-14.23.5.2847/unpacked/patches.zip
Applying patch /home/ikuku/desktop/PeerCraft/peercraft-forge-1122/build/tmp/.cache/expanded/zip_831d8b75dfabe895c7da898525cf5213/net/minecraft/block/BlockPotato.java.patch from bundle /home/ikuku/.gradle/caches/minecraft/net/minecraftforge/forge/1.12.2-14.23.5.2847/unpacked/patches.zip
Applying patch /home/ikuku/desktop/PeerCraft/peercraft-forge-1122/build/tmp/.cache/expanded/zip_831d8b75dfabe895c7da898525cf5213/net/minecraft/block/BlockPumpkin.java.patch from bundle /home/ikuku/.gradle/caches/minecraft/net/minecraftforge/forge/1.12.2-14.23.5.2847/unpacked/patches.zip
Applying patch /home/ikuku/desktop/PeerCraft/peercraft-forge-1122/build/tmp/.cache/expanded/zip_831d8b75dfabe895c7da898525cf5213/net/minecraft/block/BlockQuartz.java.patch from bundle /home/ikuku/.gradle/caches/minecraft/net/minecraftforge/forge/1.12.2-14.23.5.2847/unpacked/patches.zip
Applying patch /home/ikuku/desktop/PeerCraft/peercraft-forge-1122/build/tmp/.cache/expanded/zip_831d8b75dfabe895c7da898525cf5213/net/minecraft/block/BlockRailBase.java.patch from bundle /home/ikuku/.gradle/caches/minecraft/net/minecraftforge/forge/1.12.2-14.23.5.2847/unpacked/patches.zip
Applying patch /home/ikuku/desktop/PeerCraft/peercraft-forge-1122/build/tmp/.cache/expanded/zip_831d8b75dfabe895c7da898525cf5213/net/minecraft/block/BlockRailDetector.java.patch from bundle /home/ikuku/.gradle/caches/minecraft/net/minecraftforge/forge/1.12.2-14.23.5.2847/unpacked/patches.zip
Applying patch /home/ikuku/desktop/PeerCraft/peercraft-forge-1122/build/tmp/.cache/expanded/zip_831d8b75dfabe895c7da898525cf5213/net/minecraft/block/BlockRailPowered.java.patch from bundle /home/ikuku/.gradle/caches/minecraft/net/minecraftforge/forge/1.12.2-14.23.5.2847/unpacked/patches.zip
Applying patch /home/ikuku/desktop/PeerCraft/peercraft-forge-1122/build/tmp/.cache/expanded/zip_831d8b75dfabe895c7da898525cf5213/net/minecraft/block/BlockRedstoneComparator.java.patch from bundle /home/ikuku/.gradle/caches/minecraft/net/minecraftforge/forge/1.12.2-14.23.5.2847/unpacked/patches.zip
Applying patch /home/ikuku/desktop/PeerCraft/peercraft-forge-1122/build/tmp/.cache/expanded/zip_831d8b75dfabe895c7da898525cf5213/net/minecraft/block/BlockRedstoneDiode.java.patch from bundle /home/ikuku/.gradle/caches/minecraft/net/minecraftforge/forge/1.12.2-14.23.5.2847/unpacked/patches.zip
Applying patch /home/ikuku/desktop/PeerCraft/peercraft-forge-1122/build/tmp/.cache/expanded/zip_831d8b75dfabe895c7da898525cf5213/net/minecraft/block/BlockRedstoneOre.java.patch from bundle /home/ikuku/.gradle/caches/minecraft/net/minecraftforge/forge/1.12.2-14.23.5.2847/unpacked/patches.zip
Applying patch /home/ikuku/desktop/PeerCraft/peercraft-forge-1122/build/tmp/.cache/expanded/zip_831d8b75dfabe895c7da898525cf5213/net/minecraft/block/BlockRedstoneTorch.java.patch from bundle /home/ikuku/.gradle/caches/minecraft/net/minecraftforge/forge/1.12.2-14.23.5.2847/unpacked/patches.zip
Applying patch /home/ikuku/desktop/PeerCraft/peercraft-forge-1122/build/tmp/.cache/expanded/zip_831d8b75dfabe895c7da898525cf5213/net/minecraft/block/BlockRedstoneWire.java.patch from bundle /home/ikuku/.gradle/caches/minecraft/net/minecraftforge/forge/1.12.2-14.23.5.2847/unpacked/patches.zip
Applying patch /home/ikuku/desktop/PeerCraft/peercraft-forge-1122/build/tmp/.cache/expanded/zip_831d8b75dfabe895c7da898525cf5213/net/minecraft/block/BlockReed.java.patch from bundle /home/ikuku/.gradle/caches/minecraft/net/minecraftforge/forge/1.12.2-14.23.5.2847/unpacked/patches.zip
Applying patch /home/ikuku/desktop/PeerCraft/peercraft-forge-1122/build/tmp/.cache/expanded/zip_831d8b75dfabe895c7da898525cf5213/net/minecraft/block/BlockRotatedPillar.java.patch from bundle /home/ikuku/.gradle/caches/minecraft/net/minecraftforge/forge/1.12.2-14.23.5.2847/unpacked/patches.zip
Applying patch /home/ikuku/desktop/PeerCraft/peercraft-forge-1122/build/tmp/.cache/expanded/zip_831d8b75dfabe895c7da898525cf5213/net/minecraft/block/BlockSapling.java.patch from bundle /home/ikuku/.gradle/caches/minecraft/net/minecraftforge/forge/1.12.2-14.23.5.2847/unpacked/patches.zip
Applying patch /home/ikuku/desktop/PeerCraft/peercraft-forge-1122/build/tmp/.cache/expanded/zip_831d8b75dfabe895c7da898525cf5213/net/minecraft/block/BlockSkull.java.patch from bundle /home/ikuku/.gradle/caches/minecraft/net/minecraftforge/forge/1.12.2-14.23.5.2847/unpacked/patches.zip
Applying patch /home/ikuku/desktop/PeerCraft/peercraft-forge-1122/build/tmp/.cache/expanded/zip_831d8b75dfabe895c7da898525cf5213/net/minecraft/block/BlockSlab.java.patch from bundle /home/ikuku/.gradle/caches/minecraft/net/minecraftforge/forge/1.12.2-14.23.5.2847/unpacked/patches.zip
Applying patch /home/ikuku/desktop/PeerCraft/peercraft-forge-1122/build/tmp/.cache/expanded/zip_831d8b75dfabe895c7da898525cf5213/net/minecraft/block/BlockSnow.java.patch from bundle /home/ikuku/.gradle/caches/minecraft/net/minecraftforge/forge/1.12.2-14.23.5.2847/unpacked/patches.zip
Applying patch /home/ikuku/desktop/PeerCraft/peercraft-forge-1122/build/tmp/.cache/expanded/zip_831d8b75dfabe895c7da898525cf5213/net/minecraft/block/BlockStairs.java.patch from bundle /home/ikuku/.gradle/caches/minecraft/net/minecraftforge/forge/1.12.2-14.23.5.2847/unpacked/patches.zip
Applying patch /home/ikuku/desktop/PeerCraft/peercraft-forge-1122/build/tmp/.cache/expanded/zip_831d8b75dfabe895c7da898525cf5213/net/minecraft/block/BlockStaticLiquid.java.patch from bundle /home/ikuku/.gradle/caches/minecraft/net/minecraftforge/forge/1.12.2-14.23.5.2847/unpacked/patches.zip
Applying patch /home/ikuku/desktop/PeerCraft/peercraft-forge-1122/build/tmp/.cache/expanded/zip_831d8b75dfabe895c7da898525cf5213/net/minecraft/block/BlockStem.java.patch from bundle /home/ikuku/.gradle/caches/minecraft/net/minecraftforge/forge/1.12.2-14.23.5.2847/unpacked/patches.zip
Applying patch /home/ikuku/desktop/PeerCraft/peercraft-forge-1122/build/tmp/.cache/expanded/zip_831d8b75dfabe895c7da898525cf5213/net/minecraft/block/BlockTallGrass.java.patch from bundle /home/ikuku/.gradle/caches/minecraft/net/minecraftforge/forge/1.12.2-14.23.5.2847/unpacked/patches.zip
Applying patch /home/ikuku/desktop/PeerCraft/peercraft-forge-1122/build/tmp/.cache/expanded/zip_831d8b75dfabe895c7da898525cf5213/net/minecraft/block/BlockTorch.java.patch from bundle /home/ikuku/.gradle/caches/minecraft/net/minecraftforge/forge/1.12.2-14.23.5.2847/unpacked/patches.zip
Applying patch /home/ikuku/desktop/PeerCraft/peercraft-forge-1122/build/tmp/.cache/expanded/zip_831d8b75dfabe895c7da898525cf5213/net/minecraft/block/BlockTrapDoor.java.patch from bundle /home/ikuku/.gradle/caches/minecraft/net/minecraftforge/forge/1.12.2-14.23.5.2847/unpacked/patches.zip
Applying patch /home/ikuku/desktop/PeerCraft/peercraft-forge-1122/build/tmp/.cache/expanded/zip_831d8b75dfabe895c7da898525cf5213/net/minecraft/block/BlockVine.java.patch from bundle /home/ikuku/.gradle/caches/minecraft/net/minecraftforge/forge/1.12.2-14.23.5.2847/unpacked/patches.zip
Applying patch /home/ikuku/desktop/PeerCraft/peercraft-forge-1122/build/tmp/.cache/expanded/zip_831d8b75dfabe895c7da898525cf5213/net/minecraft/block/BlockWall.java.patch from bundle /home/ikuku/.gradle/caches/minecraft/net/minecraftforge/forge/1.12.2-14.23.5.2847/unpacked/patches.zip
Applying patch /home/ikuku/desktop/PeerCraft/peercraft-forge-1122/build/tmp/.cache/expanded/zip_831d8b75dfabe895c7da898525cf5213/net/minecraft/block/BlockWeb.java.patch from bundle /home/ikuku/.gradle/caches/minecraft/net/minecraftforge/forge/1.12.2-14.23.5.2847/unpacked/patches.zip
Applying patch /home/ikuku/desktop/PeerCraft/peercraft-forge-1122/build/tmp/.cache/expanded/zip_831d8b75dfabe895c7da898525cf5213/net/minecraft/block/SoundType.java.patch from bundle /home/ikuku/.gradle/caches/minecraft/net/minecraftforge/forge/1.12.2-14.23.5.2847/unpacked/patches.zip
Applying patch /home/ikuku/desktop/PeerCraft/peercraft-forge-1122/build/tmp/.cache/expanded/zip_831d8b75dfabe895c7da898525cf5213/net/minecraft/block/state/BlockPistonStructureHelper.java.patch from bundle /home/ikuku/.gradle/caches/minecraft/net/minecraftforge/forge/1.12.2-14.23.5.2847/unpacked/patches.zip
Applying patch /home/ikuku/desktop/PeerCraft/peercraft-forge-1122/build/tmp/.cache/expanded/zip_831d8b75dfabe895c7da898525cf5213/net/minecraft/block/state/BlockStateBase.java.patch from bundle /home/ikuku/.gradle/caches/minecraft/net/minecraftforge/forge/1.12.2-14.23.5.2847/unpacked/patches.zip
Applying patch /home/ikuku/desktop/PeerCraft/peercraft-forge-1122/build/tmp/.cache/expanded/zip_831d8b75dfabe895c7da898525cf5213/net/minecraft/block/state/BlockStateContainer.java.patch from bundle /home/ikuku/.gradle/caches/minecraft/net/minecraftforge/forge/1.12.2-14.23.5.2847/unpacked/patches.zip
Applying patch /home/ikuku/desktop/PeerCraft/peercraft-forge-1122/build/tmp/.cache/expanded/zip_831d8b75dfabe895c7da898525cf5213/net/minecraft/block/state/IBlockProperties.java.patch from bundle /home/ikuku/.gradle/caches/minecraft/net/minecraftforge/forge/1.12.2-14.23.5.2847/unpacked/patches.zip
Applying patch /home/ikuku/desktop/PeerCraft/peercraft-forge-1122/build/tmp/.cache/expanded/zip_831d8b75dfabe895c7da898525cf5213/net/minecraft/client/ClientBrandRetriever.java.patch from bundle /home/ikuku/.gradle/caches/minecraft/net/minecraftforge/forge/1.12.2-14.23.5.2847/unpacked/patches.zip
Applying patch /home/ikuku/desktop/PeerCraft/peercraft-forge-1122/build/tmp/.cache/expanded/zip_831d8b75dfabe895c7da898525cf5213/net/minecraft/client/LoadingScreenRenderer.java.patch from bundle /home/ikuku/.gradle/caches/minecraft/net/minecraftforge/forge/1.12.2-14.23.5.2847/unpacked/patches.zip
Applying patch /home/ikuku/desktop/PeerCraft/peercraft-forge-1122/build/tmp/.cache/expanded/zip_831d8b75dfabe895c7da898525cf5213/net/minecraft/client/Minecraft.java.patch from bundle /home/ikuku/.gradle/caches/minecraft/net/minecraftforge/forge/1.12.2-14.23.5.2847/unpacked/patches.zip
Applying patch /home/ikuku/desktop/PeerCraft/peercraft-forge-1122/build/tmp/.cache/expanded/zip_831d8b75dfabe895c7da898525cf5213/net/minecraft/client/audio/SoundHandler.java.patch from bundle /home/ikuku/.gradle/caches/minecraft/net/minecraftforge/forge/1.12.2-14.23.5.2847/unpacked/patches.zip
Applying patch /home/ikuku/desktop/PeerCraft/peercraft-forge-1122/build/tmp/.cache/expanded/zip_831d8b75dfabe895c7da898525cf5213/net/minecraft/client/audio/SoundManager.java.patch from bundle /home/ikuku/.gradle/caches/minecraft/net/minecraftforge/forge/1.12.2-14.23.5.2847/unpacked/patches.zip
Applying patch /home/ikuku/desktop/PeerCraft/peercraft-forge-1122/build/tmp/.cache/expanded/zip_831d8b75dfabe895c7da898525cf5213/net/minecraft/client/entity/AbstractClientPlayer.java.patch from bundle /home/ikuku/.gradle/caches/minecraft/net/minecraftforge/forge/1.12.2-14.23.5.2847/unpacked/patches.zip
Applying patch /home/ikuku/desktop/PeerCraft/peercraft-forge-1122/build/tmp/.cache/expanded/zip_831d8b75dfabe895c7da898525cf5213/net/minecraft/client/entity/EntityOtherPlayerMP.java.patch from bundle /home/ikuku/.gradle/caches/minecraft/net/minecraftforge/forge/1.12.2-14.23.5.2847/unpacked/patches.zip
Applying patch /home/ikuku/desktop/PeerCraft/peercraft-forge-1122/build/tmp/.cache/expanded/zip_831d8b75dfabe895c7da898525cf5213/net/minecraft/client/entity/EntityPlayerSP.java.patch from bundle /home/ikuku/.gradle/caches/minecraft/net/minecraftforge/forge/1.12.2-14.23.5.2847/unpacked/patches.zip
Applying patch /home/ikuku/desktop/PeerCraft/peercraft-forge-1122/build/tmp/.cache/expanded/zip_831d8b75dfabe895c7da898525cf5213/net/minecraft/client/gui/FontRenderer.java.patch from bundle /home/ikuku/.gradle/caches/minecraft/net/minecraftforge/forge/1.12.2-14.23.5.2847/unpacked/patches.zip
Applying patch /home/ikuku/desktop/PeerCraft/peercraft-forge-1122/build/tmp/.cache/expanded/zip_831d8b75dfabe895c7da898525cf5213/net/minecraft/client/gui/GuiBossOverlay.java.patch from bundle /home/ikuku/.gradle/caches/minecraft/net/minecraftforge/forge/1.12.2-14.23.5.2847/unpacked/patches.zip
Applying patch /home/ikuku/desktop/PeerCraft/peercraft-forge-1122/build/tmp/.cache/expanded/zip_831d8b75dfabe895c7da898525cf5213/net/minecraft/client/gui/GuiButton.java.patch from bundle /home/ikuku/.gradle/caches/minecraft/net/minecraftforge/forge/1.12.2-14.23.5.2847/unpacked/patches.zip
Applying patch /home/ikuku/desktop/PeerCraft/peercraft-forge-1122/build/tmp/.cache/expanded/zip_831d8b75dfabe895c7da898525cf5213/net/minecraft/client/gui/GuiControls.java.patch from bundle /home/ikuku/.gradle/caches/minecraft/net/minecraftforge/forge/1.12.2-14.23.5.2847/unpacked/patches.zip
Applying patch /home/ikuku/desktop/PeerCraft/peercraft-forge-1122/build/tmp/.cache/expanded/zip_831d8b75dfabe895c7da898525cf5213/net/minecraft/client/gui/GuiCreateWorld.java.patch from bundle /home/ikuku/.gradle/caches/minecraft/net/minecraftforge/forge/1.12.2-14.23.5.2847/unpacked/patches.zip
Applying patch /home/ikuku/desktop/PeerCraft/peercraft-forge-1122/build/tmp/.cache/expanded/zip_831d8b75dfabe895c7da898525cf5213/net/minecraft/client/gui/GuiEnchantment.java.patch from bundle /home/ikuku/.gradle/caches/minecraft/net/minecraftforge/forge/1.12.2-14.23.5.2847/unpacked/patches.zip
Applying patch /home/ikuku/desktop/PeerCraft/peercraft-forge-1122/build/tmp/.cache/expanded/zip_831d8b75dfabe895c7da898525cf5213/net/minecraft/client/gui/GuiIngame.java.patch from bundle /home/ikuku/.gradle/caches/minecraft/net/minecraftforge/forge/1.12.2-14.23.5.2847/unpacked/patches.zip
Applying patch /home/ikuku/desktop/PeerCraft/peercraft-forge-1122/build/tmp/.cache/expanded/zip_831d8b75dfabe895c7da898525cf5213/net/minecraft/client/gui/GuiIngameMenu.java.patch from bundle /home/ikuku/.gradle/caches/minecraft/net/minecraftforge/forge/1.12.2-14.23.5.2847/unpacked/patches.zip
Applying patch /home/ikuku/desktop/PeerCraft/peercraft-forge-1122/build/tmp/.cache/expanded/zip_831d8b75dfabe895c7da898525cf5213/net/minecraft/client/gui/GuiKeyBindingList.java.patch from bundle /home/ikuku/.gradle/caches/minecraft/net/minecraftforge/forge/1.12.2-14.23.5.2847/unpacked/patches.zip
Applying patch /home/ikuku/desktop/PeerCraft/peercraft-forge-1122/build/tmp/.cache/expanded/zip_831d8b75dfabe895c7da898525cf5213/net/minecraft/client/gui/GuiLanguage.java.patch from bundle /home/ikuku/.gradle/caches/minecraft/net/minecraftforge/forge/1.12.2-14.23.5.2847/unpacked/patches.zip
Applying patch /home/ikuku/desktop/PeerCraft/peercraft-forge-1122/build/tmp/.cache/expanded/zip_831d8b75dfabe895c7da898525cf5213/net/minecraft/client/gui/GuiListWorldSelectionEntry.java.patch from bundle /home/ikuku/.gradle/caches/minecraft/net/minecraftforge/forge/1.12.2-14.23.5.2847/unpacked/patches.zip
Applying patch /home/ikuku/desktop/PeerCraft/peercraft-forge-1122/build/tmp/.cache/expanded/zip_831d8b75dfabe895c7da898525cf5213/net/minecraft/client/gui/GuiMainMenu.java.patch from bundle /home/ikuku/.gradle/caches/minecraft/net/minecraftforge/forge/1.12.2-14.23.5.2847/unpacked/patches.zip
Applying patch /home/ikuku/desktop/PeerCraft/peercraft-forge-1122/build/tmp/.cache/expanded/zip_831d8b75dfabe895c7da898525cf5213/net/minecraft/client/gui/GuiMultiplayer.java.patch from bundle /home/ikuku/.gradle/caches/minecraft/net/minecraftforge/forge/1.12.2-14.23.5.2847/unpacked/patches.zip
Applying patch /home/ikuku/desktop/PeerCraft/peercraft-forge-1122/build/tmp/.cache/expanded/zip_831d8b75dfabe895c7da898525cf5213/net/minecraft/client/gui/GuiOverlayDebug.java.patch from bundle /home/ikuku/.gradle/caches/minecraft/net/minecraftforge/forge/1.12.2-14.23.5.2847/unpacked/patches.zip
Applying patch /home/ikuku/desktop/PeerCraft/peercraft-forge-1122/build/tmp/.cache/expanded/zip_831d8b75dfabe895c7da898525cf5213/net/minecraft/client/gui/GuiScreen.java.patch from bundle /home/ikuku/.gradle/caches/minecraft/net/minecraftforge/forge/1.12.2-14.23.5.2847/unpacked/patches.zip
Applying patch /home/ikuku/desktop/PeerCraft/peercraft-forge-1122/build/tmp/.cache/expanded/zip_831d8b75dfabe895c7da898525cf5213/net/minecraft/client/gui/GuiScreenBook.java.patch from bundle /home/ikuku/.gradle/caches/minecraft/net/minecraftforge/forge/1.12.2-14.23.5.2847/unpacked/patches.zip
Applying patch /home/ikuku/desktop/PeerCraft/peercraft-forge-1122/build/tmp/.cache/expanded/zip_831d8b75dfabe895c7da898525cf5213/net/minecraft/client/gui/GuiScreenDemo.java.patch from bundle /home/ikuku/.gradle/caches/minecraft/net/minecraftforge/forge/1.12.2-14.23.5.2847/unpacked/patches.zip
Applying patch /home/ikuku/desktop/PeerCraft/peercraft-forge-1122/build/tmp/.cache/expanded/zip_831d8b75dfabe895c7da898525cf5213/net/minecraft/client/gui/GuiSleepMP.java.patch from bundle /home/ikuku/.gradle/caches/minecraft/net/minecraftforge/forge/1.12.2-14.23.5.2847/unpacked/patches.zip
Applying patch /home/ikuku/desktop/PeerCraft/peercraft-forge-1122/build/tmp/.cache/expanded/zip_831d8b75dfabe895c7da898525cf5213/net/minecraft/client/gui/GuiSlot.java.patch from bundle /home/ikuku/.gradle/caches/minecraft/net/minecraftforge/forge/1.12.2-14.23.5.2847/unpacked/patches.zip
Applying patch /home/ikuku/desktop/PeerCraft/peercraft-forge-1122/build/tmp/.cache/expanded/zip_831d8b75dfabe895c7da898525cf5213/net/minecraft/client/gui/GuiSpectator.java.patch from bundle /home/ikuku/.gradle/caches/minecraft/net/minecraftforge/forge/1.12.2-14.23.5.2847/unpacked/patches.zip
Applying patch /home/ikuku/desktop/PeerCraft/peercraft-forge-1122/build/tmp/.cache/expanded/zip_831d8b75dfabe895c7da898525cf5213/net/minecraft/client/gui/GuiUtilRenderComponents.java.patch from bundle /home/ikuku/.gradle/caches/minecraft/net/minecraftforge/forge/1.12.2-14.23.5.2847/unpacked/patches.zip
Applying patch /home/ikuku/desktop/PeerCraft/peercraft-forge-1122/build/tmp/.cache/expanded/zip_831d8b75dfabe895c7da898525cf5213/net/minecraft/client/gui/GuiVideoSettings.java.patch from bundle /home/ikuku/.gradle/caches/minecraft/net/minecraftforge/forge/1.12.2-14.23.5.2847/unpacked/patches.zip
Applying patch /home/ikuku/desktop/PeerCraft/peercraft-forge-1122/build/tmp/.cache/expanded/zip_831d8b75dfabe895c7da898525cf5213/net/minecraft/client/gui/MapItemRenderer.java.patch from bundle /home/ikuku/.gradle/caches/minecraft/net/minecraftforge/forge/1.12.2-14.23.5.2847/unpacked/patches.zip
Applying patch /home/ikuku/desktop/PeerCraft/peercraft-forge-1122/build/tmp/.cache/expanded/zip_831d8b75dfabe895c7da898525cf5213/net/minecraft/client/gui/ServerListEntryNormal.java.patch from bundle /home/ikuku/.gradle/caches/minecraft/net/minecraftforge/forge/1.12.2-14.23.5.2847/unpacked/patches.zip
Applying patch /home/ikuku/desktop/PeerCraft/peercraft-forge-1122/build/tmp/.cache/expanded/zip_831d8b75dfabe895c7da898525cf5213/net/minecraft/client/gui/advancements/GuiAdvancementTab.java.patch from bundle /home/ikuku/.gradle/caches/minecraft/net/minecraftforge/forge/1.12.2-14.23.5.2847/unpacked/patches.zip
Applying patch /home/ikuku/desktop/PeerCraft/peercraft-forge-1122/build/tmp/.cache/expanded/zip_831d8b75dfabe895c7da898525cf5213/net/minecraft/client/gui/advancements/GuiScreenAdvancements.java.patch from bundle /home/ikuku/.gradle/caches/minecraft/net/minecraftforge/forge/1.12.2-14.23.5.2847/unpacked/patches.zip
Applying patch /home/ikuku/desktop/PeerCraft/peercraft-forge-1122/build/tmp/.cache/expanded/zip_831d8b75dfabe895c7da898525cf5213/net/minecraft/client/gui/inventory/GuiContainer.java.patch from bundle /home/ikuku/.gradle/caches/minecraft/net/minecraftforge/forge/1.12.2-14.23.5.2847/unpacked/patches.zip
Applying patch /home/ikuku/desktop/PeerCraft/peercraft-forge-1122/build/tmp/.cache/expanded/zip_831d8b75dfabe895c7da898525cf5213/net/minecraft/client/gui/inventory/GuiContainerCreative.java.patch from bundle /home/ikuku/.gradle/caches/minecraft/net/minecraftforge/forge/1.12.2-14.23.5.2847/unpacked/patches.zip
Applying patch /home/ikuku/desktop/PeerCraft/peercraft-forge-1122/build/tmp/.cache/expanded/zip_831d8b75dfabe895c7da898525cf5213/net/minecraft/client/gui/recipebook/GuiRecipeBook.java.patch from bundle /home/ikuku/.gradle/caches/minecraft/net/minecraftforge/forge/1.12.2-14.23.5.2847/unpacked/patches.zip
Applying patch /home/ikuku/desktop/PeerCraft/peercraft-forge-1122/build/tmp/.cache/expanded/zip_831d8b75dfabe895c7da898525cf5213/net/minecraft/client/gui/recipebook/GuiRecipeOverlay.java.patch from bundle /home/ikuku/.gradle/caches/minecraft/net/minecraftforge/forge/1.12.2-14.23.5.2847/unpacked/patches.zip
Applying patch /home/ikuku/desktop/PeerCraft/peercraft-forge-1122/build/tmp/.cache/expanded/zip_831d8b75dfabe895c7da898525cf5213/net/minecraft/client/gui/toasts/RecipeToast.java.patch from bundle /home/ikuku/.gradle/caches/minecraft/net/minecraftforge/forge/1.12.2-14.23.5.2847/unpacked/patches.zip
Applying patch /home/ikuku/desktop/PeerCraft/peercraft-forge-1122/build/tmp/.cache/expanded/zip_831d8b75dfabe895c7da898525cf5213/net/minecraft/client/model/ModelBase.java.patch from bundle /home/ikuku/.gradle/caches/minecraft/net/minecraftforge/forge/1.12.2-14.23.5.2847/unpacked/patches.zip
Applying patch /home/ikuku/desktop/PeerCraft/peercraft-forge-1122/build/tmp/.cache/expanded/zip_831d8b75dfabe895c7da898525cf5213/net/minecraft/client/model/ModelBox.java.patch from bundle /home/ikuku/.gradle/caches/minecraft/net/minecraftforge/forge/1.12.2-14.23.5.2847/unpacked/patches.zip
Applying patch /home/ikuku/desktop/PeerCraft/peercraft-forge-1122/build/tmp/.cache/expanded/zip_831d8b75dfabe895c7da898525cf5213/net/minecraft/client/model/ModelRenderer.java.patch from bundle /home/ikuku/.gradle/caches/minecraft/net/minecraftforge/forge/1.12.2-14.23.5.2847/unpacked/patches.zip
Applying patch /home/ikuku/desktop/PeerCraft/peercraft-forge-1122/build/tmp/.cache/expanded/zip_831d8b75dfabe895c7da898525cf5213/net/minecraft/client/model/ModelSkeleton.java.patch from bundle /home/ikuku/.gradle/caches/minecraft/net/minecraftforge/forge/1.12.2-14.23.5.2847/unpacked/patches.zip
Applying patch /home/ikuku/desktop/PeerCraft/peercraft-forge-1122/build/tmp/.cache/expanded/zip_831d8b75dfabe895c7da898525cf5213/net/minecraft/client/model/PositionTextureVertex.java.patch from bundle /home/ikuku/.gradle/caches/minecraft/net/minecraftforge/forge/1.12.2-14.23.5.2847/unpacked/patches.zip
Applying patch /home/ikuku/desktop/PeerCraft/peercraft-forge-1122/build/tmp/.cache/expanded/zip_831d8b75dfabe895c7da898525cf5213/net/minecraft/client/model/TexturedQuad.java.patch from bundle /home/ikuku/.gradle/caches/minecraft/net/minecraftforge/forge/1.12.2-14.23.5.2847/unpacked/patches.zip
Applying patch /home/ikuku/desktop/PeerCraft/peercraft-forge-1122/build/tmp/.cache/expanded/zip_831d8b75dfabe895c7da898525cf5213/net/minecraft/client/multiplayer/ChunkProviderClient.java.patch from bundle /home/ikuku/.gradle/caches/minecraft/net/minecraftforge/forge/1.12.2-14.23.5.2847/unpacked/patches.zip
Applying patch /home/ikuku/desktop/PeerCraft/peercraft-forge-1122/build/tmp/.cache/expanded/zip_831d8b75dfabe895c7da898525cf5213/net/minecraft/client/multiplayer/GuiConnecting.java.patch from bundle /home/ikuku/.gradle/caches/minecraft/net/minecraftforge/forge/1.12.2-14.23.5.2847/unpacked/patches.zip
Applying patch /home/ikuku/desktop/PeerCraft/peercraft-forge-1122/build/tmp/.cache/expanded/zip_831d8b75dfabe895c7da898525cf5213/net/minecraft/client/multiplayer/PlayerControllerMP.java.patch from bundle /home/ikuku/.gradle/caches/minecraft/net/minecraftforge/forge/1.12.2-14.23.5.2847/unpacked/patches.zip
Applying patch /home/ikuku/desktop/PeerCraft/peercraft-forge-1122/build/tmp/.cache/expanded/zip_831d8b75dfabe895c7da898525cf5213/net/minecraft/client/multiplayer/WorldClient.java.patch from bundle /home/ikuku/.gradle/caches/minecraft/net/minecraftforge/forge/1.12.2-14.23.5.2847/unpacked/patches.zip
Applying patch /home/ikuku/desktop/PeerCraft/peercraft-forge-1122/build/tmp/.cache/expanded/zip_831d8b75dfabe895c7da898525cf5213/net/minecraft/client/network/NetHandlerHandshakeMemory.java.patch from bundle /home/ikuku/.gradle/caches/minecraft/net/minecraftforge/forge/1.12.2-14.23.5.2847/unpacked/patches.zip
Applying patch /home/ikuku/desktop/PeerCraft/peercraft-forge-1122/build/tmp/.cache/expanded/zip_831d8b75dfabe895c7da898525cf5213/net/minecraft/client/network/NetHandlerLoginClient.java.patch from bundle /home/ikuku/.gradle/caches/minecraft/net/minecraftforge/forge/1.12.2-14.23.5.2847/unpacked/patches.zip
Applying patch /home/ikuku/desktop/PeerCraft/peercraft-forge-1122/build/tmp/.cache/expanded/zip_831d8b75dfabe895c7da898525cf5213/net/minecraft/client/network/NetHandlerPlayClient.java.patch from bundle /home/ikuku/.gradle/caches/minecraft/net/minecraftforge/forge/1.12.2-14.23.5.2847/unpacked/patches.zip
Applying patch /home/ikuku/desktop/PeerCraft/peercraft-forge-1122/build/tmp/.cache/expanded/zip_831d8b75dfabe895c7da898525cf5213/net/minecraft/client/network/ServerPinger.java.patch from bundle /home/ikuku/.gradle/caches/minecraft/net/minecraftforge/forge/1.12.2-14.23.5.2847/unpacked/patches.zip
Applying patch /home/ikuku/desktop/PeerCraft/peercraft-forge-1122/build/tmp/.cache/expanded/zip_831d8b75dfabe895c7da898525cf5213/net/minecraft/client/particle/Particle.java.patch from bundle /home/ikuku/.gradle/caches/minecraft/net/minecraftforge/forge/1.12.2-14.23.5.2847/unpacked/patches.zip
Applying patch /home/ikuku/desktop/PeerCraft/peercraft-forge-1122/build/tmp/.cache/expanded/zip_831d8b75dfabe895c7da898525cf5213/net/minecraft/client/particle/ParticleManager.java.patch from bundle /home/ikuku/.gradle/caches/minecraft/net/minecraftforge/forge/1.12.2-14.23.5.2847/unpacked/patches.zip
Applying patch /home/ikuku/desktop/PeerCraft/peercraft-forge-1122/build/tmp/.cache/expanded/zip_831d8b75dfabe895c7da898525cf5213/net/minecraft/client/renderer/ActiveRenderInfo.java.patch from bundle /home/ikuku/.gradle/caches/minecraft/net/minecraftforge/forge/1.12.2-14.23.5.2847/unpacked/patches.zip
Applying patch /home/ikuku/desktop/PeerCraft/peercraft-forge-1122/build/tmp/.cache/expanded/zip_831d8b75dfabe895c7da898525cf5213/net/minecraft/client/renderer/BlockFluidRenderer.java.patch from bundle /home/ikuku/.gradle/caches/minecraft/net/minecraftforge/forge/1.12.2-14.23.5.2847/unpacked/patches.zip
Applying patch /home/ikuku/desktop/PeerCraft/peercraft-forge-1122/build/tmp/.cache/expanded/zip_831d8b75dfabe895c7da898525cf5213/net/minecraft/client/renderer/BlockModelRenderer.java.patch from bundle /home/ikuku/.gradle/caches/minecraft/net/minecraftforge/forge/1.12.2-14.23.5.2847/unpacked/patches.zip
Applying patch /home/ikuku/desktop/PeerCraft/peercraft-forge-1122/build/tmp/.cache/expanded/zip_831d8b75dfabe895c7da898525cf5213/net/minecraft/client/renderer/BlockModelShapes.java.patch from bundle /home/ikuku/.gradle/caches/minecraft/net/minecraftforge/forge/1.12.2-14.23.5.2847/unpacked/patches.zip
Applying patch /home/ikuku/desktop/PeerCraft/peercraft-forge-1122/build/tmp/.cache/expanded/zip_831d8b75dfabe895c7da898525cf5213/net/minecraft/client/renderer/BlockRendererDispatcher.java.patch from bundle /home/ikuku/.gradle/caches/minecraft/net/minecraftforge/forge/1.12.2-14.23.5.2847/unpacked/patches.zip
Applying patch /home/ikuku/desktop/PeerCraft/peercraft-forge-1122/build/tmp/.cache/expanded/zip_831d8b75dfabe895c7da898525cf5213/net/minecraft/client/renderer/BufferBuilder.java.patch from bundle /home/ikuku/.gradle/caches/minecraft/net/minecraftforge/forge/1.12.2-14.23.5.2847/unpacked/patches.zip
Applying patch /home/ikuku/desktop/PeerCraft/peercraft-forge-1122/build/tmp/.cache/expanded/zip_831d8b75dfabe895c7da898525cf5213/net/minecraft/client/renderer/ChestRenderer.java.patch from bundle /home/ikuku/.gradle/caches/minecraft/net/minecraftforge/forge/1.12.2-14.23.5.2847/unpacked/patches.zip
Applying patch /home/ikuku/desktop/PeerCraft/peercraft-forge-1122/build/tmp/.cache/expanded/zip_831d8b75dfabe895c7da898525cf5213/net/minecraft/client/renderer/EntityRenderer.java.patch from bundle /home/ikuku/.gradle/caches/minecraft/net/minecraftforge/forge/1.12.2-14.23.5.2847/unpacked/patches.zip
Applying patch /home/ikuku/desktop/PeerCraft/peercraft-forge-1122/build/tmp/.cache/expanded/zip_831d8b75dfabe895c7da898525cf5213/net/minecraft/client/renderer/InventoryEffectRenderer.java.patch from bundle /home/ikuku/.gradle/caches/minecraft/net/minecraftforge/forge/1.12.2-14.23.5.2847/unpacked/patches.zip
Applying patch /home/ikuku/desktop/PeerCraft/peercraft-forge-1122/build/tmp/.cache/expanded/zip_831d8b75dfabe895c7da898525cf5213/net/minecraft/client/renderer/ItemModelMesher.java.patch from bundle /home/ikuku/.gradle/caches/minecraft/net/minecraftforge/forge/1.12.2-14.23.5.2847/unpacked/patches.zip
Applying patch /home/ikuku/desktop/PeerCraft/peercraft-forge-1122/build/tmp/.cache/expanded/zip_831d8b75dfabe895c7da898525cf5213/net/minecraft/client/renderer/ItemRenderer.java.patch from bundle /home/ikuku/.gradle/caches/minecraft/net/minecraftforge/forge/1.12.2-14.23.5.2847/unpacked/patches.zip
Applying patch /home/ikuku/desktop/PeerCraft/peercraft-forge-1122/build/tmp/.cache/expanded/zip_831d8b75dfabe895c7da898525cf5213/net/minecraft/client/renderer/OpenGlHelper.java.patch from bundle /home/ikuku/.gradle/caches/minecraft/net/minecraftforge/forge/1.12.2-14.23.5.2847/unpacked/patches.zip
Applying patch /home/ikuku/desktop/PeerCraft/peercraft-forge-1122/build/tmp/.cache/expanded/zip_831d8b75dfabe895c7da898525cf5213/net/minecraft/client/renderer/RenderGlobal.java.patch from bundle /home/ikuku/.gradle/caches/minecraft/net/minecraftforge/forge/1.12.2-14.23.5.2847/unpacked/patches.zip
Applying patch /home/ikuku/desktop/PeerCraft/peercraft-forge-1122/build/tmp/.cache/expanded/zip_831d8b75dfabe895c7da898525cf5213/net/minecraft/client/renderer/RenderItem.java.patch from bundle /home/ikuku/.gradle/caches/minecraft/net/minecraftforge/forge/1.12.2-14.23.5.2847/unpacked/patches.zip
Applying patch /home/ikuku/desktop/PeerCraft/peercraft-forge-1122/build/tmp/.cache/expanded/zip_831d8b75dfabe895c7da898525cf5213/net/minecraft/client/renderer/WorldVertexBufferUploader.java.patch from bundle /home/ikuku/.gradle/caches/minecraft/net/minecraftforge/forge/1.12.2-14.23.5.2847/unpacked/patches.zip
Applying patch /home/ikuku/desktop/PeerCraft/peercraft-forge-1122/build/tmp/.cache/expanded/zip_831d8b75dfabe895c7da898525cf5213/net/minecraft/client/renderer/block/model/BakedQuad.java.patch from bundle /home/ikuku/.gradle/caches/minecraft/net/minecraftforge/forge/1.12.2-14.23.5.2847/unpacked/patches.zip
Applying patch /home/ikuku/desktop/PeerCraft/peercraft-forge-1122/build/tmp/.cache/expanded/zip_831d8b75dfabe895c7da898525cf5213/net/minecraft/client/renderer/block/model/BakedQuadRetextured.java.patch from bundle /home/ikuku/.gradle/caches/minecraft/net/minecraftforge/forge/1.12.2-14.23.5.2847/unpacked/patches.zip
Applying patch /home/ikuku/desktop/PeerCraft/peercraft-forge-1122/build/tmp/.cache/expanded/zip_831d8b75dfabe895c7da898525cf5213/net/minecraft/client/renderer/block/model/FaceBakery.java.patch from bundle /home/ikuku/.gradle/caches/minecraft/net/minecraftforge/forge/1.12.2-14.23.5.2847/unpacked/patches.zip
Applying patch /home/ikuku/desktop/PeerCraft/peercraft-forge-1122/build/tmp/.cache/expanded/zip_831d8b75dfabe895c7da898525cf5213/net/minecraft/client/renderer/block/model/IBakedModel.java.patch from bundle /home/ikuku/.gradle/caches/minecraft/net/minecraftforge/forge/1.12.2-14.23.5.2847/unpacked/patches.zip
Applying patch /home/ikuku/desktop/PeerCraft/peercraft-forge-1122/build/tmp/.cache/expanded/zip_831d8b75dfabe895c7da898525cf5213/net/minecraft/client/renderer/block/model/ItemCameraTransforms.java.patch from bundle /home/ikuku/.gradle/caches/minecraft/net/minecraftforge/forge/1.12.2-14.23.5.2847/unpacked/patches.zip
Applying patch /home/ikuku/desktop/PeerCraft/peercraft-forge-1122/build/tmp/.cache/expanded/zip_831d8b75dfabe895c7da898525cf5213/net/minecraft/client/renderer/block/model/ItemOverrideList.java.patch from bundle /home/ikuku/.gradle/caches/minecraft/net/minecraftforge/forge/1.12.2-14.23.5.2847/unpacked/patches.zip
Applying patch /home/ikuku/desktop/PeerCraft/peercraft-forge-1122/build/tmp/.cache/expanded/zip_831d8b75dfabe895c7da898525cf5213/net/minecraft/client/renderer/block/model/ItemTransformVec3f.java.patch from bundle /home/ikuku/.gradle/caches/minecraft/net/minecraftforge/forge/1.12.2-14.23.5.2847/unpacked/patches.zip
Applying patch /home/ikuku/desktop/PeerCraft/peercraft-forge-1122/build/tmp/.cache/expanded/zip_831d8b75dfabe895c7da898525cf5213/net/minecraft/client/renderer/block/model/ModelBakery.java.patch from bundle /home/ikuku/.gradle/caches/minecraft/net/minecraftforge/forge/1.12.2-14.23.5.2847/unpacked/patches.zip
Applying patch /home/ikuku/desktop/PeerCraft/peercraft-forge-1122/build/tmp/.cache/expanded/zip_831d8b75dfabe895c7da898525cf5213/net/minecraft/client/renderer/block/model/ModelBlockDefinition.java.patch from bundle /home/ikuku/.gradle/caches/minecraft/net/minecraftforge/forge/1.12.2-14.23.5.2847/unpacked/patches.zip
Applying patch /home/ikuku/desktop/PeerCraft/peercraft-forge-1122/build/tmp/.cache/expanded/zip_831d8b75dfabe895c7da898525cf5213/net/minecraft/client/renderer/block/model/ModelManager.java.patch from bundle /home/ikuku/.gradle/caches/minecraft/net/minecraftforge/forge/1.12.2-14.23.5.2847/unpacked/patches.zip
Applying patch /home/ikuku/desktop/PeerCraft/peercraft-forge-1122/build/tmp/.cache/expanded/zip_831d8b75dfabe895c7da898525cf5213/net/minecraft/client/renderer/block/model/ModelResourceLocation.java.patch from bundle /home/ikuku/.gradle/caches/minecraft/net/minecraftforge/forge/1.12.2-14.23.5.2847/unpacked/patches.zip
Applying patch /home/ikuku/desktop/PeerCraft/peercraft-forge-1122/build/tmp/.cache/expanded/zip_831d8b75dfabe895c7da898525cf5213/net/minecraft/client/renderer/block/model/ModelRotation.java.patch from bundle /home/ikuku/.gradle/caches/minecraft/net/minecraftforge/forge/1.12.2-14.23.5.2847/unpacked/patches.zip
Applying patch /home/ikuku/desktop/PeerCraft/peercraft-forge-1122/build/tmp/.cache/expanded/zip_831d8b75dfabe895c7da898525cf5213/net/minecraft/client/renderer/block/model/SimpleBakedModel.java.patch from bundle /home/ikuku/.gradle/caches/minecraft/net/minecraftforge/forge/1.12.2-14.23.5.2847/unpacked/patches.zip
Applying patch /home/ikuku/desktop/PeerCraft/peercraft-forge-1122/build/tmp/.cache/expanded/zip_831d8b75dfabe895c7da898525cf5213/net/minecraft/client/renderer/block/model/Variant.java.patch from bundle /home/ikuku/.gradle/caches/minecraft/net/minecraftforge/forge/1.12.2-14.23.5.2847/unpacked/patches.zip
Applying patch /home/ikuku/desktop/PeerCraft/peercraft-forge-1122/build/tmp/.cache/expanded/zip_831d8b75dfabe895c7da898525cf5213/net/minecraft/client/renderer/block/model/WeightedBakedModel.java.patch from bundle /home/ikuku/.gradle/caches/minecraft/net/minecraftforge/forge/1.12.2-14.23.5.2847/unpacked/patches.zip
Applying patch /home/ikuku/desktop/PeerCraft/peercraft-forge-1122/build/tmp/.cache/expanded/zip_831d8b75dfabe895c7da898525cf5213/net/minecraft/client/renderer/block/statemap/StateMap.java.patch from bundle /home/ikuku/.gradle/caches/minecraft/net/minecraftforge/forge/1.12.2-14.23.5.2847/unpacked/patches.zip
Applying patch /home/ikuku/desktop/PeerCraft/peercraft-forge-1122/build/tmp/.cache/expanded/zip_831d8b75dfabe895c7da898525cf5213/net/minecraft/client/renderer/chunk/ChunkRenderDispatcher.java.patch from bundle /home/ikuku/.gradle/caches/minecraft/net/minecraftforge/forge/1.12.2-14.23.5.2847/unpacked/patches.zip
Applying patch /home/ikuku/desktop/PeerCraft/peercraft-forge-1122/build/tmp/.cache/expanded/zip_831d8b75dfabe895c7da898525cf5213/net/minecraft/client/renderer/chunk/RenderChunk.java.patch from bundle /home/ikuku/.gradle/caches/minecraft/net/minecraftforge/forge/1.12.2-14.23.5.2847/unpacked/patches.zip
Applying patch /home/ikuku/desktop/PeerCraft/peercraft-forge-1122/build/tmp/.cache/expanded/zip_831d8b75dfabe895c7da898525cf5213/net/minecraft/client/renderer/color/BlockColors.java.patch from bundle /home/ikuku/.gradle/caches/minecraft/net/minecraftforge/forge/1.12.2-14.23.5.2847/unpacked/patches.zip
Applying patch /home/ikuku/desktop/PeerCraft/peercraft-forge-1122/build/tmp/.cache/expanded/zip_831d8b75dfabe895c7da898525cf5213/net/minecraft/client/renderer/color/ItemColors.java.patch from bundle /home/ikuku/.gradle/caches/minecraft/net/minecraftforge/forge/1.12.2-14.23.5.2847/unpacked/patches.zip
Applying patch /home/ikuku/desktop/PeerCraft/peercraft-forge-1122/build/tmp/.cache/expanded/zip_831d8b75dfabe895c7da898525cf5213/net/minecraft/client/renderer/entity/RenderEntityItem.java.patch from bundle /home/ikuku/.gradle/caches/minecraft/net/minecraftforge/forge/1.12.2-14.23.5.2847/unpacked/patches.zip
Applying patch /home/ikuku/desktop/PeerCraft/peercraft-forge-1122/build/tmp/.cache/expanded/zip_831d8b75dfabe895c7da898525cf5213/net/minecraft/client/renderer/entity/RenderFish.java.patch from bundle /home/ikuku/.gradle/caches/minecraft/net/minecraftforge/forge/1.12.2-14.23.5.2847/unpacked/patches.zip
Applying patch /home/ikuku/desktop/PeerCraft/peercraft-forge-1122/build/tmp/.cache/expanded/zip_831d8b75dfabe895c7da898525cf5213/net/minecraft/client/renderer/entity/RenderItemFrame.java.patch from bundle /home/ikuku/.gradle/caches/minecraft/net/minecraftforge/forge/1.12.2-14.23.5.2847/unpacked/patches.zip
Applying patch /home/ikuku/desktop/PeerCraft/peercraft-forge-1122/build/tmp/.cache/expanded/zip_831d8b75dfabe895c7da898525cf5213/net/minecraft/client/renderer/entity/RenderLivingBase.java.patch from bundle /home/ikuku/.gradle/caches/minecraft/net/minecraftforge/forge/1.12.2-14.23.5.2847/unpacked/patches.zip
Applying patch /home/ikuku/desktop/PeerCraft/peercraft-forge-1122/build/tmp/.cache/expanded/zip_831d8b75dfabe895c7da898525cf5213/net/minecraft/client/renderer/entity/RenderManager.java.patch from bundle /home/ikuku/.gradle/caches/minecraft/net/minecraftforge/forge/1.12.2-14.23.5.2847/unpacked/patches.zip
Applying patch /home/ikuku/desktop/PeerCraft/peercraft-forge-1122/build/tmp/.cache/expanded/zip_831d8b75dfabe895c7da898525cf5213/net/minecraft/client/renderer/entity/RenderPlayer.java.patch from bundle /home/ikuku/.gradle/caches/minecraft/net/minecraftforge/forge/1.12.2-14.23.5.2847/unpacked/patches.zip
Applying patch /home/ikuku/desktop/PeerCraft/peercraft-forge-1122/build/tmp/.cache/expanded/zip_831d8b75dfabe895c7da898525cf5213/net/minecraft/client/renderer/entity/RenderVillager.java.patch from bundle /home/ikuku/.gradle/caches/minecraft/net/minecraftforge/forge/1.12.2-14.23.5.2847/unpacked/patches.zip
Applying patch /home/ikuku/desktop/PeerCraft/peercraft-forge-1122/build/tmp/.cache/expanded/zip_831d8b75dfabe895c7da898525cf5213/net/minecraft/client/renderer/entity/RenderZombieVillager.java.patch from bundle /home/ikuku/.gradle/caches/minecraft/net/minecraftforge/forge/1.12.2-14.23.5.2847/unpacked/patches.zip
Applying patch /home/ikuku/desktop/PeerCraft/peercraft-forge-1122/build/tmp/.cache/expanded/zip_831d8b75dfabe895c7da898525cf5213/net/minecraft/client/renderer/entity/layers/LayerArmorBase.java.patch from bundle /home/ikuku/.gradle/caches/minecraft/net/minecraftforge/forge/1.12.2-14.23.5.2847/unpacked/patches.zip
Applying patch /home/ikuku/desktop/PeerCraft/peercraft-forge-1122/build/tmp/.cache/expanded/zip_831d8b75dfabe895c7da898525cf5213/net/minecraft/client/renderer/entity/layers/LayerBipedArmor.java.patch from bundle /home/ikuku/.gradle/caches/minecraft/net/minecraftforge/forge/1.12.2-14.23.5.2847/unpacked/patches.zip
Applying patch /home/ikuku/desktop/PeerCraft/peercraft-forge-1122/build/tmp/.cache/expanded/zip_831d8b75dfabe895c7da898525cf5213/net/minecraft/client/renderer/entity/layers/LayerHeldItem.java.patch from bundle /home/ikuku/.gradle/caches/minecraft/net/minecraftforge/forge/1.12.2-14.23.5.2847/unpacked/patches.zip
Applying patch /home/ikuku/desktop/PeerCraft/peercraft-forge-1122/build/tmp/.cache/expanded/zip_831d8b75dfabe895c7da898525cf5213/net/minecraft/client/renderer/entity/layers/LayerHeldItemWitch.java.patch from bundle /home/ikuku/.gradle/caches/minecraft/net/minecraftforge/forge/1.12.2-14.23.5.2847/unpacked/patches.zip
Applying patch /home/ikuku/desktop/PeerCraft/peercraft-forge-1122/build/tmp/.cache/expanded/zip_831d8b75dfabe895c7da898525cf5213/net/minecraft/client/renderer/texture/LayeredColorMaskTexture.java.patch from bundle /home/ikuku/.gradle/caches/minecraft/net/minecraftforge/forge/1.12.2-14.23.5.2847/unpacked/patches.zip
Applying patch /home/ikuku/desktop/PeerCraft/peercraft-forge-1122/build/tmp/.cache/expanded/zip_831d8b75dfabe895c7da898525cf5213/net/minecraft/client/renderer/texture/Stitcher.java.patch from bundle /home/ikuku/.gradle/caches/minecraft/net/minecraftforge/forge/1.12.2-14.23.5.2847/unpacked/patches.zip
Applying patch /home/ikuku/desktop/PeerCraft/peercraft-forge-1122/build/tmp/.cache/expanded/zip_831d8b75dfabe895c7da898525cf5213/net/minecraft/client/renderer/texture/TextureAtlasSprite.java.patch from bundle /home/ikuku/.gradle/caches/minecraft/net/minecraftforge/forge/1.12.2-14.23.5.2847/unpacked/patches.zip
Applying patch /home/ikuku/desktop/PeerCraft/peercraft-forge-1122/build/tmp/.cache/expanded/zip_831d8b75dfabe895c7da898525cf5213/net/minecraft/client/renderer/texture/TextureManager.java.patch from bundle /home/ikuku/.gradle/caches/minecraft/net/minecraftforge/forge/1.12.2-14.23.5.2847/unpacked/patches.zip
Applying patch /home/ikuku/desktop/PeerCraft/peercraft-forge-1122/build/tmp/.cache/expanded/zip_831d8b75dfabe895c7da898525cf5213/net/minecraft/client/renderer/texture/TextureMap.java.patch from bundle /home/ikuku/.gradle/caches/minecraft/net/minecraftforge/forge/1.12.2-14.23.5.2847/unpacked/patches.zip
Applying patch /home/ikuku/desktop/PeerCraft/peercraft-forge-1122/build/tmp/.cache/expanded/zip_831d8b75dfabe895c7da898525cf5213/net/minecraft/client/renderer/texture/TextureUtil.java.patch from bundle /home/ikuku/.gradle/caches/minecraft/net/minecraftforge/forge/1.12.2-14.23.5.2847/unpacked/patches.zip
Applying patch /home/ikuku/desktop/PeerCraft/peercraft-forge-1122/build/tmp/.cache/expanded/zip_831d8b75dfabe895c7da898525cf5213/net/minecraft/client/renderer/tileentity/TileEntityItemStackRenderer.java.patch from bundle /home/ikuku/.gradle/caches/minecraft/net/minecraftforge/forge/1.12.2-14.23.5.2847/unpacked/patches.zip
Applying patch /home/ikuku/desktop/PeerCraft/peercraft-forge-1122/build/tmp/.cache/expanded/zip_831d8b75dfabe895c7da898525cf5213/net/minecraft/client/renderer/tileentity/TileEntityPistonRenderer.java.patch from bundle /home/ikuku/.gradle/caches/minecraft/net/minecraftforge/forge/1.12.2-14.23.5.2847/unpacked/patches.zip
Applying patch /home/ikuku/desktop/PeerCraft/peercraft-forge-1122/build/tmp/.cache/expanded/zip_831d8b75dfabe895c7da898525cf5213/net/minecraft/client/renderer/tileentity/TileEntityRendererDispatcher.java.patch from bundle /home/ikuku/.gradle/caches/minecraft/net/minecraftforge/forge/1.12.2-14.23.5.2847/unpacked/patches.zip
Applying patch /home/ikuku/desktop/PeerCraft/peercraft-forge-1122/build/tmp/.cache/expanded/zip_831d8b75dfabe895c7da898525cf5213/net/minecraft/client/renderer/tileentity/TileEntitySpecialRenderer.java.patch from bundle /home/ikuku/.gradle/caches/minecraft/net/minecraftforge/forge/1.12.2-14.23.5.2847/unpacked/patches.zip
Applying patch /home/ikuku/desktop/PeerCraft/peercraft-forge-1122/build/tmp/.cache/expanded/zip_831d8b75dfabe895c7da898525cf5213/net/minecraft/client/renderer/vertex/VertexFormat.java.patch from bundle /home/ikuku/.gradle/caches/minecraft/net/minecraftforge/forge/1.12.2-14.23.5.2847/unpacked/patches.zip
Applying patch /home/ikuku/desktop/PeerCraft/peercraft-forge-1122/build/tmp/.cache/expanded/zip_831d8b75dfabe895c7da898525cf5213/net/minecraft/client/renderer/vertex/VertexFormatElement.java.patch from bundle /home/ikuku/.gradle/caches/minecraft/net/minecraftforge/forge/1.12.2-14.23.5.2847/unpacked/patches.zip
Applying patch /home/ikuku/desktop/PeerCraft/peercraft-forge-1122/build/tmp/.cache/expanded/zip_831d8b75dfabe895c7da898525cf5213/net/minecraft/client/resources/FallbackResourceManager.java.patch from bundle /home/ikuku/.gradle/caches/minecraft/net/minecraftforge/forge/1.12.2-14.23.5.2847/unpacked/patches.zip
Applying patch /home/ikuku/desktop/PeerCraft/peercraft-forge-1122/build/tmp/.cache/expanded/zip_831d8b75dfabe895c7da898525cf5213/net/minecraft/client/resources/IResourceManagerReloadListener.java.patch from bundle /home/ikuku/.gradle/caches/minecraft/net/minecraftforge/forge/1.12.2-14.23.5.2847/unpacked/patches.zip
Applying patch /home/ikuku/desktop/PeerCraft/peercraft-forge-1122/build/tmp/.cache/expanded/zip_831d8b75dfabe895c7da898525cf5213/net/minecraft/client/resources/Language.java.patch from bundle /home/ikuku/.gradle/caches/minecraft/net/minecraftforge/forge/1.12.2-14.23.5.2847/unpacked/patches.zip
Applying patch /home/ikuku/desktop/PeerCraft/peercraft-forge-1122/build/tmp/.cache/expanded/zip_831d8b75dfabe895c7da898525cf5213/net/minecraft/client/resources/Locale.java.patch from bundle /home/ikuku/.gradle/caches/minecraft/net/minecraftforge/forge/1.12.2-14.23.5.2847/unpacked/patches.zip
Applying patch /home/ikuku/desktop/PeerCraft/peercraft-forge-1122/build/tmp/.cache/expanded/zip_831d8b75dfabe895c7da898525cf5213/net/minecraft/client/resources/ResourcePackRepository.java.patch from bundle /home/ikuku/.gradle/caches/minecraft/net/minecraftforge/forge/1.12.2-14.23.5.2847/unpacked/patches.zip
Applying patch /home/ikuku/desktop/PeerCraft/peercraft-forge-1122/build/tmp/.cache/expanded/zip_831d8b75dfabe895c7da898525cf5213/net/minecraft/client/resources/SimpleReloadableResourceManager.java.patch from bundle /home/ikuku/.gradle/caches/minecraft/net/minecraftforge/forge/1.12.2-14.23.5.2847/unpacked/patches.zip
Applying patch /home/ikuku/desktop/PeerCraft/peercraft-forge-1122/build/tmp/.cache/expanded/zip_831d8b75dfabe895c7da898525cf5213/net/minecraft/client/settings/GameSettings.java.patch from bundle /home/ikuku/.gradle/caches/minecraft/net/minecraftforge/forge/1.12.2-14.23.5.2847/unpacked/patches.zip
Applying patch /home/ikuku/desktop/PeerCraft/peercraft-forge-1122/build/tmp/.cache/expanded/zip_831d8b75dfabe895c7da898525cf5213/net/minecraft/client/settings/KeyBinding.java.patch from bundle /home/ikuku/.gradle/caches/minecraft/net/minecraftforge/forge/1.12.2-14.23.5.2847/unpacked/patches.zip
Applying patch /home/ikuku/desktop/PeerCraft/peercraft-forge-1122/build/tmp/.cache/expanded/zip_831d8b75dfabe895c7da898525cf5213/net/minecraft/client/shader/Framebuffer.java.patch from bundle /home/ikuku/.gradle/caches/minecraft/net/minecraftforge/forge/1.12.2-14.23.5.2847/unpacked/patches.zip
Applying patch /home/ikuku/desktop/PeerCraft/peercraft-forge-1122/build/tmp/.cache/expanded/zip_831d8b75dfabe895c7da898525cf5213/net/minecraft/client/shader/ShaderGroup.java.patch from bundle /home/ikuku/.gradle/caches/minecraft/net/minecraftforge/forge/1.12.2-14.23.5.2847/unpacked/patches.zip
Applying patch /home/ikuku/desktop/PeerCraft/peercraft-forge-1122/build/tmp/.cache/expanded/zip_831d8b75dfabe895c7da898525cf5213/net/minecraft/client/shader/ShaderLoader.java.patch from bundle /home/ikuku/.gradle/caches/minecraft/net/minecraftforge/forge/1.12.2-14.23.5.2847/unpacked/patches.zip
Applying patch /home/ikuku/desktop/PeerCraft/peercraft-forge-1122/build/tmp/.cache/expanded/zip_831d8b75dfabe895c7da898525cf5213/net/minecraft/client/shader/ShaderManager.java.patch from bundle /home/ikuku/.gradle/caches/minecraft/net/minecraftforge/forge/1.12.2-14.23.5.2847/unpacked/patches.zip
Applying patch /home/ikuku/desktop/PeerCraft/peercraft-forge-1122/build/tmp/.cache/expanded/zip_831d8b75dfabe895c7da898525cf5213/net/minecraft/client/util/RecipeBookClient.java.patch from bundle /home/ikuku/.gradle/caches/minecraft/net/minecraftforge/forge/1.12.2-14.23.5.2847/unpacked/patches.zip
Applying patch /home/ikuku/desktop/PeerCraft/peercraft-forge-1122/build/tmp/.cache/expanded/zip_831d8b75dfabe895c7da898525cf5213/net/minecraft/client/util/RecipeItemHelper.java.patch from bundle /home/ikuku/.gradle/caches/minecraft/net/minecraftforge/forge/1.12.2-14.23.5.2847/unpacked/patches.zip
Applying patch /home/ikuku/desktop/PeerCraft/peercraft-forge-1122/build/tmp/.cache/expanded/zip_831d8b75dfabe895c7da898525cf5213/net/minecraft/command/CommandBase.java.patch from bundle /home/ikuku/.gradle/caches/minecraft/net/minecraftforge/forge/1.12.2-14.23.5.2847/unpacked/patches.zip
Applying patch /home/ikuku/desktop/PeerCraft/peercraft-forge-1122/build/tmp/.cache/expanded/zip_831d8b75dfabe895c7da898525cf5213/net/minecraft/command/CommandFill.java.patch from bundle /home/ikuku/.gradle/caches/minecraft/net/minecraftforge/forge/1.12.2-14.23.5.2847/unpacked/patches.zip
Applying patch /home/ikuku/desktop/PeerCraft/peercraft-forge-1122/build/tmp/.cache/expanded/zip_831d8b75dfabe895c7da898525cf5213/net/minecraft/command/CommandGameRule.java.patch from bundle /home/ikuku/.gradle/caches/minecraft/net/minecraftforge/forge/1.12.2-14.23.5.2847/unpacked/patches.zip
Applying patch /home/ikuku/desktop/PeerCraft/peercraft-forge-1122/build/tmp/.cache/expanded/zip_831d8b75dfabe895c7da898525cf5213/net/minecraft/command/CommandHandler.java.patch from bundle /home/ikuku/.gradle/caches/minecraft/net/minecraftforge/forge/1.12.2-14.23.5.2847/unpacked/patches.zip
Applying patch /home/ikuku/desktop/PeerCraft/peercraft-forge-1122/build/tmp/.cache/expanded/zip_831d8b75dfabe895c7da898525cf5213/net/minecraft/command/EntitySelector.java.patch from bundle /home/ikuku/.gradle/caches/minecraft/net/minecraftforge/forge/1.12.2-14.23.5.2847/unpacked/patches.zip
Applying patch /home/ikuku/desktop/PeerCraft/peercraft-forge-1122/build/tmp/.cache/expanded/zip_831d8b75dfabe895c7da898525cf5213/net/minecraft/command/server/CommandSetBlock.java.patch from bundle /home/ikuku/.gradle/caches/minecraft/net/minecraftforge/forge/1.12.2-14.23.5.2847/unpacked/patches.zip
Applying patch /home/ikuku/desktop/PeerCraft/peercraft-forge-1122/build/tmp/.cache/expanded/zip_831d8b75dfabe895c7da898525cf5213/net/minecraft/crash/CrashReport.java.patch from bundle /home/ikuku/.gradle/caches/minecraft/net/minecraftforge/forge/1.12.2-14.23.5.2847/unpacked/patches.zip
Applying patch /home/ikuku/desktop/PeerCraft/peercraft-forge-1122/build/tmp/.cache/expanded/zip_831d8b75dfabe895c7da898525cf5213/net/minecraft/crash/CrashReportCategory.java.patch from bundle /home/ikuku/.gradle/caches/minecraft/net/minecraftforge/forge/1.12.2-14.23.5.2847/unpacked/patches.zip
Applying patch /home/ikuku/desktop/PeerCraft/peercraft-forge-1122/build/tmp/.cache/expanded/zip_831d8b75dfabe895c7da898525cf5213/net/minecraft/creativetab/CreativeTabs.java.patch from bundle /home/ikuku/.gradle/caches/minecraft/net/minecraftforge/forge/1.12.2-14.23.5.2847/unpacked/patches.zip
Applying patch /home/ikuku/desktop/PeerCraft/peercraft-forge-1122/build/tmp/.cache/expanded/zip_831d8b75dfabe895c7da898525cf5213/net/minecraft/enchantment/Enchantment.java.patch from bundle /home/ikuku/.gradle/caches/minecraft/net/minecraftforge/forge/1.12.2-14.23.5.2847/unpacked/patches.zip
Applying patch /home/ikuku/desktop/PeerCraft/peercraft-forge-1122/build/tmp/.cache/expanded/zip_831d8b75dfabe895c7da898525cf5213/net/minecraft/enchantment/EnchantmentFrostWalker.java.patch from bundle /home/ikuku/.gradle/caches/minecraft/net/minecraftforge/forge/1.12.2-14.23.5.2847/unpacked/patches.zip
Applying patch /home/ikuku/desktop/PeerCraft/peercraft-forge-1122/build/tmp/.cache/expanded/zip_831d8b75dfabe895c7da898525cf5213/net/minecraft/enchantment/EnchantmentHelper.java.patch from bundle /home/ikuku/.gradle/caches/minecraft/net/minecraftforge/forge/1.12.2-14.23.5.2847/unpacked/patches.zip
Applying patch /home/ikuku/desktop/PeerCraft/peercraft-forge-1122/build/tmp/.cache/expanded/zip_831d8b75dfabe895c7da898525cf5213/net/minecraft/enchantment/EnchantmentThorns.java.patch from bundle /home/ikuku/.gradle/caches/minecraft/net/minecraftforge/forge/1.12.2-14.23.5.2847/unpacked/patches.zip
Applying patch /home/ikuku/desktop/PeerCraft/peercraft-forge-1122/build/tmp/.cache/expanded/zip_831d8b75dfabe895c7da898525cf5213/net/minecraft/enchantment/EnumEnchantmentType.java.patch from bundle /home/ikuku/.gradle/caches/minecraft/net/minecraftforge/forge/1.12.2-14.23.5.2847/unpacked/patches.zip
Applying patch /home/ikuku/desktop/PeerCraft/peercraft-forge-1122/build/tmp/.cache/expanded/zip_831d8b75dfabe895c7da898525cf5213/net/minecraft/entity/Entity.java.patch from bundle /home/ikuku/.gradle/caches/minecraft/net/minecraftforge/forge/1.12.2-14.23.5.2847/unpacked/patches.zip
Applying patch /home/ikuku/desktop/PeerCraft/peercraft-forge-1122/build/tmp/.cache/expanded/zip_831d8b75dfabe895c7da898525cf5213/net/minecraft/entity/EntityAgeable.java.patch from bundle /home/ikuku/.gradle/caches/minecraft/net/minecraftforge/forge/1.12.2-14.23.5.2847/unpacked/patches.zip
Applying patch /home/ikuku/desktop/PeerCraft/peercraft-forge-1122/build/tmp/.cache/expanded/zip_831d8b75dfabe895c7da898525cf5213/net/minecraft/entity/EntityFlying.java.patch from bundle /home/ikuku/.gradle/caches/minecraft/net/minecraftforge/forge/1.12.2-14.23.5.2847/unpacked/patches.zip
Applying patch /home/ikuku/desktop/PeerCraft/peercraft-forge-1122/build/tmp/.cache/expanded/zip_831d8b75dfabe895c7da898525cf5213/net/minecraft/entity/EntityHanging.java.patch from bundle /home/ikuku/.gradle/caches/minecraft/net/minecraftforge/forge/1.12.2-14.23.5.2847/unpacked/patches.zip
Applying patch /home/ikuku/desktop/PeerCraft/peercraft-forge-1122/build/tmp/.cache/expanded/zip_831d8b75dfabe895c7da898525cf5213/net/minecraft/entity/EntityLeashKnot.java.patch from bundle /home/ikuku/.gradle/caches/minecraft/net/minecraftforge/forge/1.12.2-14.23.5.2847/unpacked/patches.zip
Applying patch /home/ikuku/desktop/PeerCraft/peercraft-forge-1122/build/tmp/.cache/expanded/zip_831d8b75dfabe895c7da898525cf5213/net/minecraft/entity/EntityList.java.patch from bundle /home/ikuku/.gradle/caches/minecraft/net/minecraftforge/forge/1.12.2-14.23.5.2847/unpacked/patches.zip
Applying patch /home/ikuku/desktop/PeerCraft/peercraft-forge-1122/build/tmp/.cache/expanded/zip_831d8b75dfabe895c7da898525cf5213/net/minecraft/entity/EntityLiving.java.patch from bundle /home/ikuku/.gradle/caches/minecraft/net/minecraftforge/forge/1.12.2-14.23.5.2847/unpacked/patches.zip
Applying patch /home/ikuku/desktop/PeerCraft/peercraft-forge-1122/build/tmp/.cache/expanded/zip_831d8b75dfabe895c7da898525cf5213/net/minecraft/entity/EntityLivingBase.java.patch from bundle /home/ikuku/.gradle/caches/minecraft/net/minecraftforge/forge/1.12.2-14.23.5.2847/unpacked/patches.zip
Applying patch /home/ikuku/desktop/PeerCraft/peercraft-forge-1122/build/tmp/.cache/expanded/zip_831d8b75dfabe895c7da898525cf5213/net/minecraft/entity/EntitySpawnPlacementRegistry.java.patch from bundle /home/ikuku/.gradle/caches/minecraft/net/minecraftforge/forge/1.12.2-14.23.5.2847/unpacked/patches.zip
Applying patch /home/ikuku/desktop/PeerCraft/peercraft-forge-1122/build/tmp/.cache/expanded/zip_831d8b75dfabe895c7da898525cf5213/net/minecraft/entity/EntityTracker.java.patch from bundle /home/ikuku/.gradle/caches/minecraft/net/minecraftforge/forge/1.12.2-14.23.5.2847/unpacked/patches.zip
Applying patch /home/ikuku/desktop/PeerCraft/peercraft-forge-1122/build/tmp/.cache/expanded/zip_831d8b75dfabe895c7da898525cf5213/net/minecraft/entity/EntityTrackerEntry.java.patch from bundle /home/ikuku/.gradle/caches/minecraft/net/minecraftforge/forge/1.12.2-14.23.5.2847/unpacked/patches.zip
Applying patch /home/ikuku/desktop/PeerCraft/peercraft-forge-1122/build/tmp/.cache/expanded/zip_831d8b75dfabe895c7da898525cf5213/net/minecraft/entity/NpcMerchant.java.patch from bundle /home/ikuku/.gradle/caches/minecraft/net/minecraftforge/forge/1.12.2-14.23.5.2847/unpacked/patches.zip
Applying patch /home/ikuku/desktop/PeerCraft/peercraft-forge-1122/build/tmp/.cache/expanded/zip_831d8b75dfabe895c7da898525cf5213/net/minecraft/entity/SharedMonsterAttributes.java.patch from bundle /home/ikuku/.gradle/caches/minecraft/net/minecraftforge/forge/1.12.2-14.23.5.2847/unpacked/patches.zip
Applying patch /home/ikuku/desktop/PeerCraft/peercraft-forge-1122/build/tmp/.cache/expanded/zip_831d8b75dfabe895c7da898525cf5213/net/minecraft/entity/ai/EntityAIAttackMelee.java.patch from bundle /home/ikuku/.gradle/caches/minecraft/net/minecraftforge/forge/1.12.2-14.23.5.2847/unpacked/patches.zip
Applying patch /home/ikuku/desktop/PeerCraft/peercraft-forge-1122/build/tmp/.cache/expanded/zip_831d8b75dfabe895c7da898525cf5213/net/minecraft/entity/ai/EntityAIAttackRangedBow.java.patch from bundle /home/ikuku/.gradle/caches/minecraft/net/minecraftforge/forge/1.12.2-14.23.5.2847/unpacked/patches.zip
Applying patch /home/ikuku/desktop/PeerCraft/peercraft-forge-1122/build/tmp/.cache/expanded/zip_831d8b75dfabe895c7da898525cf5213/net/minecraft/entity/ai/EntityAIBreakDoor.java.patch from bundle /home/ikuku/.gradle/caches/minecraft/net/minecraftforge/forge/1.12.2-14.23.5.2847/unpacked/patches.zip
Applying patch /home/ikuku/desktop/PeerCraft/peercraft-forge-1122/build/tmp/.cache/expanded/zip_831d8b75dfabe895c7da898525cf5213/net/minecraft/entity/ai/EntityAIEatGrass.java.patch from bundle /home/ikuku/.gradle/caches/minecraft/net/minecraftforge/forge/1.12.2-14.23.5.2847/unpacked/patches.zip
Applying patch /home/ikuku/desktop/PeerCraft/peercraft-forge-1122/build/tmp/.cache/expanded/zip_831d8b75dfabe895c7da898525cf5213/net/minecraft/entity/ai/EntityAIHarvestFarmland.java.patch from bundle /home/ikuku/.gradle/caches/minecraft/net/minecraftforge/forge/1.12.2-14.23.5.2847/unpacked/patches.zip
Applying patch /home/ikuku/desktop/PeerCraft/peercraft-forge-1122/build/tmp/.cache/expanded/zip_831d8b75dfabe895c7da898525cf5213/net/minecraft/entity/ai/EntityAIMate.java.patch from bundle /home/ikuku/.gradle/caches/minecraft/net/minecraftforge/forge/1.12.2-14.23.5.2847/unpacked/patches.zip
Applying patch /home/ikuku/desktop/PeerCraft/peercraft-forge-1122/build/tmp/.cache/expanded/zip_831d8b75dfabe895c7da898525cf5213/net/minecraft/entity/ai/EntityAIRunAroundLikeCrazy.java.patch from bundle /home/ikuku/.gradle/caches/minecraft/net/minecraftforge/forge/1.12.2-14.23.5.2847/unpacked/patches.zip
Applying patch /home/ikuku/desktop/PeerCraft/peercraft-forge-1122/build/tmp/.cache/expanded/zip_831d8b75dfabe895c7da898525cf5213/net/minecraft/entity/ai/EntityAIVillagerMate.java.patch from bundle /home/ikuku/.gradle/caches/minecraft/net/minecraftforge/forge/1.12.2-14.23.5.2847/unpacked/patches.zip
Applying patch /home/ikuku/desktop/PeerCraft/peercraft-forge-1122/build/tmp/.cache/expanded/zip_831d8b75dfabe895c7da898525cf5213/net/minecraft/entity/boss/EntityDragon.java.patch from bundle /home/ikuku/.gradle/caches/minecraft/net/minecraftforge/forge/1.12.2-14.23.5.2847/unpacked/patches.zip
Applying patch /home/ikuku/desktop/PeerCraft/peercraft-forge-1122/build/tmp/.cache/expanded/zip_831d8b75dfabe895c7da898525cf5213/net/minecraft/entity/boss/EntityWither.java.patch from bundle /home/ikuku/.gradle/caches/minecraft/net/minecraftforge/forge/1.12.2-14.23.5.2847/unpacked/patches.zip
Applying patch /home/ikuku/desktop/PeerCraft/peercraft-forge-1122/build/tmp/.cache/expanded/zip_831d8b75dfabe895c7da898525cf5213/net/minecraft/entity/boss/dragon/phase/PhaseSittingFlaming.java.patch from bundle /home/ikuku/.gradle/caches/minecraft/net/minecraftforge/forge/1.12.2-14.23.5.2847/unpacked/patches.zip
Applying patch /home/ikuku/desktop/PeerCraft/peercraft-forge-1122/build/tmp/.cache/expanded/zip_831d8b75dfabe895c7da898525cf5213/net/minecraft/entity/effect/EntityLightningBolt.java.patch from bundle /home/ikuku/.gradle/caches/minecraft/net/minecraftforge/forge/1.12.2-14.23.5.2847/unpacked/patches.zip
Applying patch /home/ikuku/desktop/PeerCraft/peercraft-forge-1122/build/tmp/.cache/expanded/zip_831d8b75dfabe895c7da898525cf5213/net/minecraft/entity/item/EntityArmorStand.java.patch from bundle /home/ikuku/.gradle/caches/minecraft/net/minecraftforge/forge/1.12.2-14.23.5.2847/unpacked/patches.zip
Applying patch /home/ikuku/desktop/PeerCraft/peercraft-forge-1122/build/tmp/.cache/expanded/zip_831d8b75dfabe895c7da898525cf5213/net/minecraft/entity/item/EntityBoat.java.patch from bundle /home/ikuku/.gradle/caches/minecraft/net/minecraftforge/forge/1.12.2-14.23.5.2847/unpacked/patches.zip
Applying patch /home/ikuku/desktop/PeerCraft/peercraft-forge-1122/build/tmp/.cache/expanded/zip_831d8b75dfabe895c7da898525cf5213/net/minecraft/entity/item/EntityEnderPearl.java.patch from bundle /home/ikuku/.gradle/caches/minecraft/net/minecraftforge/forge/1.12.2-14.23.5.2847/unpacked/patches.zip
Applying patch /home/ikuku/desktop/PeerCraft/peercraft-forge-1122/build/tmp/.cache/expanded/zip_831d8b75dfabe895c7da898525cf5213/net/minecraft/entity/item/EntityFallingBlock.java.patch from bundle /home/ikuku/.gradle/caches/minecraft/net/minecraftforge/forge/1.12.2-14.23.5.2847/unpacked/patches.zip
Applying patch /home/ikuku/desktop/PeerCraft/peercraft-forge-1122/build/tmp/.cache/expanded/zip_831d8b75dfabe895c7da898525cf5213/net/minecraft/entity/item/EntityItem.java.patch from bundle /home/ikuku/.gradle/caches/minecraft/net/minecraftforge/forge/1.12.2-14.23.5.2847/unpacked/patches.zip
Applying patch /home/ikuku/desktop/PeerCraft/peercraft-forge-1122/build/tmp/.cache/expanded/zip_831d8b75dfabe895c7da898525cf5213/net/minecraft/entity/item/EntityItemFrame.java.patch from bundle /home/ikuku/.gradle/caches/minecraft/net/minecraftforge/forge/1.12.2-14.23.5.2847/unpacked/patches.zip
Applying patch /home/ikuku/desktop/PeerCraft/peercraft-forge-1122/build/tmp/.cache/expanded/zip_831d8b75dfabe895c7da898525cf5213/net/minecraft/entity/item/EntityMinecart.java.patch from bundle /home/ikuku/.gradle/caches/minecraft/net/minecraftforge/forge/1.12.2-14.23.5.2847/unpacked/patches.zip
Applying patch /home/ikuku/desktop/PeerCraft/peercraft-forge-1122/build/tmp/.cache/expanded/zip_831d8b75dfabe895c7da898525cf5213/net/minecraft/entity/item/EntityMinecartCommandBlock.java.patch from bundle /home/ikuku/.gradle/caches/minecraft/net/minecraftforge/forge/1.12.2-14.23.5.2847/unpacked/patches.zip
Applying patch /home/ikuku/desktop/PeerCraft/peercraft-forge-1122/build/tmp/.cache/expanded/zip_831d8b75dfabe895c7da898525cf5213/net/minecraft/entity/item/EntityMinecartContainer.java.patch from bundle /home/ikuku/.gradle/caches/minecraft/net/minecraftforge/forge/1.12.2-14.23.5.2847/unpacked/patches.zip
Applying patch /home/ikuku/desktop/PeerCraft/peercraft-forge-1122/build/tmp/.cache/expanded/zip_831d8b75dfabe895c7da898525cf5213/net/minecraft/entity/item/EntityMinecartEmpty.java.patch from bundle /home/ikuku/.gradle/caches/minecraft/net/minecraftforge/forge/1.12.2-14.23.5.2847/unpacked/patches.zip
Applying patch /home/ikuku/desktop/PeerCraft/peercraft-forge-1122/build/tmp/.cache/expanded/zip_831d8b75dfabe895c7da898525cf5213/net/minecraft/entity/item/EntityMinecartFurnace.java.patch from bundle /home/ikuku/.gradle/caches/minecraft/net/minecraftforge/forge/1.12.2-14.23.5.2847/unpacked/patches.zip
Applying patch /home/ikuku/desktop/PeerCraft/peercraft-forge-1122/build/tmp/.cache/expanded/zip_831d8b75dfabe895c7da898525cf5213/net/minecraft/entity/item/EntityMinecartHopper.java.patch from bundle /home/ikuku/.gradle/caches/minecraft/net/minecraftforge/forge/1.12.2-14.23.5.2847/unpacked/patches.zip
Applying patch /home/ikuku/desktop/PeerCraft/peercraft-forge-1122/build/tmp/.cache/expanded/zip_831d8b75dfabe895c7da898525cf5213/net/minecraft/entity/item/EntityMinecartMobSpawner.java.patch from bundle /home/ikuku/.gradle/caches/minecraft/net/minecraftforge/forge/1.12.2-14.23.5.2847/unpacked/patches.zip
Applying patch /home/ikuku/desktop/PeerCraft/peercraft-forge-1122/build/tmp/.cache/expanded/zip_831d8b75dfabe895c7da898525cf5213/net/minecraft/entity/item/EntityXPOrb.java.patch from bundle /home/ikuku/.gradle/caches/minecraft/net/minecraftforge/forge/1.12.2-14.23.5.2847/unpacked/patches.zip
Applying patch /home/ikuku/desktop/PeerCraft/peercraft-forge-1122/build/tmp/.cache/expanded/zip_831d8b75dfabe895c7da898525cf5213/net/minecraft/entity/monster/AbstractSkeleton.java.patch from bundle /home/ikuku/.gradle/caches/minecraft/net/minecraftforge/forge/1.12.2-14.23.5.2847/unpacked/patches.zip
Applying patch /home/ikuku/desktop/PeerCraft/peercraft-forge-1122/build/tmp/.cache/expanded/zip_831d8b75dfabe895c7da898525cf5213/net/minecraft/entity/monster/EntityCreeper.java.patch from bundle /home/ikuku/.gradle/caches/minecraft/net/minecraftforge/forge/1.12.2-14.23.5.2847/unpacked/patches.zip
Applying patch /home/ikuku/desktop/PeerCraft/peercraft-forge-1122/build/tmp/.cache/expanded/zip_831d8b75dfabe895c7da898525cf5213/net/minecraft/entity/monster/EntityEnderman.java.patch from bundle /home/ikuku/.gradle/caches/minecraft/net/minecraftforge/forge/1.12.2-14.23.5.2847/unpacked/patches.zip
Applying patch /home/ikuku/desktop/PeerCraft/peercraft-forge-1122/build/tmp/.cache/expanded/zip_831d8b75dfabe895c7da898525cf5213/net/minecraft/entity/monster/EntityEvoker.java.patch from bundle /home/ikuku/.gradle/caches/minecraft/net/minecraftforge/forge/1.12.2-14.23.5.2847/unpacked/patches.zip
Applying patch /home/ikuku/desktop/PeerCraft/peercraft-forge-1122/build/tmp/.cache/expanded/zip_831d8b75dfabe895c7da898525cf5213/net/minecraft/entity/monster/EntityIllusionIllager.java.patch from bundle /home/ikuku/.gradle/caches/minecraft/net/minecraftforge/forge/1.12.2-14.23.5.2847/unpacked/patches.zip
Applying patch /home/ikuku/desktop/PeerCraft/peercraft-forge-1122/build/tmp/.cache/expanded/zip_831d8b75dfabe895c7da898525cf5213/net/minecraft/entity/monster/EntityIronGolem.java.patch from bundle /home/ikuku/.gradle/caches/minecraft/net/minecraftforge/forge/1.12.2-14.23.5.2847/unpacked/patches.zip
Applying patch /home/ikuku/desktop/PeerCraft/peercraft-forge-1122/build/tmp/.cache/expanded/zip_831d8b75dfabe895c7da898525cf5213/net/minecraft/entity/monster/EntityMagmaCube.java.patch from bundle /home/ikuku/.gradle/caches/minecraft/net/minecraftforge/forge/1.12.2-14.23.5.2847/unpacked/patches.zip
Applying patch /home/ikuku/desktop/PeerCraft/peercraft-forge-1122/build/tmp/.cache/expanded/zip_831d8b75dfabe895c7da898525cf5213/net/minecraft/entity/monster/EntityMob.java.patch from bundle /home/ikuku/.gradle/caches/minecraft/net/minecraftforge/forge/1.12.2-14.23.5.2847/unpacked/patches.zip
Applying patch /home/ikuku/desktop/PeerCraft/peercraft-forge-1122/build/tmp/.cache/expanded/zip_831d8b75dfabe895c7da898525cf5213/net/minecraft/entity/monster/EntityShulker.java.patch from bundle /home/ikuku/.gradle/caches/minecraft/net/minecraftforge/forge/1.12.2-14.23.5.2847/unpacked/patches.zip
Applying patch /home/ikuku/desktop/PeerCraft/peercraft-forge-1122/build/tmp/.cache/expanded/zip_831d8b75dfabe895c7da898525cf5213/net/minecraft/entity/monster/EntitySilverfish.java.patch from bundle /home/ikuku/.gradle/caches/minecraft/net/minecraftforge/forge/1.12.2-14.23.5.2847/unpacked/patches.zip
Applying patch /home/ikuku/desktop/PeerCraft/peercraft-forge-1122/build/tmp/.cache/expanded/zip_831d8b75dfabe895c7da898525cf5213/net/minecraft/entity/monster/EntitySlime.java.patch from bundle /home/ikuku/.gradle/caches/minecraft/net/minecraftforge/forge/1.12.2-14.23.5.2847/unpacked/patches.zip
Applying patch /home/ikuku/desktop/PeerCraft/peercraft-forge-1122/build/tmp/.cache/expanded/zip_831d8b75dfabe895c7da898525cf5213/net/minecraft/entity/monster/EntitySnowman.java.patch from bundle /home/ikuku/.gradle/caches/minecraft/net/minecraftforge/forge/1.12.2-14.23.5.2847/unpacked/patches.zip
Applying patch /home/ikuku/desktop/PeerCraft/peercraft-forge-1122/build/tmp/.cache/expanded/zip_831d8b75dfabe895c7da898525cf5213/net/minecraft/entity/monster/EntitySpider.java.patch from bundle /home/ikuku/.gradle/caches/minecraft/net/minecraftforge/forge/1.12.2-14.23.5.2847/unpacked/patches.zip
Applying patch /home/ikuku/desktop/PeerCraft/peercraft-forge-1122/build/tmp/.cache/expanded/zip_831d8b75dfabe895c7da898525cf5213/net/minecraft/entity/monster/EntityZombie.java.patch from bundle /home/ikuku/.gradle/caches/minecraft/net/minecraftforge/forge/1.12.2-14.23.5.2847/unpacked/patches.zip
Applying patch /home/ikuku/desktop/PeerCraft/peercraft-forge-1122/build/tmp/.cache/expanded/zip_831d8b75dfabe895c7da898525cf5213/net/minecraft/entity/monster/EntityZombieVillager.java.patch from bundle /home/ikuku/.gradle/caches/minecraft/net/minecraftforge/forge/1.12.2-14.23.5.2847/unpacked/patches.zip
Applying patch /home/ikuku/desktop/PeerCraft/peercraft-forge-1122/build/tmp/.cache/expanded/zip_831d8b75dfabe895c7da898525cf5213/net/minecraft/entity/passive/AbstractHorse.java.patch from bundle /home/ikuku/.gradle/caches/minecraft/net/minecraftforge/forge/1.12.2-14.23.5.2847/unpacked/patches.zip
Applying patch /home/ikuku/desktop/PeerCraft/peercraft-forge-1122/build/tmp/.cache/expanded/zip_831d8b75dfabe895c7da898525cf5213/net/minecraft/entity/passive/EntityHorse.java.patch from bundle /home/ikuku/.gradle/caches/minecraft/net/minecraftforge/forge/1.12.2-14.23.5.2847/unpacked/patches.zip
Applying patch /home/ikuku/desktop/PeerCraft/peercraft-forge-1122/build/tmp/.cache/expanded/zip_831d8b75dfabe895c7da898525cf5213/net/minecraft/entity/passive/EntityMooshroom.java.patch from bundle /home/ikuku/.gradle/caches/minecraft/net/minecraftforge/forge/1.12.2-14.23.5.2847/unpacked/patches.zip
Applying patch /home/ikuku/desktop/PeerCraft/peercraft-forge-1122/build/tmp/.cache/expanded/zip_831d8b75dfabe895c7da898525cf5213/net/minecraft/entity/passive/EntityOcelot.java.patch from bundle /home/ikuku/.gradle/caches/minecraft/net/minecraftforge/forge/1.12.2-14.23.5.2847/unpacked/patches.zip
Applying patch /home/ikuku/desktop/PeerCraft/peercraft-forge-1122/build/tmp/.cache/expanded/zip_831d8b75dfabe895c7da898525cf5213/net/minecraft/entity/passive/EntityParrot.java.patch from bundle /home/ikuku/.gradle/caches/minecraft/net/minecraftforge/forge/1.12.2-14.23.5.2847/unpacked/patches.zip
Applying patch /home/ikuku/desktop/PeerCraft/peercraft-forge-1122/build/tmp/.cache/expanded/zip_831d8b75dfabe895c7da898525cf5213/net/minecraft/entity/passive/EntityRabbit.java.patch from bundle /home/ikuku/.gradle/caches/minecraft/net/minecraftforge/forge/1.12.2-14.23.5.2847/unpacked/patches.zip
Applying patch /home/ikuku/desktop/PeerCraft/peercraft-forge-1122/build/tmp/.cache/expanded/zip_831d8b75dfabe895c7da898525cf5213/net/minecraft/entity/passive/EntitySheep.java.patch from bundle /home/ikuku/.gradle/caches/minecraft/net/minecraftforge/forge/1.12.2-14.23.5.2847/unpacked/patches.zip
Applying patch /home/ikuku/desktop/PeerCraft/peercraft-forge-1122/build/tmp/.cache/expanded/zip_831d8b75dfabe895c7da898525cf5213/net/minecraft/entity/passive/EntityVillager.java.patch from bundle /home/ikuku/.gradle/caches/minecraft/net/minecraftforge/forge/1.12.2-14.23.5.2847/unpacked/patches.zip
Applying patch /home/ikuku/desktop/PeerCraft/peercraft-forge-1122/build/tmp/.cache/expanded/zip_831d8b75dfabe895c7da898525cf5213/net/minecraft/entity/passive/EntityWolf.java.patch from bundle /home/ikuku/.gradle/caches/minecraft/net/minecraftforge/forge/1.12.2-14.23.5.2847/unpacked/patches.zip
Applying patch /home/ikuku/desktop/PeerCraft/peercraft-forge-1122/build/tmp/.cache/expanded/zip_831d8b75dfabe895c7da898525cf5213/net/minecraft/entity/passive/HorseArmorType.java.patch from bundle /home/ikuku/.gradle/caches/minecraft/net/minecraftforge/forge/1.12.2-14.23.5.2847/unpacked/patches.zip
Applying patch /home/ikuku/desktop/PeerCraft/peercraft-forge-1122/build/tmp/.cache/expanded/zip_831d8b75dfabe895c7da898525cf5213/net/minecraft/entity/player/EntityPlayer.java.patch from bundle /home/ikuku/.gradle/caches/minecraft/net/minecraftforge/forge/1.12.2-14.23.5.2847/unpacked/patches.zip
Applying patch /home/ikuku/desktop/PeerCraft/peercraft-forge-1122/build/tmp/.cache/expanded/zip_831d8b75dfabe895c7da898525cf5213/net/minecraft/entity/player/EntityPlayerMP.java.patch from bundle /home/ikuku/.gradle/caches/minecraft/net/minecraftforge/forge/1.12.2-14.23.5.2847/unpacked/patches.zip
Applying patch /home/ikuku/desktop/PeerCraft/peercraft-forge-1122/build/tmp/.cache/expanded/zip_831d8b75dfabe895c7da898525cf5213/net/minecraft/entity/player/InventoryPlayer.java.patch from bundle /home/ikuku/.gradle/caches/minecraft/net/minecraftforge/forge/1.12.2-14.23.5.2847/unpacked/patches.zip
Applying patch /home/ikuku/desktop/PeerCraft/peercraft-forge-1122/build/tmp/.cache/expanded/zip_831d8b75dfabe895c7da898525cf5213/net/minecraft/entity/projectile/EntityArrow.java.patch from bundle /home/ikuku/.gradle/caches/minecraft/net/minecraftforge/forge/1.12.2-14.23.5.2847/unpacked/patches.zip
Applying patch /home/ikuku/desktop/PeerCraft/peercraft-forge-1122/build/tmp/.cache/expanded/zip_831d8b75dfabe895c7da898525cf5213/net/minecraft/entity/projectile/EntityFireball.java.patch from bundle /home/ikuku/.gradle/caches/minecraft/net/minecraftforge/forge/1.12.2-14.23.5.2847/unpacked/patches.zip
Applying patch /home/ikuku/desktop/PeerCraft/peercraft-forge-1122/build/tmp/.cache/expanded/zip_831d8b75dfabe895c7da898525cf5213/net/minecraft/entity/projectile/EntityFishHook.java.patch from bundle /home/ikuku/.gradle/caches/minecraft/net/minecraftforge/forge/1.12.2-14.23.5.2847/unpacked/patches.zip
Applying patch /home/ikuku/desktop/PeerCraft/peercraft-forge-1122/build/tmp/.cache/expanded/zip_831d8b75dfabe895c7da898525cf5213/net/minecraft/entity/projectile/EntityLargeFireball.java.patch from bundle /home/ikuku/.gradle/caches/minecraft/net/minecraftforge/forge/1.12.2-14.23.5.2847/unpacked/patches.zip
Applying patch /home/ikuku/desktop/PeerCraft/peercraft-forge-1122/build/tmp/.cache/expanded/zip_831d8b75dfabe895c7da898525cf5213/net/minecraft/entity/projectile/EntityLlamaSpit.java.patch from bundle /home/ikuku/.gradle/caches/minecraft/net/minecraftforge/forge/1.12.2-14.23.5.2847/unpacked/patches.zip
Applying patch /home/ikuku/desktop/PeerCraft/peercraft-forge-1122/build/tmp/.cache/expanded/zip_831d8b75dfabe895c7da898525cf5213/net/minecraft/entity/projectile/EntityShulkerBullet.java.patch from bundle /home/ikuku/.gradle/caches/minecraft/net/minecraftforge/forge/1.12.2-14.23.5.2847/unpacked/patches.zip
Applying patch /home/ikuku/desktop/PeerCraft/peercraft-forge-1122/build/tmp/.cache/expanded/zip_831d8b75dfabe895c7da898525cf5213/net/minecraft/entity/projectile/EntitySmallFireball.java.patch from bundle /home/ikuku/.gradle/caches/minecraft/net/minecraftforge/forge/1.12.2-14.23.5.2847/unpacked/patches.zip
Applying patch /home/ikuku/desktop/PeerCraft/peercraft-forge-1122/build/tmp/.cache/expanded/zip_831d8b75dfabe895c7da898525cf5213/net/minecraft/entity/projectile/EntityThrowable.java.patch from bundle /home/ikuku/.gradle/caches/minecraft/net/minecraftforge/forge/1.12.2-14.23.5.2847/unpacked/patches.zip
Applying patch /home/ikuku/desktop/PeerCraft/peercraft-forge-1122/build/tmp/.cache/expanded/zip_831d8b75dfabe895c7da898525cf5213/net/minecraft/entity/projectile/EntityWitherSkull.java.patch from bundle /home/ikuku/.gradle/caches/minecraft/net/minecraftforge/forge/1.12.2-14.23.5.2847/unpacked/patches.zip
Applying patch /home/ikuku/desktop/PeerCraft/peercraft-forge-1122/build/tmp/.cache/expanded/zip_831d8b75dfabe895c7da898525cf5213/net/minecraft/init/Bootstrap.java.patch from bundle /home/ikuku/.gradle/caches/minecraft/net/minecraftforge/forge/1.12.2-14.23.5.2847/unpacked/patches.zip
Applying patch /home/ikuku/desktop/PeerCraft/peercraft-forge-1122/build/tmp/.cache/expanded/zip_831d8b75dfabe895c7da898525cf5213/net/minecraft/inventory/Container.java.patch from bundle /home/ikuku/.gradle/caches/minecraft/net/minecraftforge/forge/1.12.2-14.23.5.2847/unpacked/patches.zip
Applying patch /home/ikuku/desktop/PeerCraft/peercraft-forge-1122/build/tmp/.cache/expanded/zip_831d8b75dfabe895c7da898525cf5213/net/minecraft/inventory/ContainerBeacon.java.patch from bundle /home/ikuku/.gradle/caches/minecraft/net/minecraftforge/forge/1.12.2-14.23.5.2847/unpacked/patches.zip
Applying patch /home/ikuku/desktop/PeerCraft/peercraft-forge-1122/build/tmp/.cache/expanded/zip_831d8b75dfabe895c7da898525cf5213/net/minecraft/inventory/ContainerBrewingStand.java.patch from bundle /home/ikuku/.gradle/caches/minecraft/net/minecraftforge/forge/1.12.2-14.23.5.2847/unpacked/patches.zip
Applying patch /home/ikuku/desktop/PeerCraft/peercraft-forge-1122/build/tmp/.cache/expanded/zip_831d8b75dfabe895c7da898525cf5213/net/minecraft/inventory/ContainerEnchantment.java.patch from bundle /home/ikuku/.gradle/caches/minecraft/net/minecraftforge/forge/1.12.2-14.23.5.2847/unpacked/patches.zip
Applying patch /home/ikuku/desktop/PeerCraft/peercraft-forge-1122/build/tmp/.cache/expanded/zip_831d8b75dfabe895c7da898525cf5213/net/minecraft/inventory/ContainerPlayer.java.patch from bundle /home/ikuku/.gradle/caches/minecraft/net/minecraftforge/forge/1.12.2-14.23.5.2847/unpacked/patches.zip
Applying patch /home/ikuku/desktop/PeerCraft/peercraft-forge-1122/build/tmp/.cache/expanded/zip_831d8b75dfabe895c7da898525cf5213/net/minecraft/inventory/ContainerRepair.java.patch from bundle /home/ikuku/.gradle/caches/minecraft/net/minecraftforge/forge/1.12.2-14.23.5.2847/unpacked/patches.zip
Applying patch /home/ikuku/desktop/PeerCraft/peercraft-forge-1122/build/tmp/.cache/expanded/zip_831d8b75dfabe895c7da898525cf5213/net/minecraft/inventory/Slot.java.patch from bundle /home/ikuku/.gradle/caches/minecraft/net/minecraftforge/forge/1.12.2-14.23.5.2847/unpacked/patches.zip
Applying patch /home/ikuku/desktop/PeerCraft/peercraft-forge-1122/build/tmp/.cache/expanded/zip_831d8b75dfabe895c7da898525cf5213/net/minecraft/inventory/SlotCrafting.java.patch from bundle /home/ikuku/.gradle/caches/minecraft/net/minecraftforge/forge/1.12.2-14.23.5.2847/unpacked/patches.zip
Applying patch /home/ikuku/desktop/PeerCraft/peercraft-forge-1122/build/tmp/.cache/expanded/zip_831d8b75dfabe895c7da898525cf5213/net/minecraft/inventory/SlotFurnaceOutput.java.patch from bundle /home/ikuku/.gradle/caches/minecraft/net/minecraftforge/forge/1.12.2-14.23.5.2847/unpacked/patches.zip
Applying patch /home/ikuku/desktop/PeerCraft/peercraft-forge-1122/build/tmp/.cache/expanded/zip_831d8b75dfabe895c7da898525cf5213/net/minecraft/item/EnumRarity.java.patch from bundle /home/ikuku/.gradle/caches/minecraft/net/minecraftforge/forge/1.12.2-14.23.5.2847/unpacked/patches.zip
Applying patch /home/ikuku/desktop/PeerCraft/peercraft-forge-1122/build/tmp/.cache/expanded/zip_831d8b75dfabe895c7da898525cf5213/net/minecraft/item/Item.java.patch from bundle /home/ikuku/.gradle/caches/minecraft/net/minecraftforge/forge/1.12.2-14.23.5.2847/unpacked/patches.zip
Applying patch /home/ikuku/desktop/PeerCraft/peercraft-forge-1122/build/tmp/.cache/expanded/zip_831d8b75dfabe895c7da898525cf5213/net/minecraft/item/ItemArmor.java.patch from bundle /home/ikuku/.gradle/caches/minecraft/net/minecraftforge/forge/1.12.2-14.23.5.2847/unpacked/patches.zip
Applying patch /home/ikuku/desktop/PeerCraft/peercraft-forge-1122/build/tmp/.cache/expanded/zip_831d8b75dfabe895c7da898525cf5213/net/minecraft/item/ItemArrow.java.patch from bundle /home/ikuku/.gradle/caches/minecraft/net/minecraftforge/forge/1.12.2-14.23.5.2847/unpacked/patches.zip
Applying patch /home/ikuku/desktop/PeerCraft/peercraft-forge-1122/build/tmp/.cache/expanded/zip_831d8b75dfabe895c7da898525cf5213/net/minecraft/item/ItemAxe.java.patch from bundle /home/ikuku/.gradle/caches/minecraft/net/minecraftforge/forge/1.12.2-14.23.5.2847/unpacked/patches.zip
Applying patch /home/ikuku/desktop/PeerCraft/peercraft-forge-1122/build/tmp/.cache/expanded/zip_831d8b75dfabe895c7da898525cf5213/net/minecraft/item/ItemBed.java.patch from bundle /home/ikuku/.gradle/caches/minecraft/net/minecraftforge/forge/1.12.2-14.23.5.2847/unpacked/patches.zip
Applying patch /home/ikuku/desktop/PeerCraft/peercraft-forge-1122/build/tmp/.cache/expanded/zip_831d8b75dfabe895c7da898525cf5213/net/minecraft/item/ItemBlock.java.patch from bundle /home/ikuku/.gradle/caches/minecraft/net/minecraftforge/forge/1.12.2-14.23.5.2847/unpacked/patches.zip
Applying patch /home/ikuku/desktop/PeerCraft/peercraft-forge-1122/build/tmp/.cache/expanded/zip_831d8b75dfabe895c7da898525cf5213/net/minecraft/item/ItemBlockSpecial.java.patch from bundle /home/ikuku/.gradle/caches/minecraft/net/minecraftforge/forge/1.12.2-14.23.5.2847/unpacked/patches.zip
Applying patch /home/ikuku/desktop/PeerCraft/peercraft-forge-1122/build/tmp/.cache/expanded/zip_831d8b75dfabe895c7da898525cf5213/net/minecraft/item/ItemBow.java.patch from bundle /home/ikuku/.gradle/caches/minecraft/net/minecraftforge/forge/1.12.2-14.23.5.2847/unpacked/patches.zip
Applying patch /home/ikuku/desktop/PeerCraft/peercraft-forge-1122/build/tmp/.cache/expanded/zip_831d8b75dfabe895c7da898525cf5213/net/minecraft/item/ItemBucket.java.patch from bundle /home/ikuku/.gradle/caches/minecraft/net/minecraftforge/forge/1.12.2-14.23.5.2847/unpacked/patches.zip
Applying patch /home/ikuku/desktop/PeerCraft/peercraft-forge-1122/build/tmp/.cache/expanded/zip_831d8b75dfabe895c7da898525cf5213/net/minecraft/item/ItemBucketMilk.java.patch from bundle /home/ikuku/.gradle/caches/minecraft/net/minecraftforge/forge/1.12.2-14.23.5.2847/unpacked/patches.zip
Applying patch /home/ikuku/desktop/PeerCraft/peercraft-forge-1122/build/tmp/.cache/expanded/zip_831d8b75dfabe895c7da898525cf5213/net/minecraft/item/ItemDoor.java.patch from bundle /home/ikuku/.gradle/caches/minecraft/net/minecraftforge/forge/1.12.2-14.23.5.2847/unpacked/patches.zip
Applying patch /home/ikuku/desktop/PeerCraft/peercraft-forge-1122/build/tmp/.cache/expanded/zip_831d8b75dfabe895c7da898525cf5213/net/minecraft/item/ItemDye.java.patch from bundle /home/ikuku/.gradle/caches/minecraft/net/minecraftforge/forge/1.12.2-14.23.5.2847/unpacked/patches.zip
Applying patch /home/ikuku/desktop/PeerCraft/peercraft-forge-1122/build/tmp/.cache/expanded/zip_831d8b75dfabe895c7da898525cf5213/net/minecraft/item/ItemFlintAndSteel.java.patch from bundle /home/ikuku/.gradle/caches/minecraft/net/minecraftforge/forge/1.12.2-14.23.5.2847/unpacked/patches.zip
Applying patch /home/ikuku/desktop/PeerCraft/peercraft-forge-1122/build/tmp/.cache/expanded/zip_831d8b75dfabe895c7da898525cf5213/net/minecraft/item/ItemHoe.java.patch from bundle /home/ikuku/.gradle/caches/minecraft/net/minecraftforge/forge/1.12.2-14.23.5.2847/unpacked/patches.zip
Applying patch /home/ikuku/desktop/PeerCraft/peercraft-forge-1122/build/tmp/.cache/expanded/zip_831d8b75dfabe895c7da898525cf5213/net/minecraft/item/ItemLilyPad.java.patch from bundle /home/ikuku/.gradle/caches/minecraft/net/minecraftforge/forge/1.12.2-14.23.5.2847/unpacked/patches.zip
Applying patch /home/ikuku/desktop/PeerCraft/peercraft-forge-1122/build/tmp/.cache/expanded/zip_831d8b75dfabe895c7da898525cf5213/net/minecraft/item/ItemMap.java.patch from bundle /home/ikuku/.gradle/caches/minecraft/net/minecraftforge/forge/1.12.2-14.23.5.2847/unpacked/patches.zip
Applying patch /home/ikuku/desktop/PeerCraft/peercraft-forge-1122/build/tmp/.cache/expanded/zip_831d8b75dfabe895c7da898525cf5213/net/minecraft/item/ItemMinecart.java.patch from bundle /home/ikuku/.gradle/caches/minecraft/net/minecraftforge/forge/1.12.2-14.23.5.2847/unpacked/patches.zip
Applying patch /home/ikuku/desktop/PeerCraft/peercraft-forge-1122/build/tmp/.cache/expanded/zip_831d8b75dfabe895c7da898525cf5213/net/minecraft/item/ItemMonsterPlacer.java.patch from bundle /home/ikuku/.gradle/caches/minecraft/net/minecraftforge/forge/1.12.2-14.23.5.2847/unpacked/patches.zip
Applying patch /home/ikuku/desktop/PeerCraft/peercraft-forge-1122/build/tmp/.cache/expanded/zip_831d8b75dfabe895c7da898525cf5213/net/minecraft/item/ItemRedstone.java.patch from bundle /home/ikuku/.gradle/caches/minecraft/net/minecraftforge/forge/1.12.2-14.23.5.2847/unpacked/patches.zip
Applying patch /home/ikuku/desktop/PeerCraft/peercraft-forge-1122/build/tmp/.cache/expanded/zip_831d8b75dfabe895c7da898525cf5213/net/minecraft/item/ItemSeedFood.java.patch from bundle /home/ikuku/.gradle/caches/minecraft/net/minecraftforge/forge/1.12.2-14.23.5.2847/unpacked/patches.zip
Applying patch /home/ikuku/desktop/PeerCraft/peercraft-forge-1122/build/tmp/.cache/expanded/zip_831d8b75dfabe895c7da898525cf5213/net/minecraft/item/ItemSeeds.java.patch from bundle /home/ikuku/.gradle/caches/minecraft/net/minecraftforge/forge/1.12.2-14.23.5.2847/unpacked/patches.zip
Applying patch /home/ikuku/desktop/PeerCraft/peercraft-forge-1122/build/tmp/.cache/expanded/zip_831d8b75dfabe895c7da898525cf5213/net/minecraft/item/ItemShears.java.patch from bundle /home/ikuku/.gradle/caches/minecraft/net/minecraftforge/forge/1.12.2-14.23.5.2847/unpacked/patches.zip
Applying patch /home/ikuku/desktop/PeerCraft/peercraft-forge-1122/build/tmp/.cache/expanded/zip_831d8b75dfabe895c7da898525cf5213/net/minecraft/item/ItemSkull.java.patch from bundle /home/ikuku/.gradle/caches/minecraft/net/minecraftforge/forge/1.12.2-14.23.5.2847/unpacked/patches.zip
Applying patch /home/ikuku/desktop/PeerCraft/peercraft-forge-1122/build/tmp/.cache/expanded/zip_831d8b75dfabe895c7da898525cf5213/net/minecraft/item/ItemSlab.java.patch from bundle /home/ikuku/.gradle/caches/minecraft/net/minecraftforge/forge/1.12.2-14.23.5.2847/unpacked/patches.zip
Applying patch /home/ikuku/desktop/PeerCraft/peercraft-forge-1122/build/tmp/.cache/expanded/zip_831d8b75dfabe895c7da898525cf5213/net/minecraft/item/ItemSnow.java.patch from bundle /home/ikuku/.gradle/caches/minecraft/net/minecraftforge/forge/1.12.2-14.23.5.2847/unpacked/patches.zip
Applying patch /home/ikuku/desktop/PeerCraft/peercraft-forge-1122/build/tmp/.cache/expanded/zip_831d8b75dfabe895c7da898525cf5213/net/minecraft/item/ItemStack.java.patch from bundle /home/ikuku/.gradle/caches/minecraft/net/minecraftforge/forge/1.12.2-14.23.5.2847/unpacked/patches.zip
Applying patch /home/ikuku/desktop/PeerCraft/peercraft-forge-1122/build/tmp/.cache/expanded/zip_831d8b75dfabe895c7da898525cf5213/net/minecraft/item/ItemSword.java.patch from bundle /home/ikuku/.gradle/caches/minecraft/net/minecraftforge/forge/1.12.2-14.23.5.2847/unpacked/patches.zip
Applying patch /home/ikuku/desktop/PeerCraft/peercraft-forge-1122/build/tmp/.cache/expanded/zip_831d8b75dfabe895c7da898525cf5213/net/minecraft/item/ItemTool.java.patch from bundle /home/ikuku/.gradle/caches/minecraft/net/minecraftforge/forge/1.12.2-14.23.5.2847/unpacked/patches.zip
Applying patch /home/ikuku/desktop/PeerCraft/peercraft-forge-1122/build/tmp/.cache/expanded/zip_831d8b75dfabe895c7da898525cf5213/net/minecraft/item/crafting/CraftingManager.java.patch from bundle /home/ikuku/.gradle/caches/minecraft/net/minecraftforge/forge/1.12.2-14.23.5.2847/unpacked/patches.zip
Applying patch /home/ikuku/desktop/PeerCraft/peercraft-forge-1122/build/tmp/.cache/expanded/zip_831d8b75dfabe895c7da898525cf5213/net/minecraft/item/crafting/FurnaceRecipes.java.patch from bundle /home/ikuku/.gradle/caches/minecraft/net/minecraftforge/forge/1.12.2-14.23.5.2847/unpacked/patches.zip
Applying patch /home/ikuku/desktop/PeerCraft/peercraft-forge-1122/build/tmp/.cache/expanded/zip_831d8b75dfabe895c7da898525cf5213/net/minecraft/item/crafting/IRecipe.java.patch from bundle /home/ikuku/.gradle/caches/minecraft/net/minecraftforge/forge/1.12.2-14.23.5.2847/unpacked/patches.zip
Applying patch /home/ikuku/desktop/PeerCraft/peercraft-forge-1122/build/tmp/.cache/expanded/zip_831d8b75dfabe895c7da898525cf5213/net/minecraft/item/crafting/Ingredient.java.patch from bundle /home/ikuku/.gradle/caches/minecraft/net/minecraftforge/forge/1.12.2-14.23.5.2847/unpacked/patches.zip
Applying patch /home/ikuku/desktop/PeerCraft/peercraft-forge-1122/build/tmp/.cache/expanded/zip_831d8b75dfabe895c7da898525cf5213/net/minecraft/item/crafting/RecipeBookCloning.java.patch from bundle /home/ikuku/.gradle/caches/minecraft/net/minecraftforge/forge/1.12.2-14.23.5.2847/unpacked/patches.zip
Applying patch /home/ikuku/desktop/PeerCraft/peercraft-forge-1122/build/tmp/.cache/expanded/zip_831d8b75dfabe895c7da898525cf5213/net/minecraft/item/crafting/RecipeFireworks.java.patch from bundle /home/ikuku/.gradle/caches/minecraft/net/minecraftforge/forge/1.12.2-14.23.5.2847/unpacked/patches.zip
Applying patch /home/ikuku/desktop/PeerCraft/peercraft-forge-1122/build/tmp/.cache/expanded/zip_831d8b75dfabe895c7da898525cf5213/net/minecraft/item/crafting/RecipeRepairItem.java.patch from bundle /home/ikuku/.gradle/caches/minecraft/net/minecraftforge/forge/1.12.2-14.23.5.2847/unpacked/patches.zip
Applying patch /home/ikuku/desktop/PeerCraft/peercraft-forge-1122/build/tmp/.cache/expanded/zip_831d8b75dfabe895c7da898525cf5213/net/minecraft/item/crafting/RecipeTippedArrow.java.patch from bundle /home/ikuku/.gradle/caches/minecraft/net/minecraftforge/forge/1.12.2-14.23.5.2847/unpacked/patches.zip
Applying patch /home/ikuku/desktop/PeerCraft/peercraft-forge-1122/build/tmp/.cache/expanded/zip_831d8b75dfabe895c7da898525cf5213/net/minecraft/item/crafting/RecipesArmorDyes.java.patch from bundle /home/ikuku/.gradle/caches/minecraft/net/minecraftforge/forge/1.12.2-14.23.5.2847/unpacked/patches.zip
Applying patch /home/ikuku/desktop/PeerCraft/peercraft-forge-1122/build/tmp/.cache/expanded/zip_831d8b75dfabe895c7da898525cf5213/net/minecraft/item/crafting/RecipesBanners.java.patch from bundle /home/ikuku/.gradle/caches/minecraft/net/minecraftforge/forge/1.12.2-14.23.5.2847/unpacked/patches.zip
Applying patch /home/ikuku/desktop/PeerCraft/peercraft-forge-1122/build/tmp/.cache/expanded/zip_831d8b75dfabe895c7da898525cf5213/net/minecraft/item/crafting/RecipesMapCloning.java.patch from bundle /home/ikuku/.gradle/caches/minecraft/net/minecraftforge/forge/1.12.2-14.23.5.2847/unpacked/patches.zip
Applying patch /home/ikuku/desktop/PeerCraft/peercraft-forge-1122/build/tmp/.cache/expanded/zip_831d8b75dfabe895c7da898525cf5213/net/minecraft/item/crafting/ShapedRecipes.java.patch from bundle /home/ikuku/.gradle/caches/minecraft/net/minecraftforge/forge/1.12.2-14.23.5.2847/unpacked/patches.zip
Applying patch /home/ikuku/desktop/PeerCraft/peercraft-forge-1122/build/tmp/.cache/expanded/zip_831d8b75dfabe895c7da898525cf5213/net/minecraft/item/crafting/ShapelessRecipes.java.patch from bundle /home/ikuku/.gradle/caches/minecraft/net/minecraftforge/forge/1.12.2-14.23.5.2847/unpacked/patches.zip
Applying patch /home/ikuku/desktop/PeerCraft/peercraft-forge-1122/build/tmp/.cache/expanded/zip_831d8b75dfabe895c7da898525cf5213/net/minecraft/item/crafting/ShieldRecipes.java.patch from bundle /home/ikuku/.gradle/caches/minecraft/net/minecraftforge/forge/1.12.2-14.23.5.2847/unpacked/patches.zip
Applying patch /home/ikuku/desktop/PeerCraft/peercraft-forge-1122/build/tmp/.cache/expanded/zip_831d8b75dfabe895c7da898525cf5213/net/minecraft/item/crafting/ShulkerBoxRecipes.java.patch from bundle /home/ikuku/.gradle/caches/minecraft/net/minecraftforge/forge/1.12.2-14.23.5.2847/unpacked/patches.zip
Applying patch /home/ikuku/desktop/PeerCraft/peercraft-forge-1122/build/tmp/.cache/expanded/zip_831d8b75dfabe895c7da898525cf5213/net/minecraft/nbt/CompressedStreamTools.java.patch from bundle /home/ikuku/.gradle/caches/minecraft/net/minecraftforge/forge/1.12.2-14.23.5.2847/unpacked/patches.zip
Applying patch /home/ikuku/desktop/PeerCraft/peercraft-forge-1122/build/tmp/.cache/expanded/zip_831d8b75dfabe895c7da898525cf5213/net/minecraft/nbt/NBTSizeTracker.java.patch from bundle /home/ikuku/.gradle/caches/minecraft/net/minecraftforge/forge/1.12.2-14.23.5.2847/unpacked/patches.zip
Applying patch /home/ikuku/desktop/PeerCraft/peercraft-forge-1122/build/tmp/.cache/expanded/zip_831d8b75dfabe895c7da898525cf5213/net/minecraft/nbt/NBTTagCompound.java.patch from bundle /home/ikuku/.gradle/caches/minecraft/net/minecraftforge/forge/1.12.2-14.23.5.2847/unpacked/patches.zip
Applying patch /home/ikuku/desktop/PeerCraft/peercraft-forge-1122/build/tmp/.cache/expanded/zip_831d8b75dfabe895c7da898525cf5213/net/minecraft/nbt/NBTTagList.java.patch from bundle /home/ikuku/.gradle/caches/minecraft/net/minecraftforge/forge/1.12.2-14.23.5.2847/unpacked/patches.zip
Applying patch /home/ikuku/desktop/PeerCraft/peercraft-forge-1122/build/tmp/.cache/expanded/zip_831d8b75dfabe895c7da898525cf5213/net/minecraft/nbt/NBTTagString.java.patch from bundle /home/ikuku/.gradle/caches/minecraft/net/minecraftforge/forge/1.12.2-14.23.5.2847/unpacked/patches.zip
Applying patch /home/ikuku/desktop/PeerCraft/peercraft-forge-1122/build/tmp/.cache/expanded/zip_831d8b75dfabe895c7da898525cf5213/net/minecraft/network/NetHandlerPlayServer.java.patch from bundle /home/ikuku/.gradle/caches/minecraft/net/minecraftforge/forge/1.12.2-14.23.5.2847/unpacked/patches.zip
Applying patch /home/ikuku/desktop/PeerCraft/peercraft-forge-1122/build/tmp/.cache/expanded/zip_831d8b75dfabe895c7da898525cf5213/net/minecraft/network/NettyPacketEncoder.java.patch from bundle /home/ikuku/.gradle/caches/minecraft/net/minecraftforge/forge/1.12.2-14.23.5.2847/unpacked/patches.zip
Applying patch /home/ikuku/desktop/PeerCraft/peercraft-forge-1122/build/tmp/.cache/expanded/zip_831d8b75dfabe895c7da898525cf5213/net/minecraft/network/NetworkManager.java.patch from bundle /home/ikuku/.gradle/caches/minecraft/net/minecraftforge/forge/1.12.2-14.23.5.2847/unpacked/patches.zip
Applying patch /home/ikuku/desktop/PeerCraft/peercraft-forge-1122/build/tmp/.cache/expanded/zip_831d8b75dfabe895c7da898525cf5213/net/minecraft/network/NetworkSystem.java.patch from bundle /home/ikuku/.gradle/caches/minecraft/net/minecraftforge/forge/1.12.2-14.23.5.2847/unpacked/patches.zip
Applying patch /home/ikuku/desktop/PeerCraft/peercraft-forge-1122/build/tmp/.cache/expanded/zip_831d8b75dfabe895c7da898525cf5213/net/minecraft/network/PacketBuffer.java.patch from bundle /home/ikuku/.gradle/caches/minecraft/net/minecraftforge/forge/1.12.2-14.23.5.2847/unpacked/patches.zip
Applying patch /home/ikuku/desktop/PeerCraft/peercraft-forge-1122/build/tmp/.cache/expanded/zip_831d8b75dfabe895c7da898525cf5213/net/minecraft/network/ServerStatusResponse.java.patch from bundle /home/ikuku/.gradle/caches/minecraft/net/minecraftforge/forge/1.12.2-14.23.5.2847/unpacked/patches.zip
Applying patch /home/ikuku/desktop/PeerCraft/peercraft-forge-1122/build/tmp/.cache/expanded/zip_831d8b75dfabe895c7da898525cf5213/net/minecraft/network/datasync/DataSerializers.java.patch from bundle /home/ikuku/.gradle/caches/minecraft/net/minecraftforge/forge/1.12.2-14.23.5.2847/unpacked/patches.zip
Applying patch /home/ikuku/desktop/PeerCraft/peercraft-forge-1122/build/tmp/.cache/expanded/zip_831d8b75dfabe895c7da898525cf5213/net/minecraft/network/datasync/EntityDataManager.java.patch from bundle /home/ikuku/.gradle/caches/minecraft/net/minecraftforge/forge/1.12.2-14.23.5.2847/unpacked/patches.zip
Applying patch /home/ikuku/desktop/PeerCraft/peercraft-forge-1122/build/tmp/.cache/expanded/zip_831d8b75dfabe895c7da898525cf5213/net/minecraft/network/handshake/client/C00Handshake.java.patch from bundle /home/ikuku/.gradle/caches/minecraft/net/minecraftforge/forge/1.12.2-14.23.5.2847/unpacked/patches.zip
Applying patch /home/ikuku/desktop/PeerCraft/peercraft-forge-1122/build/tmp/.cache/expanded/zip_831d8b75dfabe895c7da898525cf5213/net/minecraft/network/login/server/SPacketLoginSuccess.java.patch from bundle /home/ikuku/.gradle/caches/minecraft/net/minecraftforge/forge/1.12.2-14.23.5.2847/unpacked/patches.zip
Applying patch /home/ikuku/desktop/PeerCraft/peercraft-forge-1122/build/tmp/.cache/expanded/zip_831d8b75dfabe895c7da898525cf5213/net/minecraft/network/play/client/CPacketClickWindow.java.patch from bundle /home/ikuku/.gradle/caches/minecraft/net/minecraftforge/forge/1.12.2-14.23.5.2847/unpacked/patches.zip
Applying patch /home/ikuku/desktop/PeerCraft/peercraft-forge-1122/build/tmp/.cache/expanded/zip_831d8b75dfabe895c7da898525cf5213/net/minecraft/network/play/client/CPacketCreativeInventoryAction.java.patch from bundle /home/ikuku/.gradle/caches/minecraft/net/minecraftforge/forge/1.12.2-14.23.5.2847/unpacked/patches.zip
Applying patch /home/ikuku/desktop/PeerCraft/peercraft-forge-1122/build/tmp/.cache/expanded/zip_831d8b75dfabe895c7da898525cf5213/net/minecraft/network/play/client/CPacketCustomPayload.java.patch from bundle /home/ikuku/.gradle/caches/minecraft/net/minecraftforge/forge/1.12.2-14.23.5.2847/unpacked/patches.zip
Applying patch /home/ikuku/desktop/PeerCraft/peercraft-forge-1122/build/tmp/.cache/expanded/zip_831d8b75dfabe895c7da898525cf5213/net/minecraft/network/play/server/SPacketCustomPayload.java.patch from bundle /home/ikuku/.gradle/caches/minecraft/net/minecraftforge/forge/1.12.2-14.23.5.2847/unpacked/patches.zip
Applying patch /home/ikuku/desktop/PeerCraft/peercraft-forge-1122/build/tmp/.cache/expanded/zip_831d8b75dfabe895c7da898525cf5213/net/minecraft/network/play/server/SPacketSpawnMob.java.patch from bundle /home/ikuku/.gradle/caches/minecraft/net/minecraftforge/forge/1.12.2-14.23.5.2847/unpacked/patches.zip
Applying patch /home/ikuku/desktop/PeerCraft/peercraft-forge-1122/build/tmp/.cache/expanded/zip_831d8b75dfabe895c7da898525cf5213/net/minecraft/pathfinding/FlyingNodeProcessor.java.patch from bundle /home/ikuku/.gradle/caches/minecraft/net/minecraftforge/forge/1.12.2-14.23.5.2847/unpacked/patches.zip
Applying patch /home/ikuku/desktop/PeerCraft/peercraft-forge-1122/build/tmp/.cache/expanded/zip_831d8b75dfabe895c7da898525cf5213/net/minecraft/pathfinding/WalkNodeProcessor.java.patch from bundle /home/ikuku/.gradle/caches/minecraft/net/minecraftforge/forge/1.12.2-14.23.5.2847/unpacked/patches.zip
Applying patch /home/ikuku/desktop/PeerCraft/peercraft-forge-1122/build/tmp/.cache/expanded/zip_831d8b75dfabe895c7da898525cf5213/net/minecraft/potion/Potion.java.patch from bundle /home/ikuku/.gradle/caches/minecraft/net/minecraftforge/forge/1.12.2-14.23.5.2847/unpacked/patches.zip
Applying patch /home/ikuku/desktop/PeerCraft/peercraft-forge-1122/build/tmp/.cache/expanded/zip_831d8b75dfabe895c7da898525cf5213/net/minecraft/potion/PotionEffect.java.patch from bundle /home/ikuku/.gradle/caches/minecraft/net/minecraftforge/forge/1.12.2-14.23.5.2847/unpacked/patches.zip
Applying patch /home/ikuku/desktop/PeerCraft/peercraft-forge-1122/build/tmp/.cache/expanded/zip_831d8b75dfabe895c7da898525cf5213/net/minecraft/potion/PotionHelper.java.patch from bundle /home/ikuku/.gradle/caches/minecraft/net/minecraftforge/forge/1.12.2-14.23.5.2847/unpacked/patches.zip
Applying patch /home/ikuku/desktop/PeerCraft/peercraft-forge-1122/build/tmp/.cache/expanded/zip_831d8b75dfabe895c7da898525cf5213/net/minecraft/potion/PotionType.java.patch from bundle /home/ikuku/.gradle/caches/minecraft/net/minecraftforge/forge/1.12.2-14.23.5.2847/unpacked/patches.zip
Applying patch /home/ikuku/desktop/PeerCraft/peercraft-forge-1122/build/tmp/.cache/expanded/zip_831d8b75dfabe895c7da898525cf5213/net/minecraft/profiler/Profiler.java.patch from bundle /home/ikuku/.gradle/caches/minecraft/net/minecraftforge/forge/1.12.2-14.23.5.2847/unpacked/patches.zip
Applying patch /home/ikuku/desktop/PeerCraft/peercraft-forge-1122/build/tmp/.cache/expanded/zip_831d8b75dfabe895c7da898525cf5213/net/minecraft/realms/RealmsConnect.java.patch from bundle /home/ikuku/.gradle/caches/minecraft/net/minecraftforge/forge/1.12.2-14.23.5.2847/unpacked/patches.zip
Applying patch /home/ikuku/desktop/PeerCraft/peercraft-forge-1122/build/tmp/.cache/expanded/zip_831d8b75dfabe895c7da898525cf5213/net/minecraft/server/MinecraftServer.java.patch from bundle /home/ikuku/.gradle/caches/minecraft/net/minecraftforge/forge/1.12.2-14.23.5.2847/unpacked/patches.zip
Applying patch /home/ikuku/desktop/PeerCraft/peercraft-forge-1122/build/tmp/.cache/expanded/zip_831d8b75dfabe895c7da898525cf5213/net/minecraft/server/dedicated/DedicatedServer.java.patch from bundle /home/ikuku/.gradle/caches/minecraft/net/minecraftforge/forge/1.12.2-14.23.5.2847/unpacked/patches.zip
Applying patch /home/ikuku/desktop/PeerCraft/peercraft-forge-1122/build/tmp/.cache/expanded/zip_831d8b75dfabe895c7da898525cf5213/net/minecraft/server/dedicated/ServerHangWatchdog.java.patch from bundle /home/ikuku/.gradle/caches/minecraft/net/minecraftforge/forge/1.12.2-14.23.5.2847/unpacked/patches.zip
Applying patch /home/ikuku/desktop/PeerCraft/peercraft-forge-1122/build/tmp/.cache/expanded/zip_831d8b75dfabe895c7da898525cf5213/net/minecraft/server/gui/MinecraftServerGui.java.patch from bundle /home/ikuku/.gradle/caches/minecraft/net/minecraftforge/forge/1.12.2-14.23.5.2847/unpacked/patches.zip
Applying patch /home/ikuku/desktop/PeerCraft/peercraft-forge-1122/build/tmp/.cache/expanded/zip_831d8b75dfabe895c7da898525cf5213/net/minecraft/server/integrated/IntegratedServer.java.patch from bundle /home/ikuku/.gradle/caches/minecraft/net/minecraftforge/forge/1.12.2-14.23.5.2847/unpacked/patches.zip
Applying patch /home/ikuku/desktop/PeerCraft/peercraft-forge-1122/build/tmp/.cache/expanded/zip_831d8b75dfabe895c7da898525cf5213/net/minecraft/server/management/PlayerChunkMapEntry.java.patch from bundle /home/ikuku/.gradle/caches/minecraft/net/minecraftforge/forge/1.12.2-14.23.5.2847/unpacked/patches.zip
Applying patch /home/ikuku/desktop/PeerCraft/peercraft-forge-1122/build/tmp/.cache/expanded/zip_831d8b75dfabe895c7da898525cf5213/net/minecraft/server/management/PlayerInteractionManager.java.patch from bundle /home/ikuku/.gradle/caches/minecraft/net/minecraftforge/forge/1.12.2-14.23.5.2847/unpacked/patches.zip
Applying patch /home/ikuku/desktop/PeerCraft/peercraft-forge-1122/build/tmp/.cache/expanded/zip_831d8b75dfabe895c7da898525cf5213/net/minecraft/server/management/PlayerList.java.patch from bundle /home/ikuku/.gradle/caches/minecraft/net/minecraftforge/forge/1.12.2-14.23.5.2847/unpacked/patches.zip
Applying patch /home/ikuku/desktop/PeerCraft/peercraft-forge-1122/build/tmp/.cache/expanded/zip_831d8b75dfabe895c7da898525cf5213/net/minecraft/server/network/NetHandlerHandshakeTCP.java.patch from bundle /home/ikuku/.gradle/caches/minecraft/net/minecraftforge/forge/1.12.2-14.23.5.2847/unpacked/patches.zip
Applying patch /home/ikuku/desktop/PeerCraft/peercraft-forge-1122/build/tmp/.cache/expanded/zip_831d8b75dfabe895c7da898525cf5213/net/minecraft/server/network/NetHandlerLoginServer.java.patch from bundle /home/ikuku/.gradle/caches/minecraft/net/minecraftforge/forge/1.12.2-14.23.5.2847/unpacked/patches.zip
Applying patch /home/ikuku/desktop/PeerCraft/peercraft-forge-1122/build/tmp/.cache/expanded/zip_831d8b75dfabe895c7da898525cf5213/net/minecraft/stats/RecipeBook.java.patch from bundle /home/ikuku/.gradle/caches/minecraft/net/minecraftforge/forge/1.12.2-14.23.5.2847/unpacked/patches.zip
Applying patch /home/ikuku/desktop/PeerCraft/peercraft-forge-1122/build/tmp/.cache/expanded/zip_831d8b75dfabe895c7da898525cf5213/net/minecraft/stats/RecipeBookServer.java.patch from bundle /home/ikuku/.gradle/caches/minecraft/net/minecraftforge/forge/1.12.2-14.23.5.2847/unpacked/patches.zip
Applying patch /home/ikuku/desktop/PeerCraft/peercraft-forge-1122/build/tmp/.cache/expanded/zip_831d8b75dfabe895c7da898525cf5213/net/minecraft/stats/StatList.java.patch from bundle /home/ikuku/.gradle/caches/minecraft/net/minecraftforge/forge/1.12.2-14.23.5.2847/unpacked/patches.zip
Applying patch /home/ikuku/desktop/PeerCraft/peercraft-forge-1122/build/tmp/.cache/expanded/zip_831d8b75dfabe895c7da898525cf5213/net/minecraft/tileentity/MobSpawnerBaseLogic.java.patch from bundle /home/ikuku/.gradle/caches/minecraft/net/minecraftforge/forge/1.12.2-14.23.5.2847/unpacked/patches.zip
Applying patch /home/ikuku/desktop/PeerCraft/peercraft-forge-1122/build/tmp/.cache/expanded/zip_831d8b75dfabe895c7da898525cf5213/net/minecraft/tileentity/TileEntity.java.patch from bundle /home/ikuku/.gradle/caches/minecraft/net/minecraftforge/forge/1.12.2-14.23.5.2847/unpacked/patches.zip
Applying patch /home/ikuku/desktop/PeerCraft/peercraft-forge-1122/build/tmp/.cache/expanded/zip_831d8b75dfabe895c7da898525cf5213/net/minecraft/tileentity/TileEntityBeacon.java.patch from bundle /home/ikuku/.gradle/caches/minecraft/net/minecraftforge/forge/1.12.2-14.23.5.2847/unpacked/patches.zip
Applying patch /home/ikuku/desktop/PeerCraft/peercraft-forge-1122/build/tmp/.cache/expanded/zip_831d8b75dfabe895c7da898525cf5213/net/minecraft/tileentity/TileEntityBrewingStand.java.patch from bundle /home/ikuku/.gradle/caches/minecraft/net/minecraftforge/forge/1.12.2-14.23.5.2847/unpacked/patches.zip
Applying patch /home/ikuku/desktop/PeerCraft/peercraft-forge-1122/build/tmp/.cache/expanded/zip_831d8b75dfabe895c7da898525cf5213/net/minecraft/tileentity/TileEntityChest.java.patch from bundle /home/ikuku/.gradle/caches/minecraft/net/minecraftforge/forge/1.12.2-14.23.5.2847/unpacked/patches.zip
Applying patch /home/ikuku/desktop/PeerCraft/peercraft-forge-1122/build/tmp/.cache/expanded/zip_831d8b75dfabe895c7da898525cf5213/net/minecraft/tileentity/TileEntityFurnace.java.patch from bundle /home/ikuku/.gradle/caches/minecraft/net/minecraftforge/forge/1.12.2-14.23.5.2847/unpacked/patches.zip
Applying patch /home/ikuku/desktop/PeerCraft/peercraft-forge-1122/build/tmp/.cache/expanded/zip_831d8b75dfabe895c7da898525cf5213/net/minecraft/tileentity/TileEntityHopper.java.patch from bundle /home/ikuku/.gradle/caches/minecraft/net/minecraftforge/forge/1.12.2-14.23.5.2847/unpacked/patches.zip
Applying patch /home/ikuku/desktop/PeerCraft/peercraft-forge-1122/build/tmp/.cache/expanded/zip_831d8b75dfabe895c7da898525cf5213/net/minecraft/tileentity/TileEntityLockable.java.patch from bundle /home/ikuku/.gradle/caches/minecraft/net/minecraftforge/forge/1.12.2-14.23.5.2847/unpacked/patches.zip
Applying patch /home/ikuku/desktop/PeerCraft/peercraft-forge-1122/build/tmp/.cache/expanded/zip_831d8b75dfabe895c7da898525cf5213/net/minecraft/tileentity/TileEntityLockableLoot.java.patch from bundle /home/ikuku/.gradle/caches/minecraft/net/minecraftforge/forge/1.12.2-14.23.5.2847/unpacked/patches.zip
Applying patch /home/ikuku/desktop/PeerCraft/peercraft-forge-1122/build/tmp/.cache/expanded/zip_831d8b75dfabe895c7da898525cf5213/net/minecraft/tileentity/TileEntityNote.java.patch from bundle /home/ikuku/.gradle/caches/minecraft/net/minecraftforge/forge/1.12.2-14.23.5.2847/unpacked/patches.zip
Applying patch /home/ikuku/desktop/PeerCraft/peercraft-forge-1122/build/tmp/.cache/expanded/zip_831d8b75dfabe895c7da898525cf5213/net/minecraft/tileentity/TileEntityPiston.java.patch from bundle /home/ikuku/.gradle/caches/minecraft/net/minecraftforge/forge/1.12.2-14.23.5.2847/unpacked/patches.zip
Applying patch /home/ikuku/desktop/PeerCraft/peercraft-forge-1122/build/tmp/.cache/expanded/zip_831d8b75dfabe895c7da898525cf5213/net/minecraft/tileentity/TileEntityShulkerBox.java.patch from bundle /home/ikuku/.gradle/caches/minecraft/net/minecraftforge/forge/1.12.2-14.23.5.2847/unpacked/patches.zip
Applying patch /home/ikuku/desktop/PeerCraft/peercraft-forge-1122/build/tmp/.cache/expanded/zip_831d8b75dfabe895c7da898525cf5213/net/minecraft/tileentity/TileEntitySign.java.patch from bundle /home/ikuku/.gradle/caches/minecraft/net/minecraftforge/forge/1.12.2-14.23.5.2847/unpacked/patches.zip
Applying patch /home/ikuku/desktop/PeerCraft/peercraft-forge-1122/build/tmp/.cache/expanded/zip_831d8b75dfabe895c7da898525cf5213/net/minecraft/util/ActionResult.java.patch from bundle /home/ikuku/.gradle/caches/minecraft/net/minecraftforge/forge/1.12.2-14.23.5.2847/unpacked/patches.zip
Applying patch /home/ikuku/desktop/PeerCraft/peercraft-forge-1122/build/tmp/.cache/expanded/zip_831d8b75dfabe895c7da898525cf5213/net/minecraft/util/BlockRenderLayer.java.patch from bundle /home/ikuku/.gradle/caches/minecraft/net/minecraftforge/forge/1.12.2-14.23.5.2847/unpacked/patches.zip
Applying patch /home/ikuku/desktop/PeerCraft/peercraft-forge-1122/build/tmp/.cache/expanded/zip_831d8b75dfabe895c7da898525cf5213/net/minecraft/util/ChatAllowedCharacters.java.patch from bundle /home/ikuku/.gradle/caches/minecraft/net/minecraftforge/forge/1.12.2-14.23.5.2847/unpacked/patches.zip
Applying patch /home/ikuku/desktop/PeerCraft/peercraft-forge-1122/build/tmp/.cache/expanded/zip_831d8b75dfabe895c7da898525cf5213/net/minecraft/util/ClassInheritanceMultiMap.java.patch from bundle /home/ikuku/.gradle/caches/minecraft/net/minecraftforge/forge/1.12.2-14.23.5.2847/unpacked/patches.zip
Applying patch /home/ikuku/desktop/PeerCraft/peercraft-forge-1122/build/tmp/.cache/expanded/zip_831d8b75dfabe895c7da898525cf5213/net/minecraft/util/EnumFacing.java.patch from bundle /home/ikuku/.gradle/caches/minecraft/net/minecraftforge/forge/1.12.2-14.23.5.2847/unpacked/patches.zip
Applying patch /home/ikuku/desktop/PeerCraft/peercraft-forge-1122/build/tmp/.cache/expanded/zip_831d8b75dfabe895c7da898525cf5213/net/minecraft/util/IntIdentityHashBiMap.java.patch from bundle /home/ikuku/.gradle/caches/minecraft/net/minecraftforge/forge/1.12.2-14.23.5.2847/unpacked/patches.zip
Applying patch /home/ikuku/desktop/PeerCraft/peercraft-forge-1122/build/tmp/.cache/expanded/zip_831d8b75dfabe895c7da898525cf5213/net/minecraft/util/MouseHelper.java.patch from bundle /home/ikuku/.gradle/caches/minecraft/net/minecraftforge/forge/1.12.2-14.23.5.2847/unpacked/patches.zip
Applying patch /home/ikuku/desktop/PeerCraft/peercraft-forge-1122/build/tmp/.cache/expanded/zip_831d8b75dfabe895c7da898525cf5213/net/minecraft/util/ScreenShotHelper.java.patch from bundle /home/ikuku/.gradle/caches/minecraft/net/minecraftforge/forge/1.12.2-14.23.5.2847/unpacked/patches.zip
Applying patch /home/ikuku/desktop/PeerCraft/peercraft-forge-1122/build/tmp/.cache/expanded/zip_831d8b75dfabe895c7da898525cf5213/net/minecraft/util/ServerRecipeBookHelper.java.patch from bundle /home/ikuku/.gradle/caches/minecraft/net/minecraftforge/forge/1.12.2-14.23.5.2847/unpacked/patches.zip
Applying patch /home/ikuku/desktop/PeerCraft/peercraft-forge-1122/build/tmp/.cache/expanded/zip_831d8b75dfabe895c7da898525cf5213/net/minecraft/util/Session.java.patch from bundle /home/ikuku/.gradle/caches/minecraft/net/minecraftforge/forge/1.12.2-14.23.5.2847/unpacked/patches.zip
Applying patch /home/ikuku/desktop/PeerCraft/peercraft-forge-1122/build/tmp/.cache/expanded/zip_831d8b75dfabe895c7da898525cf5213/net/minecraft/util/SoundEvent.java.patch from bundle /home/ikuku/.gradle/caches/minecraft/net/minecraftforge/forge/1.12.2-14.23.5.2847/unpacked/patches.zip
Applying patch /home/ikuku/desktop/PeerCraft/peercraft-forge-1122/build/tmp/.cache/expanded/zip_831d8b75dfabe895c7da898525cf5213/net/minecraft/util/TabCompleter.java.patch from bundle /home/ikuku/.gradle/caches/minecraft/net/minecraftforge/forge/1.12.2-14.23.5.2847/unpacked/patches.zip
Applying patch /home/ikuku/desktop/PeerCraft/peercraft-forge-1122/build/tmp/.cache/expanded/zip_831d8b75dfabe895c7da898525cf5213/net/minecraft/util/datafix/DataFixesManager.java.patch from bundle /home/ikuku/.gradle/caches/minecraft/net/minecraftforge/forge/1.12.2-14.23.5.2847/unpacked/patches.zip
Applying patch /home/ikuku/desktop/PeerCraft/peercraft-forge-1122/build/tmp/.cache/expanded/zip_831d8b75dfabe895c7da898525cf5213/net/minecraft/util/math/RayTraceResult.java.patch from bundle /home/ikuku/.gradle/caches/minecraft/net/minecraftforge/forge/1.12.2-14.23.5.2847/unpacked/patches.zip
Applying patch /home/ikuku/desktop/PeerCraft/peercraft-forge-1122/build/tmp/.cache/expanded/zip_831d8b75dfabe895c7da898525cf5213/net/minecraft/util/math/Vec3d.java.patch from bundle /home/ikuku/.gradle/caches/minecraft/net/minecraftforge/forge/1.12.2-14.23.5.2847/unpacked/patches.zip
Applying patch /home/ikuku/desktop/PeerCraft/peercraft-forge-1122/build/tmp/.cache/expanded/zip_831d8b75dfabe895c7da898525cf5213/net/minecraft/util/text/ITextComponent.java.patch from bundle /home/ikuku/.gradle/caches/minecraft/net/minecraftforge/forge/1.12.2-14.23.5.2847/unpacked/patches.zip
Applying patch /home/ikuku/desktop/PeerCraft/peercraft-forge-1122/build/tmp/.cache/expanded/zip_831d8b75dfabe895c7da898525cf5213/net/minecraft/util/text/Style.java.patch from bundle /home/ikuku/.gradle/caches/minecraft/net/minecraftforge/forge/1.12.2-14.23.5.2847/unpacked/patches.zip
Applying patch /home/ikuku/desktop/PeerCraft/peercraft-forge-1122/build/tmp/.cache/expanded/zip_831d8b75dfabe895c7da898525cf5213/net/minecraft/util/text/TextComponentBase.java.patch from bundle /home/ikuku/.gradle/caches/minecraft/net/minecraftforge/forge/1.12.2-14.23.5.2847/unpacked/patches.zip
Applying patch /home/ikuku/desktop/PeerCraft/peercraft-forge-1122/build/tmp/.cache/expanded/zip_831d8b75dfabe895c7da898525cf5213/net/minecraft/util/text/translation/LanguageMap.java.patch from bundle /home/ikuku/.gradle/caches/minecraft/net/minecraftforge/forge/1.12.2-14.23.5.2847/unpacked/patches.zip
Applying patch /home/ikuku/desktop/PeerCraft/peercraft-forge-1122/build/tmp/.cache/expanded/zip_831d8b75dfabe895c7da898525cf5213/net/minecraft/village/Village.java.patch from bundle /home/ikuku/.gradle/caches/minecraft/net/minecraftforge/forge/1.12.2-14.23.5.2847/unpacked/patches.zip
Applying patch /home/ikuku/desktop/PeerCraft/peercraft-forge-1122/build/tmp/.cache/expanded/zip_831d8b75dfabe895c7da898525cf5213/net/minecraft/village/VillageCollection.java.patch from bundle /home/ikuku/.gradle/caches/minecraft/net/minecraftforge/forge/1.12.2-14.23.5.2847/unpacked/patches.zip
Applying patch /home/ikuku/desktop/PeerCraft/peercraft-forge-1122/build/tmp/.cache/expanded/zip_831d8b75dfabe895c7da898525cf5213/net/minecraft/village/VillageSiege.java.patch from bundle /home/ikuku/.gradle/caches/minecraft/net/minecraftforge/forge/1.12.2-14.23.5.2847/unpacked/patches.zip
Applying patch /home/ikuku/desktop/PeerCraft/peercraft-forge-1122/build/tmp/.cache/expanded/zip_831d8b75dfabe895c7da898525cf5213/net/minecraft/world/BossInfo.java.patch from bundle /home/ikuku/.gradle/caches/minecraft/net/minecraftforge/forge/1.12.2-14.23.5.2847/unpacked/patches.zip
Applying patch /home/ikuku/desktop/PeerCraft/peercraft-forge-1122/build/tmp/.cache/expanded/zip_831d8b75dfabe895c7da898525cf5213/net/minecraft/world/BossInfoServer.java.patch from bundle /home/ikuku/.gradle/caches/minecraft/net/minecraftforge/forge/1.12.2-14.23.5.2847/unpacked/patches.zip
Applying patch /home/ikuku/desktop/PeerCraft/peercraft-forge-1122/build/tmp/.cache/expanded/zip_831d8b75dfabe895c7da898525cf5213/net/minecraft/world/ChunkCache.java.patch from bundle /home/ikuku/.gradle/caches/minecraft/net/minecraftforge/forge/1.12.2-14.23.5.2847/unpacked/patches.zip
Applying patch /home/ikuku/desktop/PeerCraft/peercraft-forge-1122/build/tmp/.cache/expanded/zip_831d8b75dfabe895c7da898525cf5213/net/minecraft/world/DimensionType.java.patch from bundle /home/ikuku/.gradle/caches/minecraft/net/minecraftforge/forge/1.12.2-14.23.5.2847/unpacked/patches.zip
Applying patch /home/ikuku/desktop/PeerCraft/peercraft-forge-1122/build/tmp/.cache/expanded/zip_831d8b75dfabe895c7da898525cf5213/net/minecraft/world/Explosion.java.patch from bundle /home/ikuku/.gradle/caches/minecraft/net/minecraftforge/forge/1.12.2-14.23.5.2847/unpacked/patches.zip
Applying patch /home/ikuku/desktop/PeerCraft/peercraft-forge-1122/build/tmp/.cache/expanded/zip_831d8b75dfabe895c7da898525cf5213/net/minecraft/world/IBlockAccess.java.patch from bundle /home/ikuku/.gradle/caches/minecraft/net/minecraftforge/forge/1.12.2-14.23.5.2847/unpacked/patches.zip
Applying patch /home/ikuku/desktop/PeerCraft/peercraft-forge-1122/build/tmp/.cache/expanded/zip_831d8b75dfabe895c7da898525cf5213/net/minecraft/world/ServerWorldEventHandler.java.patch from bundle /home/ikuku/.gradle/caches/minecraft/net/minecraftforge/forge/1.12.2-14.23.5.2847/unpacked/patches.zip
Applying patch /home/ikuku/desktop/PeerCraft/peercraft-forge-1122/build/tmp/.cache/expanded/zip_831d8b75dfabe895c7da898525cf5213/net/minecraft/world/Teleporter.java.patch from bundle /home/ikuku/.gradle/caches/minecraft/net/minecraftforge/forge/1.12.2-14.23.5.2847/unpacked/patches.zip
Applying patch /home/ikuku/desktop/PeerCraft/peercraft-forge-1122/build/tmp/.cache/expanded/zip_831d8b75dfabe895c7da898525cf5213/net/minecraft/world/World.java.patch from bundle /home/ikuku/.gradle/caches/minecraft/net/minecraftforge/forge/1.12.2-14.23.5.2847/unpacked/patches.zip
Applying patch /home/ikuku/desktop/PeerCraft/peercraft-forge-1122/build/tmp/.cache/expanded/zip_831d8b75dfabe895c7da898525cf5213/net/minecraft/world/WorldEntitySpawner.java.patch from bundle /home/ikuku/.gradle/caches/minecraft/net/minecraftforge/forge/1.12.2-14.23.5.2847/unpacked/patches.zip
Applying patch /home/ikuku/desktop/PeerCraft/peercraft-forge-1122/build/tmp/.cache/expanded/zip_831d8b75dfabe895c7da898525cf5213/net/minecraft/world/WorldProvider.java.patch from bundle /home/ikuku/.gradle/caches/minecraft/net/minecraftforge/forge/1.12.2-14.23.5.2847/unpacked/patches.zip
Applying patch /home/ikuku/desktop/PeerCraft/peercraft-forge-1122/build/tmp/.cache/expanded/zip_831d8b75dfabe895c7da898525cf5213/net/minecraft/world/WorldProviderEnd.java.patch from bundle /home/ikuku/.gradle/caches/minecraft/net/minecraftforge/forge/1.12.2-14.23.5.2847/unpacked/patches.zip
Applying patch /home/ikuku/desktop/PeerCraft/peercraft-forge-1122/build/tmp/.cache/expanded/zip_831d8b75dfabe895c7da898525cf5213/net/minecraft/world/WorldProviderSurface.java.patch from bundle /home/ikuku/.gradle/caches/minecraft/net/minecraftforge/forge/1.12.2-14.23.5.2847/unpacked/patches.zip
Applying patch /home/ikuku/desktop/PeerCraft/peercraft-forge-1122/build/tmp/.cache/expanded/zip_831d8b75dfabe895c7da898525cf5213/net/minecraft/world/WorldServer.java.patch from bundle /home/ikuku/.gradle/caches/minecraft/net/minecraftforge/forge/1.12.2-14.23.5.2847/unpacked/patches.zip
Applying patch /home/ikuku/desktop/PeerCraft/peercraft-forge-1122/build/tmp/.cache/expanded/zip_831d8b75dfabe895c7da898525cf5213/net/minecraft/world/WorldServerMulti.java.patch from bundle /home/ikuku/.gradle/caches/minecraft/net/minecraftforge/forge/1.12.2-14.23.5.2847/unpacked/patches.zip
Applying patch /home/ikuku/desktop/PeerCraft/peercraft-forge-1122/build/tmp/.cache/expanded/zip_831d8b75dfabe895c7da898525cf5213/net/minecraft/world/WorldType.java.patch from bundle /home/ikuku/.gradle/caches/minecraft/net/minecraftforge/forge/1.12.2-14.23.5.2847/unpacked/patches.zip
Applying patch /home/ikuku/desktop/PeerCraft/peercraft-forge-1122/build/tmp/.cache/expanded/zip_831d8b75dfabe895c7da898525cf5213/net/minecraft/world/biome/Biome.java.patch from bundle /home/ikuku/.gradle/caches/minecraft/net/minecraftforge/forge/1.12.2-14.23.5.2847/unpacked/patches.zip
Applying patch /home/ikuku/desktop/PeerCraft/peercraft-forge-1122/build/tmp/.cache/expanded/zip_831d8b75dfabe895c7da898525cf5213/net/minecraft/world/biome/BiomeDecorator.java.patch from bundle /home/ikuku/.gradle/caches/minecraft/net/minecraftforge/forge/1.12.2-14.23.5.2847/unpacked/patches.zip
Applying patch /home/ikuku/desktop/PeerCraft/peercraft-forge-1122/build/tmp/.cache/expanded/zip_831d8b75dfabe895c7da898525cf5213/net/minecraft/world/biome/BiomeDesert.java.patch from bundle /home/ikuku/.gradle/caches/minecraft/net/minecraftforge/forge/1.12.2-14.23.5.2847/unpacked/patches.zip
Applying patch /home/ikuku/desktop/PeerCraft/peercraft-forge-1122/build/tmp/.cache/expanded/zip_831d8b75dfabe895c7da898525cf5213/net/minecraft/world/biome/BiomeForest.java.patch from bundle /home/ikuku/.gradle/caches/minecraft/net/minecraftforge/forge/1.12.2-14.23.5.2847/unpacked/patches.zip
Applying patch /home/ikuku/desktop/PeerCraft/peercraft-forge-1122/build/tmp/.cache/expanded/zip_831d8b75dfabe895c7da898525cf5213/net/minecraft/world/biome/BiomeHills.java.patch from bundle /home/ikuku/.gradle/caches/minecraft/net/minecraftforge/forge/1.12.2-14.23.5.2847/unpacked/patches.zip
Applying patch /home/ikuku/desktop/PeerCraft/peercraft-forge-1122/build/tmp/.cache/expanded/zip_831d8b75dfabe895c7da898525cf5213/net/minecraft/world/biome/BiomeJungle.java.patch from bundle /home/ikuku/.gradle/caches/minecraft/net/minecraftforge/forge/1.12.2-14.23.5.2847/unpacked/patches.zip
Applying patch /home/ikuku/desktop/PeerCraft/peercraft-forge-1122/build/tmp/.cache/expanded/zip_831d8b75dfabe895c7da898525cf5213/net/minecraft/world/biome/BiomeMesa.java.patch from bundle /home/ikuku/.gradle/caches/minecraft/net/minecraftforge/forge/1.12.2-14.23.5.2847/unpacked/patches.zip
Applying patch /home/ikuku/desktop/PeerCraft/peercraft-forge-1122/build/tmp/.cache/expanded/zip_831d8b75dfabe895c7da898525cf5213/net/minecraft/world/biome/BiomePlains.java.patch from bundle /home/ikuku/.gradle/caches/minecraft/net/minecraftforge/forge/1.12.2-14.23.5.2847/unpacked/patches.zip
Applying patch /home/ikuku/desktop/PeerCraft/peercraft-forge-1122/build/tmp/.cache/expanded/zip_831d8b75dfabe895c7da898525cf5213/net/minecraft/world/biome/BiomeProvider.java.patch from bundle /home/ikuku/.gradle/caches/minecraft/net/minecraftforge/forge/1.12.2-14.23.5.2847/unpacked/patches.zip
Applying patch /home/ikuku/desktop/PeerCraft/peercraft-forge-1122/build/tmp/.cache/expanded/zip_831d8b75dfabe895c7da898525cf5213/net/minecraft/world/biome/BiomeSavanna.java.patch from bundle /home/ikuku/.gradle/caches/minecraft/net/minecraftforge/forge/1.12.2-14.23.5.2847/unpacked/patches.zip
Applying patch /home/ikuku/desktop/PeerCraft/peercraft-forge-1122/build/tmp/.cache/expanded/zip_831d8b75dfabe895c7da898525cf5213/net/minecraft/world/biome/BiomeSnow.java.patch from bundle /home/ikuku/.gradle/caches/minecraft/net/minecraftforge/forge/1.12.2-14.23.5.2847/unpacked/patches.zip
Applying patch /home/ikuku/desktop/PeerCraft/peercraft-forge-1122/build/tmp/.cache/expanded/zip_831d8b75dfabe895c7da898525cf5213/net/minecraft/world/biome/BiomeSwamp.java.patch from bundle /home/ikuku/.gradle/caches/minecraft/net/minecraftforge/forge/1.12.2-14.23.5.2847/unpacked/patches.zip
Applying patch /home/ikuku/desktop/PeerCraft/peercraft-forge-1122/build/tmp/.cache/expanded/zip_831d8b75dfabe895c7da898525cf5213/net/minecraft/world/biome/BiomeTaiga.java.patch from bundle /home/ikuku/.gradle/caches/minecraft/net/minecraftforge/forge/1.12.2-14.23.5.2847/unpacked/patches.zip
Applying patch /home/ikuku/desktop/PeerCraft/peercraft-forge-1122/build/tmp/.cache/expanded/zip_831d8b75dfabe895c7da898525cf5213/net/minecraft/world/border/WorldBorder.java.patch from bundle /home/ikuku/.gradle/caches/minecraft/net/minecraftforge/forge/1.12.2-14.23.5.2847/unpacked/patches.zip
Applying patch /home/ikuku/desktop/PeerCraft/peercraft-forge-1122/build/tmp/.cache/expanded/zip_831d8b75dfabe895c7da898525cf5213/net/minecraft/world/chunk/BlockStateContainer.java.patch from bundle /home/ikuku/.gradle/caches/minecraft/net/minecraftforge/forge/1.12.2-14.23.5.2847/unpacked/patches.zip
Applying patch /home/ikuku/desktop/PeerCraft/peercraft-forge-1122/build/tmp/.cache/expanded/zip_831d8b75dfabe895c7da898525cf5213/net/minecraft/world/chunk/Chunk.java.patch from bundle /home/ikuku/.gradle/caches/minecraft/net/minecraftforge/forge/1.12.2-14.23.5.2847/unpacked/patches.zip
Applying patch /home/ikuku/desktop/PeerCraft/peercraft-forge-1122/build/tmp/.cache/expanded/zip_831d8b75dfabe895c7da898525cf5213/net/minecraft/world/chunk/storage/AnvilChunkLoader.java.patch from bundle /home/ikuku/.gradle/caches/minecraft/net/minecraftforge/forge/1.12.2-14.23.5.2847/unpacked/patches.zip
Applying patch /home/ikuku/desktop/PeerCraft/peercraft-forge-1122/build/tmp/.cache/expanded/zip_831d8b75dfabe895c7da898525cf5213/net/minecraft/world/chunk/storage/AnvilSaveHandler.java.patch from bundle /home/ikuku/.gradle/caches/minecraft/net/minecraftforge/forge/1.12.2-14.23.5.2847/unpacked/patches.zip
Applying patch /home/ikuku/desktop/PeerCraft/peercraft-forge-1122/build/tmp/.cache/expanded/zip_831d8b75dfabe895c7da898525cf5213/net/minecraft/world/chunk/storage/ExtendedBlockStorage.java.patch from bundle /home/ikuku/.gradle/caches/minecraft/net/minecraftforge/forge/1.12.2-14.23.5.2847/unpacked/patches.zip
Applying patch /home/ikuku/desktop/PeerCraft/peercraft-forge-1122/build/tmp/.cache/expanded/zip_831d8b75dfabe895c7da898525cf5213/net/minecraft/world/chunk/storage/RegionFile.java.patch from bundle /home/ikuku/.gradle/caches/minecraft/net/minecraftforge/forge/1.12.2-14.23.5.2847/unpacked/patches.zip
Applying patch /home/ikuku/desktop/PeerCraft/peercraft-forge-1122/build/tmp/.cache/expanded/zip_831d8b75dfabe895c7da898525cf5213/net/minecraft/world/end/DragonFightManager.java.patch from bundle /home/ikuku/.gradle/caches/minecraft/net/minecraftforge/forge/1.12.2-14.23.5.2847/unpacked/patches.zip
Applying patch /home/ikuku/desktop/PeerCraft/peercraft-forge-1122/build/tmp/.cache/expanded/zip_831d8b75dfabe895c7da898525cf5213/net/minecraft/world/gen/ChunkGeneratorEnd.java.patch from bundle /home/ikuku/.gradle/caches/minecraft/net/minecraftforge/forge/1.12.2-14.23.5.2847/unpacked/patches.zip
Applying patch /home/ikuku/desktop/PeerCraft/peercraft-forge-1122/build/tmp/.cache/expanded/zip_831d8b75dfabe895c7da898525cf5213/net/minecraft/world/gen/ChunkGeneratorFlat.java.patch from bundle /home/ikuku/.gradle/caches/minecraft/net/minecraftforge/forge/1.12.2-14.23.5.2847/unpacked/patches.zip
Applying patch /home/ikuku/desktop/PeerCraft/peercraft-forge-1122/build/tmp/.cache/expanded/zip_831d8b75dfabe895c7da898525cf5213/net/minecraft/world/gen/ChunkGeneratorHell.java.patch from bundle /home/ikuku/.gradle/caches/minecraft/net/minecraftforge/forge/1.12.2-14.23.5.2847/unpacked/patches.zip
Applying patch /home/ikuku/desktop/PeerCraft/peercraft-forge-1122/build/tmp/.cache/expanded/zip_831d8b75dfabe895c7da898525cf5213/net/minecraft/world/gen/ChunkGeneratorOverworld.java.patch from bundle /home/ikuku/.gradle/caches/minecraft/net/minecraftforge/forge/1.12.2-14.23.5.2847/unpacked/patches.zip
Applying patch /home/ikuku/desktop/PeerCraft/peercraft-forge-1122/build/tmp/.cache/expanded/zip_831d8b75dfabe895c7da898525cf5213/net/minecraft/world/gen/ChunkProviderServer.java.patch from bundle /home/ikuku/.gradle/caches/minecraft/net/minecraftforge/forge/1.12.2-14.23.5.2847/unpacked/patches.zip
Applying patch /home/ikuku/desktop/PeerCraft/peercraft-forge-1122/build/tmp/.cache/expanded/zip_831d8b75dfabe895c7da898525cf5213/net/minecraft/world/gen/MapGenCaves.java.patch from bundle /home/ikuku/.gradle/caches/minecraft/net/minecraftforge/forge/1.12.2-14.23.5.2847/unpacked/patches.zip
Applying patch /home/ikuku/desktop/PeerCraft/peercraft-forge-1122/build/tmp/.cache/expanded/zip_831d8b75dfabe895c7da898525cf5213/net/minecraft/world/gen/MapGenRavine.java.patch from bundle /home/ikuku/.gradle/caches/minecraft/net/minecraftforge/forge/1.12.2-14.23.5.2847/unpacked/patches.zip
Applying patch /home/ikuku/desktop/PeerCraft/peercraft-forge-1122/build/tmp/.cache/expanded/zip_831d8b75dfabe895c7da898525cf5213/net/minecraft/world/gen/feature/WorldGenAbstractTree.java.patch from bundle /home/ikuku/.gradle/caches/minecraft/net/minecraftforge/forge/1.12.2-14.23.5.2847/unpacked/patches.zip
Applying patch /home/ikuku/desktop/PeerCraft/peercraft-forge-1122/build/tmp/.cache/expanded/zip_831d8b75dfabe895c7da898525cf5213/net/minecraft/world/gen/feature/WorldGenBigMushroom.java.patch from bundle /home/ikuku/.gradle/caches/minecraft/net/minecraftforge/forge/1.12.2-14.23.5.2847/unpacked/patches.zip
Applying patch /home/ikuku/desktop/PeerCraft/peercraft-forge-1122/build/tmp/.cache/expanded/zip_831d8b75dfabe895c7da898525cf5213/net/minecraft/world/gen/feature/WorldGenBigTree.java.patch from bundle /home/ikuku/.gradle/caches/minecraft/net/minecraftforge/forge/1.12.2-14.23.5.2847/unpacked/patches.zip
Applying patch /home/ikuku/desktop/PeerCraft/peercraft-forge-1122/build/tmp/.cache/expanded/zip_831d8b75dfabe895c7da898525cf5213/net/minecraft/world/gen/feature/WorldGenBirchTree.java.patch from bundle /home/ikuku/.gradle/caches/minecraft/net/minecraftforge/forge/1.12.2-14.23.5.2847/unpacked/patches.zip
Applying patch /home/ikuku/desktop/PeerCraft/peercraft-forge-1122/build/tmp/.cache/expanded/zip_831d8b75dfabe895c7da898525cf5213/net/minecraft/world/gen/feature/WorldGenBush.java.patch from bundle /home/ikuku/.gradle/caches/minecraft/net/minecraftforge/forge/1.12.2-14.23.5.2847/unpacked/patches.zip
Applying patch /home/ikuku/desktop/PeerCraft/peercraft-forge-1122/build/tmp/.cache/expanded/zip_831d8b75dfabe895c7da898525cf5213/net/minecraft/world/gen/feature/WorldGenCanopyTree.java.patch from bundle /home/ikuku/.gradle/caches/minecraft/net/minecraftforge/forge/1.12.2-14.23.5.2847/unpacked/patches.zip
Applying patch /home/ikuku/desktop/PeerCraft/peercraft-forge-1122/build/tmp/.cache/expanded/zip_831d8b75dfabe895c7da898525cf5213/net/minecraft/world/gen/feature/WorldGenDeadBush.java.patch from bundle /home/ikuku/.gradle/caches/minecraft/net/minecraftforge/forge/1.12.2-14.23.5.2847/unpacked/patches.zip
Applying patch /home/ikuku/desktop/PeerCraft/peercraft-forge-1122/build/tmp/.cache/expanded/zip_831d8b75dfabe895c7da898525cf5213/net/minecraft/world/gen/feature/WorldGenDungeons.java.patch from bundle /home/ikuku/.gradle/caches/minecraft/net/minecraftforge/forge/1.12.2-14.23.5.2847/unpacked/patches.zip
Applying patch /home/ikuku/desktop/PeerCraft/peercraft-forge-1122/build/tmp/.cache/expanded/zip_831d8b75dfabe895c7da898525cf5213/net/minecraft/world/gen/feature/WorldGenGlowStone1.java.patch from bundle /home/ikuku/.gradle/caches/minecraft/net/minecraftforge/forge/1.12.2-14.23.5.2847/unpacked/patches.zip
Applying patch /home/ikuku/desktop/PeerCraft/peercraft-forge-1122/build/tmp/.cache/expanded/zip_831d8b75dfabe895c7da898525cf5213/net/minecraft/world/gen/feature/WorldGenGlowStone2.java.patch from bundle /home/ikuku/.gradle/caches/minecraft/net/minecraftforge/forge/1.12.2-14.23.5.2847/unpacked/patches.zip
Applying patch /home/ikuku/desktop/PeerCraft/peercraft-forge-1122/build/tmp/.cache/expanded/zip_831d8b75dfabe895c7da898525cf5213/net/minecraft/world/gen/feature/WorldGenHellLava.java.patch from bundle /home/ikuku/.gradle/caches/minecraft/net/minecraftforge/forge/1.12.2-14.23.5.2847/unpacked/patches.zip
Applying patch /home/ikuku/desktop/PeerCraft/peercraft-forge-1122/build/tmp/.cache/expanded/zip_831d8b75dfabe895c7da898525cf5213/net/minecraft/world/gen/feature/WorldGenHugeTrees.java.patch from bundle /home/ikuku/.gradle/caches/minecraft/net/minecraftforge/forge/1.12.2-14.23.5.2847/unpacked/patches.zip
Applying patch /home/ikuku/desktop/PeerCraft/peercraft-forge-1122/build/tmp/.cache/expanded/zip_831d8b75dfabe895c7da898525cf5213/net/minecraft/world/gen/feature/WorldGenIceSpike.java.patch from bundle /home/ikuku/.gradle/caches/minecraft/net/minecraftforge/forge/1.12.2-14.23.5.2847/unpacked/patches.zip
Applying patch /home/ikuku/desktop/PeerCraft/peercraft-forge-1122/build/tmp/.cache/expanded/zip_831d8b75dfabe895c7da898525cf5213/net/minecraft/world/gen/feature/WorldGenLakes.java.patch from bundle /home/ikuku/.gradle/caches/minecraft/net/minecraftforge/forge/1.12.2-14.23.5.2847/unpacked/patches.zip
Applying patch /home/ikuku/desktop/PeerCraft/peercraft-forge-1122/build/tmp/.cache/expanded/zip_831d8b75dfabe895c7da898525cf5213/net/minecraft/world/gen/feature/WorldGenLiquids.java.patch from bundle /home/ikuku/.gradle/caches/minecraft/net/minecraftforge/forge/1.12.2-14.23.5.2847/unpacked/patches.zip
Applying patch /home/ikuku/desktop/PeerCraft/peercraft-forge-1122/build/tmp/.cache/expanded/zip_831d8b75dfabe895c7da898525cf5213/net/minecraft/world/gen/feature/WorldGenMegaJungle.java.patch from bundle /home/ikuku/.gradle/caches/minecraft/net/minecraftforge/forge/1.12.2-14.23.5.2847/unpacked/patches.zip
Applying patch /home/ikuku/desktop/PeerCraft/peercraft-forge-1122/build/tmp/.cache/expanded/zip_831d8b75dfabe895c7da898525cf5213/net/minecraft/world/gen/feature/WorldGenMegaPineTree.java.patch from bundle /home/ikuku/.gradle/caches/minecraft/net/minecraftforge/forge/1.12.2-14.23.5.2847/unpacked/patches.zip
Applying patch /home/ikuku/desktop/PeerCraft/peercraft-forge-1122/build/tmp/.cache/expanded/zip_831d8b75dfabe895c7da898525cf5213/net/minecraft/world/gen/feature/WorldGenMinable.java.patch from bundle /home/ikuku/.gradle/caches/minecraft/net/minecraftforge/forge/1.12.2-14.23.5.2847/unpacked/patches.zip
Applying patch /home/ikuku/desktop/PeerCraft/peercraft-forge-1122/build/tmp/.cache/expanded/zip_831d8b75dfabe895c7da898525cf5213/net/minecraft/world/gen/feature/WorldGenSavannaTree.java.patch from bundle /home/ikuku/.gradle/caches/minecraft/net/minecraftforge/forge/1.12.2-14.23.5.2847/unpacked/patches.zip
Applying patch /home/ikuku/desktop/PeerCraft/peercraft-forge-1122/build/tmp/.cache/expanded/zip_831d8b75dfabe895c7da898525cf5213/net/minecraft/world/gen/feature/WorldGenShrub.java.patch from bundle /home/ikuku/.gradle/caches/minecraft/net/minecraftforge/forge/1.12.2-14.23.5.2847/unpacked/patches.zip
Applying patch /home/ikuku/desktop/PeerCraft/peercraft-forge-1122/build/tmp/.cache/expanded/zip_831d8b75dfabe895c7da898525cf5213/net/minecraft/world/gen/feature/WorldGenSwamp.java.patch from bundle /home/ikuku/.gradle/caches/minecraft/net/minecraftforge/forge/1.12.2-14.23.5.2847/unpacked/patches.zip
Applying patch /home/ikuku/desktop/PeerCraft/peercraft-forge-1122/build/tmp/.cache/expanded/zip_831d8b75dfabe895c7da898525cf5213/net/minecraft/world/gen/feature/WorldGenTaiga1.java.patch from bundle /home/ikuku/.gradle/caches/minecraft/net/minecraftforge/forge/1.12.2-14.23.5.2847/unpacked/patches.zip
Applying patch /home/ikuku/desktop/PeerCraft/peercraft-forge-1122/build/tmp/.cache/expanded/zip_831d8b75dfabe895c7da898525cf5213/net/minecraft/world/gen/feature/WorldGenTaiga2.java.patch from bundle /home/ikuku/.gradle/caches/minecraft/net/minecraftforge/forge/1.12.2-14.23.5.2847/unpacked/patches.zip
Applying patch /home/ikuku/desktop/PeerCraft/peercraft-forge-1122/build/tmp/.cache/expanded/zip_831d8b75dfabe895c7da898525cf5213/net/minecraft/world/gen/feature/WorldGenTallGrass.java.patch from bundle /home/ikuku/.gradle/caches/minecraft/net/minecraftforge/forge/1.12.2-14.23.5.2847/unpacked/patches.zip
Applying patch /home/ikuku/desktop/PeerCraft/peercraft-forge-1122/build/tmp/.cache/expanded/zip_831d8b75dfabe895c7da898525cf5213/net/minecraft/world/gen/feature/WorldGenTrees.java.patch from bundle /home/ikuku/.gradle/caches/minecraft/net/minecraftforge/forge/1.12.2-14.23.5.2847/unpacked/patches.zip
Applying patch /home/ikuku/desktop/PeerCraft/peercraft-forge-1122/build/tmp/.cache/expanded/zip_831d8b75dfabe895c7da898525cf5213/net/minecraft/world/gen/feature/WorldGenerator.java.patch from bundle /home/ikuku/.gradle/caches/minecraft/net/minecraftforge/forge/1.12.2-14.23.5.2847/unpacked/patches.zip
Applying patch /home/ikuku/desktop/PeerCraft/peercraft-forge-1122/build/tmp/.cache/expanded/zip_831d8b75dfabe895c7da898525cf5213/net/minecraft/world/gen/feature/WorldGeneratorBonusChest.java.patch from bundle /home/ikuku/.gradle/caches/minecraft/net/minecraftforge/forge/1.12.2-14.23.5.2847/unpacked/patches.zip
Applying patch /home/ikuku/desktop/PeerCraft/peercraft-forge-1122/build/tmp/.cache/expanded/zip_831d8b75dfabe895c7da898525cf5213/net/minecraft/world/gen/layer/GenLayer.java.patch from bundle /home/ikuku/.gradle/caches/minecraft/net/minecraftforge/forge/1.12.2-14.23.5.2847/unpacked/patches.zip
Applying patch /home/ikuku/desktop/PeerCraft/peercraft-forge-1122/build/tmp/.cache/expanded/zip_831d8b75dfabe895c7da898525cf5213/net/minecraft/world/gen/layer/GenLayerBiome.java.patch from bundle /home/ikuku/.gradle/caches/minecraft/net/minecraftforge/forge/1.12.2-14.23.5.2847/unpacked/patches.zip
Applying patch /home/ikuku/desktop/PeerCraft/peercraft-forge-1122/build/tmp/.cache/expanded/zip_831d8b75dfabe895c7da898525cf5213/net/minecraft/world/gen/structure/MapGenStronghold.java.patch from bundle /home/ikuku/.gradle/caches/minecraft/net/minecraftforge/forge/1.12.2-14.23.5.2847/unpacked/patches.zip
Applying patch /home/ikuku/desktop/PeerCraft/peercraft-forge-1122/build/tmp/.cache/expanded/zip_831d8b75dfabe895c7da898525cf5213/net/minecraft/world/gen/structure/MapGenStructure.java.patch from bundle /home/ikuku/.gradle/caches/minecraft/net/minecraftforge/forge/1.12.2-14.23.5.2847/unpacked/patches.zip
Applying patch /home/ikuku/desktop/PeerCraft/peercraft-forge-1122/build/tmp/.cache/expanded/zip_831d8b75dfabe895c7da898525cf5213/net/minecraft/world/gen/structure/StructureComponent.java.patch from bundle /home/ikuku/.gradle/caches/minecraft/net/minecraftforge/forge/1.12.2-14.23.5.2847/unpacked/patches.zip
Applying patch /home/ikuku/desktop/PeerCraft/peercraft-forge-1122/build/tmp/.cache/expanded/zip_831d8b75dfabe895c7da898525cf5213/net/minecraft/world/gen/structure/StructureStart.java.patch from bundle /home/ikuku/.gradle/caches/minecraft/net/minecraftforge/forge/1.12.2-14.23.5.2847/unpacked/patches.zip
Applying patch /home/ikuku/desktop/PeerCraft/peercraft-forge-1122/build/tmp/.cache/expanded/zip_831d8b75dfabe895c7da898525cf5213/net/minecraft/world/gen/structure/StructureVillagePieces.java.patch from bundle /home/ikuku/.gradle/caches/minecraft/net/minecraftforge/forge/1.12.2-14.23.5.2847/unpacked/patches.zip
Applying patch /home/ikuku/desktop/PeerCraft/peercraft-forge-1122/build/tmp/.cache/expanded/zip_831d8b75dfabe895c7da898525cf5213/net/minecraft/world/gen/structure/template/Template.java.patch from bundle /home/ikuku/.gradle/caches/minecraft/net/minecraftforge/forge/1.12.2-14.23.5.2847/unpacked/patches.zip
Applying patch /home/ikuku/desktop/PeerCraft/peercraft-forge-1122/build/tmp/.cache/expanded/zip_831d8b75dfabe895c7da898525cf5213/net/minecraft/world/storage/DerivedWorldInfo.java.patch from bundle /home/ikuku/.gradle/caches/minecraft/net/minecraftforge/forge/1.12.2-14.23.5.2847/unpacked/patches.zip
Applying patch /home/ikuku/desktop/PeerCraft/peercraft-forge-1122/build/tmp/.cache/expanded/zip_831d8b75dfabe895c7da898525cf5213/net/minecraft/world/storage/MapData.java.patch from bundle /home/ikuku/.gradle/caches/minecraft/net/minecraftforge/forge/1.12.2-14.23.5.2847/unpacked/patches.zip
Applying patch /home/ikuku/desktop/PeerCraft/peercraft-forge-1122/build/tmp/.cache/expanded/zip_831d8b75dfabe895c7da898525cf5213/net/minecraft/world/storage/MapDecoration.java.patch from bundle /home/ikuku/.gradle/caches/minecraft/net/minecraftforge/forge/1.12.2-14.23.5.2847/unpacked/patches.zip
Applying patch /home/ikuku/desktop/PeerCraft/peercraft-forge-1122/build/tmp/.cache/expanded/zip_831d8b75dfabe895c7da898525cf5213/net/minecraft/world/storage/SaveFormatOld.java.patch from bundle /home/ikuku/.gradle/caches/minecraft/net/minecraftforge/forge/1.12.2-14.23.5.2847/unpacked/patches.zip
Applying patch /home/ikuku/desktop/PeerCraft/peercraft-forge-1122/build/tmp/.cache/expanded/zip_831d8b75dfabe895c7da898525cf5213/net/minecraft/world/storage/SaveHandler.java.patch from bundle /home/ikuku/.gradle/caches/minecraft/net/minecraftforge/forge/1.12.2-14.23.5.2847/unpacked/patches.zip
Applying patch /home/ikuku/desktop/PeerCraft/peercraft-forge-1122/build/tmp/.cache/expanded/zip_831d8b75dfabe895c7da898525cf5213/net/minecraft/world/storage/WorldInfo.java.patch from bundle /home/ikuku/.gradle/caches/minecraft/net/minecraftforge/forge/1.12.2-14.23.5.2847/unpacked/patches.zip
Applying patch /home/ikuku/desktop/PeerCraft/peercraft-forge-1122/build/tmp/.cache/expanded/zip_831d8b75dfabe895c7da898525cf5213/net/minecraft/world/storage/WorldSavedData.java.patch from bundle /home/ikuku/.gradle/caches/minecraft/net/minecraftforge/forge/1.12.2-14.23.5.2847/unpacked/patches.zip
Applying patch /home/ikuku/desktop/PeerCraft/peercraft-forge-1122/build/tmp/.cache/expanded/zip_831d8b75dfabe895c7da898525cf5213/net/minecraft/world/storage/loot/LootContext.java.patch from bundle /home/ikuku/.gradle/caches/minecraft/net/minecraftforge/forge/1.12.2-14.23.5.2847/unpacked/patches.zip
Applying patch /home/ikuku/desktop/PeerCraft/peercraft-forge-1122/build/tmp/.cache/expanded/zip_831d8b75dfabe895c7da898525cf5213/net/minecraft/world/storage/loot/LootEntry.java.patch from bundle /home/ikuku/.gradle/caches/minecraft/net/minecraftforge/forge/1.12.2-14.23.5.2847/unpacked/patches.zip
Applying patch /home/ikuku/desktop/PeerCraft/peercraft-forge-1122/build/tmp/.cache/expanded/zip_831d8b75dfabe895c7da898525cf5213/net/minecraft/world/storage/loot/LootEntryEmpty.java.patch from bundle /home/ikuku/.gradle/caches/minecraft/net/minecraftforge/forge/1.12.2-14.23.5.2847/unpacked/patches.zip
Applying patch /home/ikuku/desktop/PeerCraft/peercraft-forge-1122/build/tmp/.cache/expanded/zip_831d8b75dfabe895c7da898525cf5213/net/minecraft/world/storage/loot/LootEntryItem.java.patch from bundle /home/ikuku/.gradle/caches/minecraft/net/minecraftforge/forge/1.12.2-14.23.5.2847/unpacked/patches.zip
Applying patch /home/ikuku/desktop/PeerCraft/peercraft-forge-1122/build/tmp/.cache/expanded/zip_831d8b75dfabe895c7da898525cf5213/net/minecraft/world/storage/loot/LootEntryTable.java.patch from bundle /home/ikuku/.gradle/caches/minecraft/net/minecraftforge/forge/1.12.2-14.23.5.2847/unpacked/patches.zip
Applying patch /home/ikuku/desktop/PeerCraft/peercraft-forge-1122/build/tmp/.cache/expanded/zip_831d8b75dfabe895c7da898525cf5213/net/minecraft/world/storage/loot/LootPool.java.patch from bundle /home/ikuku/.gradle/caches/minecraft/net/minecraftforge/forge/1.12.2-14.23.5.2847/unpacked/patches.zip
Applying patch /home/ikuku/desktop/PeerCraft/peercraft-forge-1122/build/tmp/.cache/expanded/zip_831d8b75dfabe895c7da898525cf5213/net/minecraft/world/storage/loot/LootTable.java.patch from bundle /home/ikuku/.gradle/caches/minecraft/net/minecraftforge/forge/1.12.2-14.23.5.2847/unpacked/patches.zip
Applying patch /home/ikuku/desktop/PeerCraft/peercraft-forge-1122/build/tmp/.cache/expanded/zip_831d8b75dfabe895c7da898525cf5213/net/minecraft/world/storage/loot/LootTableManager.java.patch from bundle /home/ikuku/.gradle/caches/minecraft/net/minecraftforge/forge/1.12.2-14.23.5.2847/unpacked/patches.zip
Applying patch /home/ikuku/desktop/PeerCraft/peercraft-forge-1122/build/tmp/.cache/expanded/zip_831d8b75dfabe895c7da898525cf5213/net/minecraft/world/storage/loot/conditions/LootConditionManager.java.patch from bundle /home/ikuku/.gradle/caches/minecraft/net/minecraftforge/forge/1.12.2-14.23.5.2847/unpacked/patches.zip
Applying patch /home/ikuku/desktop/PeerCraft/peercraft-forge-1122/build/tmp/.cache/expanded/zip_831d8b75dfabe895c7da898525cf5213/net/minecraft/world/storage/loot/conditions/RandomChanceWithLooting.java.patch from bundle /home/ikuku/.gradle/caches/minecraft/net/minecraftforge/forge/1.12.2-14.23.5.2847/unpacked/patches.zip
Applying patch /home/ikuku/desktop/PeerCraft/peercraft-forge-1122/build/tmp/.cache/expanded/zip_831d8b75dfabe895c7da898525cf5213/net/minecraft/world/storage/loot/functions/LootingEnchantBonus.java.patch from bundle /home/ikuku/.gradle/caches/minecraft/net/minecraftforge/forge/1.12.2-14.23.5.2847/unpacked/patches.zip
